Motif	G	A	R	N	D	C	E	Q	H	I	L	K	M	F	P	S	T	W	Y	V
M75	0.2	0.2	-0.1	0.2	0.3	0.2	0.3	0.1	0.3	0.3	0.3	-0.1	0.0	0.3	0.3	0.2	0.3	0.0	0.3	0.3
A76	-0.3	0.0	1.3	-0.2	1.6	1.6	1.4	1.6	-0.4	1.7	-0.4	1.5	1.4	1.0	1.0	0.0	1.7	-0.8	1.1	1.9
L77	-0.2	-0.1	-0.8	-0.3	-0.2	-0.2	0.0	-0.4	-0.2	0.5	0.0	-0.7	-0.2	-0.1	3.9	-0.5	0.0	-0.1	-0.1	0.3
Q78	-0.1	0.1	-0.1	-0.2	-0.1	0.0	0.1	0.0	0.0	0.3	-0.1	-0.1	0.1	0.0	1.3	0.0	0.2	0.3	0.1	0.3
S79	-0.1	0.0	-0.2	-0.1	0.0	0.1	0.1	0.0	0.2	0.0	-0.1	-0.1	0.1	-0.1	0.6	0.0	0.3	0.1	-0.1	0.4
Q80	0.4	0.7	-0.2	0.3	0.5	0.5	0.5	0.0	-0.2	0.2	0.1	-0.3	0.5	0.4	2.7	0.4	0.6	0.6	0.5	0.5
A81	-0.2	0.0	-0.1	-0.3	0.0	0.0	0.1	0.0	0.1	-0.2	-0.3	-0.2	-0.1	-0.1	0.6	0.0	0.3	0.0	0.0	0.2
S82	0.0	0.0	-0.4	-0.1	0.0	0.2	0.2	0.1	0.1	0.1	0.0	-0.2	0.2	-0.2	0.4	0.0	0.2	0.2	-0.2	0.3
E83	0.0	0.1	-0.7	-0.1	-0.2	0.0	0.0	-0.3	-0.1	0.0	-0.2	-0.2	0.0	-0.2	0.8	0.0	0.1	0.1	0.0	0.1
E84	-0.1	0.1	-0.4	-0.2	-0.1	0.1	0.0	-0.3	0.0	0.0	-0.1	-0.1	0.1	-0.1	0.7	0.1	0.2	0.0	-0.1	0.3
A85	0.2	0.0	-0.7	0.0	0.2	0.3	0.2	0.1	0.0	0.8	0.0	-0.2	0.2	-0.2	2.4	0.2	0.5	-0.1	-0.1	0.7
K86	2.7	0.7	0.0	0.1	0.7	0.4	0.8	0.5	0.7	0.9	0.6	0.0	0.5	0.4	4.7	0.4	0.5	0.5	0.5	0.8
G87	0.0	-0.1	-0.2	0.0	0.1	-0.1	-0.2	-0.1	-0.1	-0.1	-0.3	-0.2	-0.4	-0.5	-0.9	0.1	0.0	-0.2	-0.4	0.1
P88	0.2	0.0	-0.1	0.0	0.0	-0.1	-0.7	-0.3	0.1	0.0	0.0	0.0	0.0	-0.1	0.0	0.0	0.0	0.1	0.0	0.1
W89	0.5	0.3	-0.3	0.3	0.5	0.2	0.2	-0.1	0.1	0.0	0.0	-0.2	-0.1	-0.4	3.3	-0.3	-0.4	0.0	-0.3	0.2
Q90	-1.6	0.3	-0.7	0.3	0.6	0.0	0.0	0.0	0.0	1.9	-2.0	-0.3	-0.6	-0.6	4.1	0.1	2.3	-0.9	-0.4	2.3
E91	0.6	0.4	0.0	0.1	0.1	0.2	0.0	0.3	0.3	0.0	0.1	-0.3	0.1	0.1	-0.2	0.4	0.1	0.2	0.1	0.1
A92	-2.1	0.0	-2.3	-2.5	-1.6	-0.4	0.0	-0.5	-1.8	0.7	-0.3	-2.2	-2.4	-1.4	2.0	-2.5	-1.6	1.2	-1.3	-1.3
D93	-1.8	-1.3	-0.5	-0.1	0.0	-0.1	-0.8	-0.7	-0.2	0.4	-0.5	-0.5	-0.8	-0.8	3.1	0.2	0.6	-0.7	-0.7	1.3
Q94	0.2	0.9	-0.5	0.4	0.8	0.4	0.5	0.0	0.2	1.0	-0.1	-0.3	-0.3	-0.1	3.5	0.2	1.7	-0.1	0.0	1.6
E95	-1.4	0.8	0.3	0.6	0.4	0.8	0.0	0.2	0.9	1.3	0.6	0.4	0.1	0.5	2.0	1.0	1.2	0.4	0.6	1.8
Q96	0.3	0.1	0.1	-0.1	0.3	0.3	0.1	0.0	0.2	0.2	0.1	0.1	0.1	-0.9	-0.9	0.2	0.1	0.1	0.1	0.1
Q97	2.7	1.1	0.1	0.7	0.6	0.6	0.9	0.0	0.8	3.0	0.6	1.8	0.2	0.3	3.3	1.0	2.5	0.4	0.3	3.4
E98	0.9	0.6	0.3	0.4	0.4	0.6	0.0	0.5	0.6	0.6	0.2	0.3	0.2	-0.2	-0.6	0.7	0.6	0.1	0.0	0.7
P99	-1.8	-1.6	-2.1	-1.4	-1.1	-1.8	-1.7	-1.9	-1.5	-1.1	-2.0	-2.1	-2.1	-2.1	0.0	-1.7	-0.4	-1.9	-2.1	-0.9
V100	0.1	-0.9	-0.1	0.3	0.5	0.3	0.3	-0.3	0.2	-0.2	0.1	-0.1	-0.1	-1.4	3.2	0.5	0.1	0.0	-1.4	0.0
G101	0.0	0.8	0.0	0.4	0.5	0.4	-0.1	0.0	0.4	0.1	0.0	0.0	-0.3	0.0	2.7	0.6	0.5	-0.3	0.0	0.5
S102	0.9	0.8	-0.7	0.8	0.9	0.5	0.8	0.1	0.9	1.1	0.6	0.5	0.6	0.7	2.7	0.0	0.8	0.9	0.7	1.4
P103	0.1	0.3	0.0	0.4	0.6	0.6	0.4	0.1	0.5	0.7	0.3	0.2	0.4	0.1	0.0	0.2	0.6	0.3	0.2	0.7
E104	0.9	0.7	0.7	0.8	0.9	0.7	0.0	0.3	0.9	1.0	0.6	0.5	0.7	0.4	-0.2	1.0	0.9	0.6	0.4	0.9
P105	0.6	0.5	0.3	0.4	0.7	0.2	0.7	0.4	0.7	0.4	0.3	0.2	0.3	0.1	0.0	0.6	0.4	0.4	0.1	0.5
E106	0.7	0.5	0.6	0.9	0.9	0.8	0.0	0.2	0.8	1.0	0.7	0.7	0.7	0.6	-0.6	0.7	0.7	0.3	0.7	0.8
S107	0.3	0.2	-0.1	-0.1	0.3	0.1	0.4	-0.1	-0.2	0.1	-0.1	-0.1	-0.1	-0.3	-0.3	0.0	0.1	0.1	-0.1	0.2
E108	0.6	0.3	0.1	0.5	0.5	0.5	0.0	0.2	0.3	0.4	0.1	0.0	-0.1	-0.4	-0.4	0.5	0.4	-0.3	-0.3	0.5
P109	0.6	0.7	0.4	0.6	1.1	0.5	0.9	0.6	0.8	0.7	0.5	0.6	0.6	0.3	0.0	0.7	0.6	0.5	0.5	0.9
E110	0.5	0.2	-0.3	0.4	0.4	0.4	0.0	0.2	0.3	0.2	0.1	-0.1	0.0	-0.3	-0.9	0.4	0.4	-0.4	-0.2	0.4
P111	0.8	0.6	0.4	0.6	1.0	0.5	0.9	0.6	0.7	0.7	0.6	0.5	0.6	0.1	0.0	0.7	0.7	0.4	0.3	0.8
E112	0.5	0.3	0.1	0.4	0.4	0.5	0.0	0.3	0.4	0.1	0.2	0.1	0.2	0.1	-0.6	0.4	0.4	0.0	0.1	0.5
P113	0.8	0.6	0.5	0.7	1.1	0.5	1.0	0.7	0.8	0.8	0.6	0.4	0.6	0.1	0.0	0.6	0.8	0.8	0.4	0.8
E114	0.5	0.3	0.1	0.3	0.4	0.5	0.0	0.2	0.2	0.2	0.1	0.0	0.1	-0.3	-0.8	0.4	0.4	0.0	-0.2	0.4
P115	0.8	0.7	0.5	0.7	1.0	0.5	0.9	0.6	0.8	0.7	0.6	0.5	0.5	0.2	0.0	0.7	0.6	0.6	0.4	0.9
E116	0.8	0.6	0.1	0.8	0.7	0.6	0.0	0.3	0.7	0.6	0.5	0.3	0.4	0.1	-0.5	0.7	0.7	0.0	0.2	0.7
P117	0.6	0.5	0.4	0.4	0.4	0.3	0.5	0.2	0.2	0.5	0.3	0.4	0.4	0.2	0.0	0.2	0.4	0.3	0.3	0.4
V118	0.0	-0.2	-0.7	-0.1	-0.1	0.0	-0.6	-0.5	-0.6	-0.1	-0.4	-0.6	-0.3	-0.7	-1.7	0.0	0.0	-0.9	-0.7	0.0
P119	0.6	0.5	-0.4	0.3	0.2	0.4	0.0	-0.2	0.0	0.5	0.0	-0.2	-0.1	-0.5	0.0	0.5	0.3	-0.4	-0.3	0.4
V120	0.3	0.1	-0.9	-0.3	0.0	-0.2	-0.5	-0.7	-0.8	-0.1	-0.3	-0.4	-0.6	-1.0	-1.5	-0.2	-0.2	-0.8	-0.8	0.0
P121	0.9	0.7	-0.2	0.7	0.8	1.0	0.2	0.6	0.7	0.8	0.7	0.6	0.6	0.6	0.0	0.7	1.1	0.6	0.8	1.1
P122	1.0	0.9	0.2	1.0	1.0	1.0	0.3	0.7	0.8	0.7	0.7	0.7	0.3	0.4	0.0	1.0	1.0	0.5	0.4	1.0
P123	1.0	0.8	0.8	1.0	1.0	0.7	0.9	0.9	0.9	0.8	0.6	0.6	0.4	0.3	0.0	1.0	0.9	0.8	0.5	0.9
E124	0.9	0.7	0.5	0.9	0.7	1.0	0.0	0.4	0.8	0.6	0.5	0.5	0.7	0.3	-0.4	0.8	0.9	0.4	0.4	0.9
P125	0.6	0.5	0.5	0.3	0.5	0.3	0.7	0.1	0.3	0.5	0.2	0.3	0.2	0.0	0.0	0.3	0.5	0.3	0.2	0.5
Q126	0.3	0.1	-0.6	0.3	0.3	0.4	-0.2	0.0	0.3	0.2	0.0	0.0	-0.3	-0.1	-1.4	0.2	0.3	-0.1	-0.1	0.3
P127	0.8	0.6	0.5	0.8	0.8	0.5	0.7	0.8	0.7	0.8	0.5	0.5	0.4	0.4	0.0	0.7	0.7	0.8	0.6	0.8
E128	0.9	0.6	0.6	0.8	0.7	0.8	0.0	0.4	0.8	0.7	0.4	0.4	0.3	0.1	-0.5	0.8	0.8	0.3	0.2	0.8
P129	0.6	0.5	0.2	0.2	0.4	0.4	0.5	0.2	0.2	0.6	0.4	0.4	0.6	0.2	0.0	0.3	0.2	0.2	0.4	0.4
Q130	0.5	0.3	0.0	0.4	0.4	0.3	-0.1	0.0	0.0	0.4	0.1	0.0	0.2	-0.2	-1.2	0.2	0.5	-0.4	-0.1	0.6
P131	0.9	0.7	0.3	0.3	0.9	0.5	0.6	0.4	0.1	0.8	0.5	0.7	0.8	0.7	0.0	0.3	0.2	-0.2	-0.5	0.8
L132	0.4	0.2	-0.5	0.1	0.3	0.2	-0.2	0.1	-0.1	0.3	0.0	0.0	-0.1	-0.4	-0.7	0.3	0.3	-0.3	-0.3	0.3
P133	1.0	0.8	0.5	1.1	1.0	0.9	0.3	0.6	0.7	1.0	0.9	0.6	0.9	0.6	0.0	0.7	0.7	0.7	0.6	1.0
D134	0.2	0.1	-0.6	0.2	0.0	-0.1	-0.8	-0.4	-0.4	0.1	-0.1	-0.3	-0.4	-0.7	-1.0	-0.1	0.0	-0.2	-0.4	0.1
P135	0.6	0.4	0.1	0.2	0.4	0.2	-0.1	0.2	-0.1	0.4	0.1	0.2	0.1	-0.5	0.0	0.2	0.1	0.1	-0.2	0.4
A136	0.1	0.0	-0.6	0.2	0.1	0.2	-0.6	-0.3	0.1	0.0	0.1	-0.3	-0.1	-0.5	-1.3	0.1	0.3	-0.1	-0.5	0.3
P137	0.4	0.3	0.2	0.0	0.4	0.2	-0.3	-0.3	0.1	0.2	0.1	0.2	0.2	0.0	0.0	0.4	0.1	0.2	-0.7	0.3
L138	0.3	0.1	-0.5	0.1	0.2	0.2	-0.1	-0.2	0.1	0.3	0.0	-0.1	-0.2	0.1	-1.2	0.2	0.4	0.0	0.1	0.4
P139	0.7	0.6	0.3	1.0	1.0	0.5	0.6	0.5	0.9	0.6	-0.2	0.1	0.1	0.5	0.0	0.7	0.6	0.5	0.6	0.8
E140	0.9	0.8	0.7	0.7	0.6	0.8	0.0	0.3	0.8	0.8	0.7	0.6	0.8	0.6	-0.1	0.8	0.7	0.3	0.7	0.7
L141	0.9	0.4	-0.1	0.3	0.6	0.1	0.4	0.0	0.3	-0.1	0.0	0.0	-0.1	-0.2	2.7	0.2	0.2	-0.4	-0.2	0.2
E142	0.6	0.4	0.5	0.7	0.7	0.6	0.0	0.3	0.6	0.7	0.6	0.3	0.6	0.3	-0.3	0.6	0.6	0.5	0.4	0.6
F143	0.1	0.1	0.0	-0.1	-0.2	0.0	0.0	0.1	0.2	-0.1	0.0	-0.1	0.0	0.0	-0.4	0.4	0.0	-0.1	0.0	0.0
E144	0.7	0.5	0.2	0.4	0.5	0.3	0.0	0.1	0.4	0.1	0.1	0.1	0.2	-0.1	1.0	0.5	0.2	0.2	0.0	0.3
S145	-0.2	-0.2	-0.2	-0.3	-0.4	-0.2	-0.2	-0.2	0.0	0.0	-0.1	-0.3	-0.2	-0.2	-0.3	0.0	-0.1	-0.2	-0.1	0.0
E146	0.9	0.7	0.7	0.6	0.3	0.5	0.1	0.4	0.5	0.7	0.6	0.7	0.6	0.3	1.3	0.6	0.5	0.6	0.5	0.8
R147	0.2	0.1	0.1	0.3	0.4	0.4	0.3	0.4	0.4	0.6	0.3	0.2	0.2	0.1	0.0	0.3	0.4	0.1	0.1	0.5
V148	-0.2	-0.1	-0.3	-0.1	-1.8	-1.9	-0.7	-1.9	-0.1	-0.1	-0.1	-0.1	-0.3	-0.6	-2.3	-1.7	-0.1	-0.5	-0.4	0.0
H149	0.5	0.4	0.3	0.0	0.6	-0.2	0.7	0.4	0.0	-0.2	0.0	-0.1	-0.2	-0.2	0.3	0.3	-0.1	0.3	-1.3	0.3
E150	0.3	0.2	0.1	0.3	0.1	0.3	0.0	0.2	0.3	0.1	0.1	0.1	-0.3	0.0	-1.0	0.3	0.3	0.1	0.0	0.4
P151	0.8	0.7	0.7	0.5	0.4	0.5	0.6	0.5	0.7	0.4	0.5	0.5	0.6	0.5	0.0	0.5	0.4	0.5	0.6	0.5
E152	1.0	0.8	0.6	1.1	0.8	1.1	0.0	0.5	0.6	0.8	0.8	0.7	0.5	0.4	-0.7	1.0	1.0	0.5	0.5	1.0
P153	0.6	0.4	0.5	0.4	0.3	0.1	0.4	0.2	0.2	0.3	0.3	0.3	0.4	0.4	0.0	0.1	0.3	0.3	0.3	0.4
T154	-0.1	-0.2	-0.9	-0.1	-0.1	-0.2	-0.9	-0.5	-0.1	0.2	-0.3	-0.7	-0.2	-0.5	-2.0	0.1	0.0	1.1	-0.4	0.1
P155	0.2	0.4	0.2	0.2	0.1	0.2	-0.5	0.0	0.4	0.4	0.4	0.1	0.4	0.6	0.0	0.4	0.3	0.4	0.6	0.4
T156	0.1	0.1	-0.1	-0.3	-0.1	-0.2	0.1	-0.3	-0.2	0.0	0.1	0.0	0.1	-0.1	-0.1	-0.1	0.0	0.0	-0.1	0.1
V157	1.4	-0.3	-0.3	-0.4	-0.4	-0.1	-0.6	1.2	1.5	0.0	1.4	-0.1	1.3	-0.4	-0.5	0.0	-0.1	1.4	-0.4	0.0
E158	0.0	-1.5	-1.5	-1.3	-1.6	0.2	0.0	-1.4	0.4	-1.4	-1.5	-1.4	-1.7	0.0	-2.0	0.3	-1.5	-1.6	0.1	-1.3
T159	-0.1	0.2	0.0	-0.3	-0.2	2.1	-0.1	0.1	0.0	0.4	0.1	-0.1	0.1	-0.1	0.0	0.2	0.0	0.0	-0.1	0.3
R160	1.9	0.3	0.0	-0.1	0.1	0.3	0.0	0.2	2.1	0.2	-0.1	0.0	1.9	0.0	-0.4	0.4	0.3	2.0	0.1	0.4
G161	0.0	3.5	3.0	3.5	3.5	3.5	3.5	2.9	3.6	4.9	3.5	3.1	3.3	3.4	8.4	3.6	5.0	3.4	3.4	5.0
T162	0.4	0.2	0.0	0.1	0.0	0.1	0.1	-0.1	0.0	0.0	0.1	0.0	0.2	0.0	0.9	0.3	0.0	0.1	0.0	0.1
A163	0.2	0.0	-0.2	0.2	0.2	-0.1	-0.5	-0.2	0.3	0.7	0.1	-0.2	-0.1	-0.3	-0.5	0.4	0.4	1.6	-0.1	0.5
R164	2.2	0.3	0.0	-0.2	0.1	0.5	-0.2	0.1	2.0	0.6	0.2	0.1	2.2	0.3	0.0	0.5	0.5	2.0	0.3	0.6
G165	0.1	0.0	-1.0	-0.2	0.0	0.1	-0.6	-0.3	-0.4	0.3	0.0	-0.4	-0.1	-0.4	-0.8	0.1	0.0	-0.8	-0.2	0.1
F166	2.8	2.3	1.9	2.3	2.3	2.1	1.7	1.8	2.2	1.5	0.8	1.7	0.3	0.0	1.9	2.5	2.1	1.2	0.5	2.0
Q167	1.1	0.8	0.1	0.2	0.6	0.5	0.7	0.0	0.2	0.4	0.1	0.2	-0.6	-0.4	0.3	0.6	0.5	-0.6	-0.5	0.6
P168	3.1	1.9	2.1	3.2	4.7	2.2	3.0	1.7	3.2	2.1	2.8	2.8	2.3	4.6	0.1	2.3	2.6	5.6	2.7	0.4
P169	2.9	2.3	1.9	2.7	2.4	2.1	2.0	2.1	2.4	1.2	1.6	1.6	0.8	1.5	0.0	2.6	2.7	0.9	1.6	2.1
E170	3.3	3.2	2.6	1.9	3.0	2.8	0.0	2.1	1.3	4.8	1.8	3.4	1.4	0.7	7.5	2.9	3.8	2.2	1.5	3.2
G171	0.1	3.2	3.6	2.1	-0.5	2.9	2.7	3.2	4.5	5.5	4.3	3.5	3.4	6.4	6.2	1.6	3.6	6.1	4.9	4.9
G172	0.0	2.5	1.5	2.0	1.6	2.3	2.2	2.2	1.9	2.4	2.0	1.0	1.8	1.6	3.5	2.0	2.3	2.0	2.1	2.6
F173	2.1	1.6	0.9	1.8	1.7	1.8	0.5	1.0	1.7	0.6	0.6	0.9	0.2	0.0	-0.1	1.8	2.0	0.1	-0.5	1.5
G174	0.2	2.6	13.8	11.9	10.7	5.2	13.3	14.3	57.8	15.6	12.6	12.5	9.1	28.3	4.1	4.9	10.1	34.8	33.9	12.0
W175	3.4	2.4	2.0	2.9	2.8	2.9	2.3	2.0	2.8	2.0	1.3	1.8	0.9	1.7	2.2	2.4	2.3	0.0	1.5	2.8
V176	1.5	0.2	-0.3	0.1	0.7	0.7	-0.1	-0.1	0.4	-0.7	-0.9	-0.4	-1.6	-0.8	-1.5	0.5	0.5	-0.3	-0.7	0.1
V177	4.1	2.1	9.8	2.0	4.1	2.3	4.9	3.9	12.0	0.5	1.2	3.6	0.0	13.8	2.6	2.9	2.1	36.4	20.9	0.0
V178	4.2	2.4	1.9	1.7	3.8	2.3	2.1	1.7	24.9	0.7	-0.2	2.2	0.3	2.9	5.9	4.0	2.2	5.3	7.9	0.1
F179	1.6	0.8	0.1	0.9	1.2	1.5	0.8	0.4	1.1	0.4	0.3	0.4	-0.4	0.1	3.9	0.8	1.5	-0.7	0.1	1.1
A180	2.1	0.1	4.1	4.1	5.3	0.0	6.7	5.7	5.5	1.3	3.6	3.4	3.5	6.4	4.0	1.1	1.3	7.5	7.2	1.1
A181	1.8	0.0	12.2	5.7	7.3	0.2	7.6	7.1	19.1	1.0	6.6	9.6	4.1	11.3	6.2	0.6	1.5	17.7	13.5	0.2
T182	0.8	-0.6	-1.3	0.9	1.4	0.0	-0.5	-1.2	1.4	-1.7	-2.0	-1.2	-1.9	0.3	4.9	-0.2	0.2	-0.1	0.6	-0.6
W183	4.8	3.2	2.7	3.1	4.1	3.5	3.0	2.9	2.1	1.1	1.4	2.4	0.9	0.4	6.7	4.0	3.3	0.0	0.7	1.7
C184	1.7	-0.2	9.4	1.6	2.7	0.0	3.8	5.1	5.3	1.8	2.3	6.1	2.3	4.3	6.1	0.8	1.3	16.0	11.7	-0.3
N185	1.2	-0.1	0.7	0.0	0.9	0.0	-0.7	0.0	0.4	-0.1	-1.3	-0.1	-2.2	-0.8	4.5	0.3	-0.3	-1.5	-0.2	-0.5
G186	0.1	3.5	8.2	8.7	9.9	6.6	6.6	6.0	78.8	15.1	10.0	9.1	4.9	22.0	6.9	6.8	10.3	19.5	25.7	10.7
S187	0.7	-1.3	2.0	3.1	2.7	-0.4	1.4	2.8	3.2	0.0	0.1	3.1	0.7	1.9	1.6	0.0	-1.7	3.9	2.5	-1.7
I188	4.9	3.7	8.2	3.2	5.4	4.0	4.4	2.8	3.7	0.0	0.1	3.9	1.7	4.7	6.9	4.9	3.3	13.6	5.6	1.1
F189	3.3	2.4	2.1	1.8	2.4	2.9	2.4	2.0	2.1	1.4	0.7	1.1	-0.1	0.0	5.7	3.6	1.4	-1.0	0.2	2.4
G190	0.0	3.8	37.6	23.4	22.2	12.0	30.3	33.1	65.4	27.8	27.5	34.1	24.3	56.6	8.7	6.6	15.4	65.0	66.9	20.0
I191	5.2	3.5	7.3	3.4	3.5	3.2	2.7	3.9	5.2	0.0	0.0	3.2	0.4	7.0	5.7	4.3	2.4	15.9	9.3	1.1
H192	3.0	1.5	1.5	1.3	3.6	1.3	2.8	1.4	0.0	-0.8	-1.9	1.4	-1.9	-0.8	3.8	2.9	1.7	6.1	2.3	0.4
N193	0.5	-0.4	-0.9	0.1	0.2	0.1	-0.4	-0.3	-0.3	0.1	-1.0	-0.8	-1.2	-1.4	2.1	0.0	0.0	-0.8	-1.1	0.4
S194	1.0	-0.3	6.5	4.7	5.1	1.0	11.3	4.4	27.3	4.7	8.0	4.5	5.0	23.3	2.6	0.0	1.4	39.3	29.6	3.2
V195	1.4	0.3	-0.3	0.2	0.8	0.3	0.5	-0.1	0.9	-0.6	-1.0	-0.1	-1.8	0.5	2.7	0.4	0.2	-0.6	0.4	0.0
G196	0.0	-0.6	-1.0	-0.5	-1.8	-0.1	-1.4	-1.1	-0.1	-0.8	-1.1	-1.1	-1.4	-0.6	-2.3	-0.2	-0.3	-0.9	-0.5	-0.5
I197	3.5	2.1	1.5	2.6	2.9	2.2	1.2	1.7	2.0	0.0	0.4	0.9	-0.1	0.8	1.2	2.4	2.1	1.9	1.1	1.1
L198	5.3	3.8	4.7	4.1	4.5	3.7	2.5	2.6	3.7	0.2	0.0	3.3	-0.1	2.0	3.9	4.2	2.8	4.4	5.5	1.6
Y199	3.8	2.8	2.7	3.6	4.1	3.1	2.6	2.7	2.9	1.4	0.9	2.1	1.1	0.7	7.1	3.0	3.1	1.6	0.0	2.4
S200	1.0	0.0	-0.4	0.0	0.3	0.5	-0.2	-0.2	0.0	-0.8	-0.7	-0.4	-0.9	-0.8	1.8	0.0	0.4	-0.6	-0.6	-0.1
M201	4.5	3.0	2.6	3.9	4.6	3.4	3.8	2.6	3.2	1.0	0.9	1.1	0.0	0.7	5.3	3.7	2.9	2.2	1.7	2.5
L202	3.9	2.5	1.6	2.5	3.2	2.4	3.1	2.0	4.0	1.4	0.1	2.5	0.0	5.8	6.8	3.0	2.8	5.4	6.8	2.6
L203	4.1	2.6	2.8	2.9	4.5	1.9	3.7	3.1	13.7	1.0	0.0	2.8	0.0	16.2	6.5	3.2	2.9	15.0	15.5	1.9
E204	0.5	0.0	-0.3	0.2	0.4	0.6	0.0	-0.3	0.3	-0.2	-0.2	-0.2	-0.4	-0.4	3.2	-0.2	0.2	-0.4	-0.3	0.3
E205	0.9	-0.2	0.0	-0.5	0.7	0.4	-0.3	-0.4	-0.4	-0.4	-1.1	-0.2	-1.0	-0.3	2.4	0.1	-0.1	-0.1	0.3	0.1
E206	1.0	-0.4	-0.3	-0.4	0.7	-0.6	0.0	-0.9	-1.2	-0.3	-3.6	-0.6	-3.0	-1.2	2.6	-0.5	-0.2	-1.2	1.8	0.2
K207	1.1	0.9	0.5	0.8	3.0	1.0	1.9	0.9	0.4	1.1	-0.6	0.0	-0.6	-0.6	4.0	1.1	1.7	1.1	-0.1	1.6
E208	0.0	-0.4	-1.1	-0.6	0.2	-0.4	0.0	-0.9	-0.5	-0.2	-0.5	-1.0	-0.5	-0.3	-0.4	-0.5	0.0	-0.3	-0.3	0.1
K209	2.3	2.1	0.9	2.1	2.1	3.5	2.2	0.9	1.0	1.7	1.6	0.0	3.3	1.5	4.2	2.0	1.7	2.1	1.4	2.0
N210	0.3	-0.2	-1.0	0.0	-0.3	-0.5	-0.2	-1.3	0.1	-1.0	-1.5	-1.4	-1.8	0.0	3.3	-0.1	-0.4	0.1	-0.3	-0.8
R211	0.6	0.7	0.0	0.7	0.7	0.6	0.8	0.6	0.8	0.8	0.6	0.1	0.5	0.4	-0.1	0.6	1.0	0.5	0.5	1.0
Q212	-0.1	0.3	-0.1	-0.1	-0.2	0.1	0.0	0.0	0.1	0.0	-0.1	-0.1	-0.2	-0.4	0.3	0.3	0.2	-0.5	-0.3	0.3
V213	1.7	1.6	1.6	0.9	2.4	0.9	2.6	1.0	2.5	-0.5	0.8	1.2	0.1	-0.7	2.5	1.7	1.2	3.3	-0.2	0.1
E214	1.4	0.7	0.2	1.5	0.0	1.2	0.0	0.1	2.0	0.2	-0.2	0.3	0.2	0.9	-0.3	1.2	0.7	1.4	0.9	0.6
F215	-0.1	-0.4	0.0	-0.1	-0.8	-0.1	-1.1	-0.6	0.1	-0.4	-0.4	-0.3	-0.6	0.0	-1.1	-0.2	-0.2	-0.1	0.0	-0.1
Q216	0.8	-0.5	-0.7	0.5	-0.7	-0.2	-0.6	0.1	0.7	-0.5	-1.9	-1.2	-1.8	-0.3	-1.6	0.4	0.3	-0.4	-0.2	0.3
A217	2.3	0.1	12.2	1.2	5.6	0.8	9.4	7.0	56.3	-0.4	-0.9	4.3	3.6	7.9	3.7	2.3	1.0	14.5	17.2	1.0
A218	0.7	0.0	-0.2	-0.5	-0.1	0.4	-0.5	-0.7	-0.4	0.1	-0.7	-0.4	-1.4	-0.5	6.6	0.0	0.5	-0.6	-0.3	0.8
W219	-0.4	0.2	0.1	0.5	0.2	0.6	0.0	0.0	0.9	-0.1	-0.5	0.0	-0.5	-0.3	1.4	1.1	1.3	0.0	-0.2	0.3
V220	3.1	1.5	2.9	2.2	2.3	2.1	1.6	1.4	9.7	-0.5	0.0	1.9	-1.7	1.6	0.9	1.8	0.8	3.0	4.4	0.1
G221	0.1	-0.5	1.0	1.0	1.2	0.3	0.8	-0.4	3.7	-0.9	-2.6	0.4	-3.2	2.6	-1.0	0.1	-0.6	3.9	2.7	-0.1
A222	0.8	0.0	-0.4	0.2	0.0	0.5	-0.4	-0.8	0.0	-0.8	-1.1	-0.3	-1.1	-1.0	0.4	0.5	0.3	-1.0	-1.0	-0.1
L223	3.1	1.9	1.8	2.5	2.4	2.2	1.7	0.9	2.1	0.9	0.0	0.6	0.0	0.6	5.5	2.3	1.7	0.8	0.9	1.4
A224	1.5	0.0	12.9	5.3	2.6	0.7	2.8	3.3	46.5	2.8	4.7	6.2	3.7	20.9	5.5	0.7	1.3	29.4	25.1	2.2
M225	2.8	1.8	0.1	2.0	2.4	2.4	1.6	1.2	1.9	1.1	0.5	-0.2	0.0	-0.1	4.3	1.8	1.7	-0.6	-0.7	2.2
G226	0.0	-1.6	-1.2	-0.7	0.0	-0.9	-1.0	-1.3	-0.6	-2.3	-2.4	-1.9	-3.2	-2.8	0.5	-1.2	-0.1	-2.6	-2.4	-1.2
M227	3.4	2.0	2.0	2.2	3.9	2.4	3.0	2.2	3.1	1.4	0.3	1.9	0.0	1.5	5.2	2.8	2.2	0.6	1.1	2.3
I228	4.4	3.0	5.5	3.5	4.3	2.9	3.0	3.1	13.3	0.0	-0.7	2.0	-0.6	9.4	2.1	3.5	2.0	22.7	14.4	1.2
F229	4.1	3.0	2.7	2.4	4.4	3.0	3.3	2.2	2.5	3.4	0.6	2.4	0.6	0.1	3.2	3.6	3.1	0.2	0.5	2.4
F230	2.0	1.0	0.7	0.8	1.6	1.5	0.9	0.3	1.3	0.0	-0.3	0.3	-0.3	0.0	4.5	1.7	1.8	0.4	0.5	1.0
C231	1.7	0.5	0.1	0.8	1.5	0.0	0.8	0.3	5.3	-0.5	-1.7	-0.2	-1.4	1.2	3.3	1.4	1.9	-1.3	0.2	0.1
S232	0.9	-0.7	7.8	0.0	1.0	-0.7	0.5	0.3	1.5	-0.2	1.1	1.9	-1.6	1.2	6.1	0.0	1.5	10.3	6.3	0.5
P233	3.7	2.6	2.4	3.7	2.1	3.0	2.3	2.2	18.2	1.8	1.7	1.9	1.3	1.6	0.0	3.6	3.1	4.4	1.7	2.7
I234	0.8	0.9	0.7	0.3	0.6	0.5	0.4	-0.7	0.8	0.0	-0.3	-0.3	-0.5	0.4	0.2	0.7	0.3	-0.2	0.6	0.5
V235	3.4	1.6	7.5	3.3	6.0	2.1	11.6	6.4	20.7	1.5	3.7	10.1	6.7	15.5	4.4	2.5	1.9	30.6	22.2	0.0
S236	0.9	-0.6	10.6	5.8	6.7	1.0	6.6	5.2	50.0	2.8	3.6	8.3	3.9	18.7	5.3	0.0	2.4	36.1	20.0	3.6
I237	2.8	1.8	2.3	3.0	3.1	2.1	2.3	1.7	3.9	0.1	-0.4	2.1	-0.3	3.8	4.4	1.1	0.8	5.0	6.8	0.8
F238	2.0	0.5	0.7	0.3	1.6	0.6	0.5	0.5	0.2	-0.1	-0.5	0.2	-0.3	0.0	1.0	1.0	0.3	-0.1	0.2	0.2
T239	1.1	-0.6	1.8	0.7	2.2	-0.3	3.2	1.6	18.8	-2.1	-1.3	0.9	-1.5	5.7	3.8	0.3	0.0	9.9	7.0	-1.7
D240	2.5	1.6	2.3	1.5	0.0	1.8	1.0	1.6	2.8	1.1	0.8	2.4	-0.2	1.0	5.1	1.7	1.5	1.3	1.6	2.0
R241	1.9	1.1	0.0	-0.4	1.1	0.4	1.0	0.8	1.5	-0.7	-0.8	0.1	-1.1	0.0	4.9	2.0	0.9	0.7	0.1	0.3
L242	1.2	0.5	0.6	1.0	1.5	0.3	1.0	0.6	1.3	1.5	0.0	0.4	-0.5	-0.6	1.5	-0.3	1.5	0.4	-0.1	1.5
G243	0.0	3.3	2.6	2.6	4.0	3.7	3.7	2.9	4.1	5.2	3.0	3.0	3.0	2.7	5.8	1.9	5.1	3.3	2.1	5.2
C244	1.9	0.0	3.0	1.2	1.9	0.0	-1.1	0.1	6.1	-2.1	0.2	1.8	-1.0	5.8	-2.4	1.0	-0.2	9.3	7.3	-1.4
R245	2.6	2.2	0.0	2.2	3.1	1.8	2.5	1.7	2.5	1.8	0.9	0.7	1.2	0.6	2.2	2.2	2.5	2.0	1.0	2.1
I246	1.3	0.5	-0.4	0.0	0.8	0.9	0.3	-0.2	0.2	0.0	-0.3	-0.4	-0.4	-0.1	-0.9	1.0	0.8	-0.2	0.0	0.5
T247	1.7	-0.1	3.2	1.9	0.8	-0.1	4.0	4.2	19.1	-1.0	-0.3	5.2	-0.6	13.6	2.6	1.1	0.0	27.6	16.0	-1.7
A248	1.6	0.0	10.6	4.8	5.5	1.6	5.8	6.6	40.8	4.9	5.1	7.5	2.3	13.1	8.7	0.9	2.7	28.8	17.5	2.9
T249	1.8	0.3	0.0	1.4	2.0	0.9	0.4	0.3	0.9	0.3	-0.8	-0.3	-0.8	-0.7	4.6	0.8	0.0	-0.4	-0.4	-0.2
A250	1.0	0.1	-0.4	-0.2	0.4	0.6	-0.1	-0.5	0.0	-0.3	-0.7	-0.4	-1.5	-1.1	3.2	0.1	0.3	-1.6	-1.0	0.4
G251	0.1	4.5	25.0	28.1	28.2	13.9	27.1	28.1	91.0	29.1	34.0	30.7	21.8	56.5	16.5	12.5	19.3	70.9	57.7	21.1
A252	1.9	0.0	12.8	3.7	5.7	2.9	9.6	7.7	10.8	7.1	5.7	8.1	5.2	13.9	4.7	1.1	2.6	23.2	16.4	5.3
A253	1.3	0.1	-0.2	0.7	0.9	0.7	-0.2	-0.6	0.3	-0.4	-1.1	-0.5	-0.9	-0.7	4.7	0.3	0.8	-1.0	-0.7	0.0
V254	1.6	0.5	-0.3	0.3	1.1	0.6	0.4	0.3	0.5	-0.6	-0.9	-0.4	-1.3	-0.1	3.5	1.4	0.6	-0.7	0.0	0.0
A255	1.8	0.0	15.1	8.4	7.9	3.6	9.7	7.2	36.7	8.7	9.6	12.7	5.0	34.7	10.4	0.9	6.5	40.0	43.8	7.5
F256	3.2	1.9	1.6	2.5	3.4	2.4	2.3	2.2	1.7	2.9	0.4	1.4	0.7	0.0	8.1	2.9	2.7	0.6	0.5	3.8
I257	1.8	0.6	-0.1	0.5	1.1	1.1	0.5	0.5	0.5	0.0	-0.3	-0.1	-0.6	-0.2	4.0	0.7	1.2	-0.1	-0.1	0.8
G258	0.1	4.0	18.8	23.0	23.0	11.6	21.7	20.1	35.7	21.7	28.2	21.1	15.7	51.2	8.5	7.5	14.7	34.8	33.3	17.6
L259	5.3	3.6	7.7	3.3	5.2	3.5	4.1	1.6	2.8	3.3	0.0	4.3	0.1	2.1	10.7	4.5	4.2	18.9	6.0	4.2
H260	2.5	0.8	-0.9	0.7	2.4	1.3	0.9	0.1	0.1	0.5	-1.0	-0.2	-1.3	-0.7	9.5	2.1	1.4	-0.1	-0.3	1.0
T261	1.5	0.3	-0.3	0.7	1.1	0.7	0.2	-0.7	0.4	-0.8	-0.9	-0.5	-1.1	-0.6	3.5	1.0	0.0	-1.0	-0.6	0.0
S262	0.6	-0.6	10.0	1.7	1.4	-0.1	4.4	3.7	13.6	0.8	2.2	5.1	2.0	13.7	6.1	0.1	0.6	13.8	14.9	-0.4
S263	1.8	0.5	3.6	6.7	8.0	2.1	4.8	3.2	27.9	5.4	2.9	3.7	1.2	10.8	3.4	0.0	1.1	10.8	9.7	3.7
F264	1.4	1.3	0.6	1.2	1.3	1.0	1.2	1.0	1.4	1.5	0.8	0.8	0.8	0.0	2.5	0.8	1.1	0.9	-0.4	1.9
T265	2.8	1.2	0.5	1.3	1.8	0.8	3.4	1.2	39.4	0.3	3.0	0.8	-0.1	7.5	3.1	1.9	0.5	6.1	8.8	0.5
S266	0.2	0.2	0.2	0.0	-0.2	0.3	-0.7	0.3	0.3	0.5	-0.1	0.0	0.0	0.0	-0.5	0.0	0.4	0.4	0.0	0.4
S267	1.1	1.2	1.2	0.2	-2.7	1.3	-1.3	0.7	1.4	0.4	0.3	0.9	0.5	0.1	0.8	0.0	0.3	0.4	0.4	0.9
L268	4.7	3.6	3.4	2.7	3.3	3.6	3.1	2.9	4.4	1.3	0.7	3.4	0.7	2.9	2.1	4.5	3.8	3.3	3.2	2.7
S269	0.7	0.4	0.3	0.4	-1.5	0.8	-1.2	-0.2	0.6	-0.1	-0.1	0.0	-0.5	0.4	-1.0	0.1	0.1	-0.1	0.5	0.3
L270	2.7	1.5	1.3	2.0	1.6	2.0	1.1	1.2	1.7	1.6	0.5	1.0	0.4	0.8	1.6	2.0	2.5	0.8	1.4	2.1
R271	3.2	1.6	0.1	1.7	3.6	1.9	2.7	1.3	4.1	-0.4	-0.9	-1.2	-0.9	3.6	2.1	2.5	1.9	1.7	5.4	0.2
Y272	2.1	0.7	0.5	2.0	2.2	1.0	0.3	1.2	1.2	-0.1	-0.4	0.7	-0.7	-1.2	3.1	1.5	0.5	0.6	0.0	0.3
F273	2.1	1.2	0.7	1.7	1.8	2.0	1.2	0.6	1.4	0.6	0.2	0.4	0.2	0.0	2.1	2.1	1.7	-0.2	0.0	1.1
T274	1.9	0.1	0.2	1.3	2.7	0.5	1.7	0.7	1.7	1.6	-1.3	-0.6	-1.9	-0.8	5.4	2.3	0.0	2.7	-0.4	-1.9
Y275	3.4	3.3	3.2	3.5	4.2	3.2	3.2	2.9	2.2	3.4	0.1	3.1	0.2	-0.6	6.5	3.2	4.0	-0.6	0.1	3.2
G276	0.1	0.5	13.1	11.3	10.7	3.0	12.8	12.5	53.5	10.6	11.5	11.5	8.9	27.9	4.9	1.5	3.0	19.0	49.1	5.3
I277	1.5	1.7	0.9	1.1	1.3	1.7	1.0	1.0	1.5	0.0	0.1	0.5	0.3	0.0	3.7	1.7	0.0	0.2	0.1	0.4
L278	3.2	2.0	1.4	2.8	3.1	2.6	2.1	1.9	1.7	0.8	0.0	1.0	-0.1	0.1	6.7	3.2	2.2	0.8	0.4	1.4
F279	5.8	4.1	5.0	4.5	6.2	4.2	5.5	4.6	2.4	6.0	1.2	5.1	0.9	0.0	11.8	5.2	4.2	4.9	1.5	5.0
G280	0.0	4.1	28.5	20.5	22.6	9.7	29.5	28.2	69.3	24.3	23.8	31.4	22.9	52.7	11.6	8.5	15.5	62.2	58.3	17.5
C281	1.0	-0.3	-0.7	0.2	0.4	0.1	-0.5	-0.7	1.5	-1.5	-1.7	-1.1	-1.8	0.8	3.5	0.1	-0.4	1.1	1.3	-0.8
G282	0.0	5.4	31.9	26.8	26.5	13.7	33.0	30.8	65.5	28.8	30.7	30.0	23.8	57.0	13.6	11.5	19.5	57.3	49.9	21.8
C283	2.3	0.4	14.1	2.3	2.3	0.1	3.7	4.0	43.0	0.1	1.7	9.5	2.8	11.8	4.1	2.4	1.9	26.5	17.0	0.1
S284	0.7	-1.2	11.2	4.8	6.0	1.3	8.7	9.9	61.4	4.1	7.0	10.4	4.9	19.6	6.1	0.0	1.2	29.4	20.3	2.2
F285	3.6	2.3	1.8	2.2	3.8	2.6	2.6	2.3	1.7	1.8	0.5	1.4	0.4	0.0	4.9	2.9	3.7	1.2	0.6	2.4
A286	1.7	0.0	8.7	3.3	5.9	0.9	6.8	5.0	52.0	2.8	3.4	8.7	2.7	14.1	9.0	0.8	0.7	24.5	18.7	2.3
F287	4.8	3.3	3.0	3.6	4.6	3.9	3.8	3.0	2.1	2.1	0.5	2.6	0.5	0.3	11.9	4.9	3.2	-2.1	0.7	2.9
Q288	1.7	0.2	2.6	0.1	1.4	0.1	1.8	0.0	-1.3	-2.5	-3.3	0.1	-3.0	2.7	2.9	1.7	0.1	14.5	7.8	-1.9
P289	4.7	3.0	26.8	6.4	7.5	4.4	12.7	9.7	29.2	7.3	7.7	12.8	8.7	25.9	0.1	3.9	3.9	47.7	34.0	3.2
S290	2.7	1.2	10.8	3.6	5.8	1.2	5.3	4.2	24.4	5.1	3.8	7.6	1.7	13.4	3.3	0.0	4.2	17.9	13.2	4.0
L291	3.5	2.3	2.3	2.2	3.3	2.1	2.2	0.7	2.9	1.0	0.1	1.6	-0.4	0.8	2.5	2.3	1.7	-0.3	1.1	1.9
V292	2.9	1.6	2.5	1.8	2.2	2.0	2.4	2.0	1.8	-0.8	0.3	1.5	0.0	-1.0	2.6	3.0	2.3	1.7	-1.9	0.1
I293	3.8	2.6	9.9	3.8	5.1	2.2	5.4	3.5	13.2	0.0	1.8	6.1	0.4	13.1	6.9	3.6	2.3	28.7	17.1	0.8
L294	4.1	2.8	5.3	3.0	5.4	2.8	5.2	2.3	7.8	1.8	0.1	1.0	0.5	5.7	2.9	2.3	1.1	15.0	9.7	2.6
G295	0.1	1.5	2.0	1.2	2.3	1.3	3.7	1.5	5.7	-1.1	-0.4	2.6	2.4	4.1	5.0	1.3	0.2	8.0	9.7	-0.1
H296	1.6	0.5	-0.8	0.8	0.9	0.3	0.0	0.0	0.2	1.8	-0.6	0.2	-1.0	-0.2	-0.4	0.9	0.9	2.5	0.2	2.0
Y297	5.5	4.4	3.9	4.1	5.8	3.9	5.4	4.8	2.8	2.5	2.0	4.2	2.5	0.5	7.1	4.7	3.5	1.3	0.1	4.1
F298	6.9	5.2	4.0	5.5	7.4	4.8	5.6	4.3	3.8	4.6	1.8	4.8	1.9	0.1	9.4	5.6	5.0	4.8	1.6	3.7
Q299	0.4	0.5	-0.9	-0.6	0.1	0.2	-0.1	0.0	0.1	-1.0	-1.0	-1.2	-1.4	-1.4	2.5	0.0	-0.5	-1.4	-0.7	-0.7
R300	1.2	0.8	0.0	1.0	1.4	1.0	0.9	0.3	0.6	0.4	0.1	-0.2	-0.2	-0.3	2.0	0.9	1.0	-0.1	-0.2	0.9
R301	1.7	1.9	0.1	-0.4	2.3	1.9	2.8	0.6	0.5	1.6	0.4	1.4	0.5	0.3	2.2	0.8	0.5	0.4	0.5	2.3
L302	3.9	3.0	2.4	2.7	4.5	3.0	3.8	2.2	2.6	0.8	0.0	2.5	-0.2	0.0	5.2	3.9	3.6	8.0	0.4	2.0
G303	0.1	3.1	7.6	6.5	9.0	4.7	11.4	9.0	50.8	9.8	7.1	10.2	7.2	15.6	4.8	3.8	8.4	19.1	18.5	8.3
L304	2.8	1.4	1.4	2.4	2.6	2.1	2.1	1.2	1.8	1.9	0.1	1.2	0.5	0.1	4.1	2.1	1.4	-0.7	0.3	1.7
A305	2.2	0.1	9.8	6.4	6.6	2.8	8.0	5.1	28.0	2.6	4.1	7.2	2.6	20.0	3.1	1.0	1.1	23.6	16.9	2.5
N306	2.0	0.4	1.4	0.0	1.9	0.5	1.3	0.2	-0.6	-1.1	-1.2	0.6	-2.0	-0.8	3.6	0.9	0.1	0.3	-0.3	-1.1
G307	0.1	1.0	7.9	8.6	9.7	4.0	11.8	7.9	60.4	10.5	6.9	4.9	4.3	15.9	11.8	1.9	9.5	22.4	15.5	10.7
V308	1.5	0.5	-0.2	0.3	0.8	0.6	0.1	-0.2	0.5	-1.1	-1.4	-0.7	-1.7	-0.4	2.3	0.7	0.1	-0.7	-0.4	0.1
V309	3.6	1.8	3.5	4.8	4.5	2.1	3.7	2.3	10.7	1.3	0.3	2.8	-0.2	7.8	5.7	2.9	1.9	8.6	16.6	0.0
S310	0.7	-0.9	0.6	-1.5	-0.9	-0.4	-1.4	-0.8	-1.1	-0.3	-1.9	-0.3	-2.3	-2.3	4.0	0.1	-0.6	-2.5	-1.7	-0.4
A311	1.4	0.0	-0.1	0.0	1.7	0.1	0.6	0.2	-0.2	0.6	-1.1	-0.5	-1.0	-1.8	7.2	0.5	-0.2	-1.7	-1.4	-0.2
G312	0.0	-0.7	-0.7	-0.9	0.4	-0.1	-0.5	-0.6	-0.2	-0.3	-1.0	-1.1	-1.8	0.1	2.4	0.5	-0.3	-1.2	-0.7	0.2
S313	-0.1	-1.2	2.7	3.7	1.3	0.5	-0.7	0.3	20.0	3.1	0.6	1.1	-0.7	5.1	-0.7	0.0	3.2	2.9	6.0	1.4
S314	0.9	-0.6	1.4	1.6	1.5	0.2	1.1	0.4	5.4	-0.6	2.2	1.2	-1.0	1.3	-0.5	0.0	0.2	3.1	2.3	-0.2
I315	1.0	0.4	-0.1	1.0	0.6	1.2	0.1	0.3	0.8	0.0	-0.1	-0.3	-0.2	-0.4	2.3	0.7	0.3	-0.2	-0.1	0.6
F316	3.2	1.8	1.7	1.6	3.0	2.5	2.4	2.3	1.3	3.5	1.4	1.3	0.6	0.0	4.1	3.2	4.0	1.9	0.5	5.0
S317	0.7	-0.5	-0.5	1.8	2.3	0.2	0.7	0.2	4.9	0.1	0.6	-0.6	-1.4	0.4	3.0	0.0	0.3	1.0	0.9	0.4
M318	1.8	1.4	0.8	1.2	1.2	1.3	0.8	0.7	1.5	0.6	0.0	0.6	0.0	1.0	4.5	1.5	1.6	0.8	1.0	1.2
S319	0.6	0.0	-0.6	-0.3	0.0	0.2	-0.5	-0.6	-0.3	-0.6	-1.2	-1.2	-1.6	-1.6	2.3	0.0	-0.2	-1.8	-1.3	-0.1
F320	5.2	3.5	2.5	4.5	5.8	3.5	4.8	4.2	3.5	4.0	0.8	3.4	0.6	0.0	9.3	4.7	5.4	0.2	0.7	4.9
P321	3.2	2.5	1.6	2.8	3.2	2.6	2.3	1.9	1.8	1.9	2.0	2.2	1.7	6.7	0.0	2.9	2.6	3.8	3.4	2.5
F322	0.7	0.0	-0.6	0.5	0.4	0.5	0.1	-0.5	0.6	0.0	0.0	-0.3	-0.2	0.0	-0.8	-0.1	-0.1	-0.5	0.0	0.4
L323	3.9	2.7	1.8	2.9	3.4	3.0	2.3	1.8	2.3	1.1	0.0	1.5	-0.1	-0.3	6.1	3.5	2.9	1.3	0.7	1.9
I324	5.6	3.8	7.8	3.4	5.6	3.8	5.2	3.5	5.2	0.1	0.0	3.6	0.5	6.1	6.6	4.8	3.2	15.7	10.4	1.1
R325	1.4	0.6	0.0	0.4	1.2	1.1	0.4	0.3	0.5	0.0	-0.4	-0.1	-0.4	-0.4	3.6	0.9	0.5	-0.5	-0.3	0.6
M326	2.2	1.5	1.4	1.4	2.0	2.1	1.8	1.5	1.6	0.8	0.2	1.0	0.0	1.1	4.0	1.4	1.8	1.0	1.2	1.5
L327	4.7	3.0	2.3	2.8	5.1	3.5	4.0	3.0	2.4	2.7	0.0	2.1	-0.4	1.4	6.3	3.8	3.6	0.3	1.1	4.1
G328	0.0	-0.1	-0.7	0.9	1.8	0.5	1.3	0.1	1.0	2.2	-0.6	-0.7	-1.2	-0.1	5.6	-0.2	1.6	0.5	-0.1	2.6
D329	-0.8	-0.9	-0.6	-0.6	0.0	-0.2	-0.4	-0.6	-1.0	-0.4	-0.8	-0.8	-0.7	-0.9	0.4	-1.3	-0.9	-0.8	-1.1	0.2
K330	2.0	2.0	-0.3	0.5	1.7	0.9	1.6	-0.1	0.2	-0.1	0.4	0.0	-0.2	0.5	4.5	0.8	0.5	0.7	0.6	0.5
I331	3.4	2.3	1.3	2.6	3.6	1.3	2.5	1.7	2.1	0.0	0.9	1.0	-0.8	0.4	5.4	2.4	2.3	0.8	0.7	0.8
K332	-0.2	0.0	0.4	-1.0	-4.3	0.3	-0.3	0.0	0.3	0.5	0.4	0.0	-0.3	0.4	-1.0	-0.3	-0.2	-0.2	0.4	0.7
L333	4.7	3.6	3.8	3.8	3.8	3.7	3.2	2.5	3.3	0.9	-0.4	3.5	-0.2	0.5	1.3	3.7	3.2	6.5	2.4	2.5
A334	1.1	0.1	0.3	0.9	0.7	0.9	0.9	-0.2	0.0	1.5	-0.2	0.6	0.4	0.5	-0.6	0.8	0.8	0.1	0.9	1.7
Q335	2.0	0.5	0.0	0.7	1.3	1.2	0.1	0.0	0.5	-0.6	-0.5	-0.2	-0.5	0.0	0.2	1.7	1.3	0.2	0.1	0.0
T336	2.0	-0.1	9.8	0.8	2.7	0.0	2.7	0.9	17.1	-2.6	-2.7	7.6	-1.9	8.5	2.2	0.9	0.0	18.9	17.1	-2.3
F337	5.3	3.7	3.5	4.1	5.8	4.1	4.5	4.2	3.6	2.8	1.3	3.3	0.8	0.1	6.9	4.2	5.3	0.0	0.7	3.7
Q338	1.7	0.6	0.0	0.9	1.6	0.8	0.6	0.0	1.1	-0.5	-0.8	-0.3	-0.7	0.0	4.2	0.9	1.2	0.0	0.0	0.2
V339	2.4	1.0	-0.3	1.1	1.8	1.1	1.0	0.4	0.7	-0.5	-0.6	-0.2	-0.8	-0.8	4.0	1.3	0.6	0.1	-0.5	0.0
L340	5.5	3.8	5.5	3.2	5.2	3.5	4.4	3.7	4.6	3.3	0.0	5.0	-0.3	0.4	5.7	4.9	4.2	3.2	2.1	4.3
S341	2.1	0.3	4.9	6.6	12.3	1.9	9.2	7.8	57.8	4.1	4.7	2.6	5.5	9.9	5.1	0.0	1.0	17.5	10.4	3.6
T342	1.2	0.4	-0.3	0.7	0.5	0.8	0.2	-0.2	0.3	-0.1	-0.3	-0.1	-0.7	-0.7	0.4	0.3	0.1	-0.7	-0.6	0.5
F343	3.6	2.0	1.8	2.4	2.1	2.4	2.0	2.0	2.0	1.5	0.4	1.8	0.3	0.0	1.9	2.4	1.8	0.0	0.6	2.4
M344	4.6	2.8	6.3	3.5	4.7	2.9	4.3	2.9	32.3	2.8	0.3	3.7	0.1	7.9	3.1	3.6	3.9	10.9	10.9	3.5
F345	2.7	1.4	1.0	1.0	2.2	1.9	0.8	1.0	1.4	2.3	-0.1	0.6	0.0	0.0	5.9	1.5	0.9	0.0	0.2	2.2
V346	2.1	0.8	0.1	0.9	1.3	1.0	0.2	-0.4	0.5	-0.6	-0.7	-0.4	-1.3	-0.9	4.0	1.8	1.0	0.2	-0.6	0.0
L347	4.4	2.6	4.7	3.7	4.7	3.1	4.8	2.6	5.6	3.9	0.0	3.9	0.2	3.9	10.0	3.3	4.0	9.7	10.2	3.5
M348	3.6	1.9	1.5	2.4	3.6	2.3	2.2	2.0	1.8	1.3	0.1	1.1	0.0	0.0	6.6	2.4	2.7	2.8	0.5	2.2
L349	2.6	1.7	1.1	2.1	2.0	1.9	1.2	1.1	1.7	0.4	0.0	0.8	0.2	0.8	3.3	1.6	0.8	0.7	0.9	1.4
L350	3.8	2.4	1.4	2.0	3.3	2.5	2.2	2.0	1.6	3.1	0.0	1.1	-0.1	-0.1	4.8	2.8	2.9	1.5	0.3	3.2
S351	1.5	-0.4	13.2	1.7	2.9	0.1	3.7	1.8	4.4	3.5	1.9	3.4	1.2	9.2	4.5	0.1	1.5	22.0	13.7	2.6
L352	1.8	0.9	0.1	0.7	1.7	1.0	0.8	0.5	0.9	0.8	0.1	0.4	0.0	-0.1	3.5	0.7	0.5	-0.2	0.1	1.5
T353	1.0	0.2	-1.5	-0.5	0.9	-0.1	0.1	-0.4	-0.7	-0.5	-1.7	-0.8	-2.0	-1.3	2.6	0.2	0.0	-1.7	-1.1	0.6
Y354	3.7	3.1	3.3	2.9	5.9	2.8	5.9	4.0	2.1	4.7	0.1	2.7	-0.1	-1.0	6.2	3.5	5.4	3.1	0.0	4.8
R355	1.7	1.0	0.0	0.4	0.4	0.9	0.4	-0.6	0.5	-0.1	-0.2	0.2	-0.2	0.0	4.4	0.8	0.3	-0.2	0.1	0.9
P356	2.5	1.7	1.5	2.0	1.3	1.6	-0.2	1.2	2.6	0.6	0.8	1.6	0.9	1.6	0.1	2.1	1.8	1.6	1.7	1.2
L357	2.9	2.1	1.6	1.8	2.5	1.7	1.9	1.8	2.0	2.7	0.1	1.1	0.3	0.7	0.9	1.8	1.2	0.9	1.0	2.5
L358	2.8	2.0	0.4	2.6	3.4	2.2	3.0	2.5	2.6	2.0	0.0	2.4	-0.1	0.0	1.9	3.3	3.8	1.3	0.7	2.6
P359	1.7	1.5	1.2	1.6	1.4	1.4	1.3	1.4	1.0	1.6	1.5	1.2	1.0	0.4	0.0	1.1	0.9	0.5	0.4	1.5
S360	0.0	-0.4	-0.7	-0.3	0.3	-0.1	-0.7	-0.5	-0.7	-0.4	-0.8	-0.8	-0.8	-0.9	-1.1	0.0	-0.2	-0.4	-0.7	-0.1
S361	1.5	-0.2	0.8	-0.1	-0.3	1.3	-0.5	1.2	-0.1	1.0	-0.8	0.8	-1.1	0.4	-1.0	0.0	1.5	0.8	0.9	1.3
Q362	-0.1	0.0	-0.8	0.0	-0.1	0.0	-0.1	0.0	-0.3	0.0	-0.7	-2.9	-1.0	-1.3	1.6	0.0	0.2	-2.2	-1.0	0.3
D363	0.2	0.3	0.1	0.1	0.0	0.5	0.4	0.0	0.4	2.4	0.1	0.3	0.3	0.1	0.9	0.7	2.3	2.0	0.2	2.4
T364	0.3	0.2	-0.1	0.1	-0.1	0.1	-0.1	0.1	0.3	0.0	0.1	0.1	0.1	0.0	0.5	0.3	0.0	0.3	0.1	0.1
P365	0.3	0.5	0.5	0.1	0.0	0.5	0.4	0.4	0.6	0.6	0.3	0.5	0.2	0.5	0.0	0.5	0.6	0.5	0.5	0.6
S366	-0.3	-0.2	0.8	-0.4	-0.9	-0.1	-0.6	0.2	0.7	0.5	-0.2	0.6	-0.2	0.1	-1.1	0.0	0.3	0.0	0.3	0.5
K367	2.1	0.6	0.5	0.2	0.1	0.7	0.6	0.7	2.2	0.9	0.4	0.0	2.1	0.3	0.1	0.7	0.7	2.1	0.3	0.8
R368	0.0	-1.5	0.0	-1.6	-2.0	0.3	-1.8	-1.7	-1.3	-1.1	-1.4	-1.5	0.2	-1.4	-2.1	-1.3	-1.2	-1.6	-1.3	-1.0
G369	0.0	-0.2	0.1	0.2	0.0	-0.3	-0.5	-0.2	0.4	-0.7	-0.6	-0.3	-0.5	-0.3	2.5	0.1	-0.2	0.1	-0.2	-0.4
V370	1.8	0.0	0.1	0.1	-0.3	1.8	1.0	-0.3	1.9	0.1	0.1	0.1	0.0	1.8	-0.3	1.9	-0.1	0.0	1.8	0.0
R371	0.7	0.1	0.0	0.3	0.4	0.0	0.1	-0.2	0.4	-1.1	-0.6	-0.3	-1.0	-0.4	0.8	0.7	0.3	-0.5	-0.4	-0.6
T372	0.2	0.3	1.0	-0.2	-3.5	0.1	-2.3	0.3	0.3	0.4	0.5	0.7	0.0	-0.6	-1.0	-0.4	0.0	0.6	-0.3	0.8
L373	0.6	0.3	0.6	0.2	-1.4	0.7	-0.9	-0.1	0.6	0.0	0.0	0.3	-0.2	-0.2	-1.0	0.5	0.4	0.1	-0.2	0.4
H374	0.3	-0.1	-0.1	0.1	-0.6	0.3	-2.4	-0.5	0.0	-0.5	-0.8	-0.5	-0.8	-0.8	-1.4	0.2	0.1	-1.0	-0.7	0.1
Q375	0.9	0.2	0.8	0.5	-1.0	1.0	-0.6	0.0	0.7	0.2	0.0	0.3	-0.4	0.4	-0.5	0.4	0.3	0.6	0.5	0.6
R376	1.2	0.3	0.0	1.1	0.7	1.2	0.0	0.1	0.9	-0.2	-0.3	0.2	-0.4	0.1	3.3	0.8	1.0	-0.3	0.1	0.3
F377	1.8	0.7	1.1	0.8	0.7	1.3	0.2	0.2	1.0	-0.1	0.0	0.5	-0.4	0.0	3.6	0.8	1.5	0.1	0.1	0.7
L378	2.4	1.2	1.7	1.2	1.4	1.8	1.1	1.3	1.2	0.0	0.0	1.2	-0.1	0.2	4.6	2.3	2.0	1.0	0.5	0.8
A379	0.9	0.0	1.4	1.1	0.4	0.6	0.2	0.0	1.4	0.7	-0.4	0.9	-0.7	-0.1	8.8	0.4	1.4	0.2	-0.7	1.1
Q380	1.3	0.5	0.5	-0.4	-0.1	0.7	-0.9	0.0	0.5	0.4	-0.9	-0.3	-0.5	-0.5	5.4	1.0	1.6	0.4	-0.4	0.9
L381	2.4	1.1	1.5	1.8	1.7	1.1	1.0	1.3	1.8	0.5	0.0	1.0	0.1	0.6	5.7	2.0	2.2	0.8	6.6	0.9
R382	0.9	0.1	0.0	-0.2	0.3	0.5	-0.2	-0.1	0.0	-0.1	-0.4	-0.2	-0.8	-0.6	3.7	0.1	0.5	-0.5	-0.5	0.5
K383	0.3	-0.3	0.3	0.0	0.1	0.5	-0.3	-0.6	0.2	0.2	-0.7	0.0	-0.5	0.2	2.6	-0.5	0.6	0.0	0.1	1.0
Y384	2.8	1.9	2.7	1.4	2.6	1.3	1.5	1.3	2.0	0.5	-0.4	1.3	0.8	0.1	5.8	1.9	1.2	0.7	0.0	0.8
F385	2.3	1.1	0.7	0.3	1.4	1.2	1.1	1.1	0.6	2.0	-0.1	1.2	-0.4	0.0	2.9	2.8	2.6	-0.1	0.1	2.1
N386	0.8	-0.2	-0.2	0.0	-0.3	0.3	0.8	-0.1	0.8	-0.6	-0.5	-0.1	-1.3	-0.3	4.9	-0.4	-0.5	0.4	1.5	0.2
M387	1.8	1.6	0.9	1.3	1.4	2.0	1.0	1.1	1.3	1.4	0.4	0.8	0.0	0.5	2.0	1.5	2.0	0.0	0.4	1.9
R388	1.2	0.6	0.0	-0.5	1.4	1.2	0.5	0.4	0.7	1.6	0.4	0.1	0.4	1.0	0.6	1.2	1.6	1.2	1.1	1.3
V389	4.4	2.5	7.3	2.5	4.4	1.8	4.1	5.0	9.4	0.6	0.7	6.4	1.7	11.4	2.4	3.3	1.9	24.2	15.6	0.0
F390	3.9	3.0	2.7	3.6	3.5	3.2	2.2	2.6	2.8	2.2	0.9	2.3	1.0	0.0	1.9	3.0	2.8	1.9	1.0	3.2
R391	0.7	-0.1	0.0	0.3	0.1	0.3	-0.3	-0.3	0.6	0.1	-0.4	-0.1	-0.5	-0.2	3.1	-0.4	0.5	0.1	-0.1	0.3
Q392	0.9	0.8	0.0	-0.3	-3.1	0.0	-0.6	0.0	0.4	-1.2	-0.5	-0.1	-0.5	0.0	0.3	0.0	-0.3	0.1	-0.3	0.0
R393	1.3	0.3	0.0	0.7	0.3	0.5	-0.4	-0.5	0.6	-0.2	-1.2	-0.4	-1.0	-0.5	-1.8	0.9	0.4	-0.3	-0.5	0.3
T394	2.1	0.5	5.4	2.7	2.8	0.4	-0.9	1.1	20.6	-0.6	-0.3	2.8	-1.0	13.7	0.3	1.0	0.0	12.5	16.6	0.0
Y395	6.6	5.0	6.4	5.9	6.5	5.3	5.9	4.3	4.5	6.4	2.9	4.8	1.9	2.0	5.4	6.5	5.8	3.6	0.2	4.8
R396	1.7	0.6	0.0	1.4	1.3	1.3	0.3	0.3	3.4	1.5	-0.4	0.0	-0.6	2.3	4.8	1.3	1.0	2.6	2.4	1.0
I397	2.6	1.5	1.0	1.3	1.8	1.8	0.9	1.2	1.3	0.0	0.4	1.1	0.1	0.1	3.4	1.9	1.5	0.4	0.4	0.9
W398	7.4	5.4	6.3	6.6	7.3	5.8	6.5	5.4	4.1	5.9	3.7	5.8	2.6	1.4	11.7	7.3	5.4	0.0	0.9	5.2
A399	1.9	0.0	19.6	4.7	5.3	-0.1	16.6	12.3	37.1	4.1	2.0	9.0	3.7	24.9	6.5	1.0	1.8	38.7	27.9	-0.1
F400	1.9	1.0	0.8	0.7	1.2	1.1	0.6	0.6	0.7	-0.2	-0.4	0.3	-0.4	0.1	3.7	1.3	1.2	-0.3	0.2	0.9
G401	0.2	0.2	15.0	12.3	11.3	4.4	17.4	13.5	45.5	11.1	15.3	15.2	11.2	27.4	5.9	3.0	6.7	27.3	28.0	5.9
I402	5.0	2.9	13.4	3.6	2.9	2.7	3.3	2.8	4.8	0.0	0.1	7.3	1.7	3.8	4.6	4.0	2.1	40.7	6.2	0.5
A403	1.5	0.0	-0.5	2.1	2.5	0.7	0.5	-0.6	2.0	1.8	-0.1	-0.3	-1.2	3.2	3.2	0.4	0.5	2.5	2.7	0.8
A404	1.1	0.0	-0.5	-0.1	0.4	0.4	-0.4	-1.1	-0.1	-1.2	-1.6	-0.9	-1.6	-1.3	3.7	0.6	0.0	-0.6	-1.2	-0.5
A405	1.8	0.1	15.4	3.8	5.4	0.8	4.6	6.0	26.1	6.1	6.7	6.4	4.0	6.4	6.0	1.0	4.1	23.2	13.3	1.7
A406	1.7	0.1	3.8	0.7	2.4	0.7	1.4	0.9	5.6	-0.4	-2.3	1.9	-0.5	9.9	4.5	1.8	1.8	5.2	1.0	0.6
L407	2.0	1.1	0.9	1.4	1.9	1.5	0.7	1.0	1.3	0.8	0.1	0.5	-0.3	-0.3	3.0	1.9	1.6	0.1	0.1	1.5
G408	0.1	3.1	12.7	18.6	18.0	7.8	14.8	14.2	52.1	20.7	22.3	15.2	10.3	39.5	9.9	6.8	13.4	34.4	41.1	15.4
Y409	5.1	4.0	3.5	5.0	5.6	4.1	3.8	3.9	3.2	2.4	2.0	3.3	2.0	1.2	8.4	4.0	4.1	-0.1	0.0	3.4
F410	2.4	1.5	-0.5	1.7	2.0	1.2	1.1	0.8	1.7	1.4	-0.1	0.8	0.2	0.0	0.8	1.9	2.0	1.4	0.6	0.6
V411	3.2	1.7	1.6	3.3	4.5	2.2	3.9	2.2	23.4	-0.6	1.0	2.0	-0.7	8.1	4.3	3.5	2.3	9.0	11.3	0.1
P412	5.0	3.2	5.7	4.5	4.8	2.9	4.0	3.2	22.8	2.3	3.9	4.5	1.7	6.3	0.1	4.9	3.9	13.9	8.5	1.9
Y413	2.9	2.1	1.3	2.4	2.5	2.5	2.2	1.1	2.3	0.9	0.9	1.2	0.3	-0.6	1.1	1.8	1.2	-0.4	0.0	1.9
V414	1.6	0.7	0.3	0.7	0.9	0.8	0.1	0.4	0.9	-0.1	-0.2	-0.1	-0.4	0.4	2.5	0.8	0.2	0.7	0.5	0.0
H415	3.0	1.7	1.9	1.8	1.9	1.4	0.9	1.2	0.1	-0.6	0.3	1.1	0.2	-0.3	4.5	2.6	2.0	-0.6	0.6	0.5
L416	5.0	4.1	5.5	4.4	5.2	3.7	4.3	2.2	5.7	0.6	0.0	3.7	-0.2	4.3	8.0	5.1	3.8	8.4	6.8	2.1
M417	3.6	2.8	2.6	3.2	3.4	3.1	2.5	2.2	3.6	1.1	1.1	2.3	0.0	2.6	1.3	3.5	3.1	3.0	2.6	2.5
K418	1.6	0.5	0.1	0.5	1.0	1.0	0.5	0.6	0.6	-0.1	0.0	0.0	0.2	0.5	-0.2	0.6	0.5	0.8	0.6	0.6
Y419	5.9	3.7	3.3	4.5	5.4	4.2	5.0	3.3	3.2	5.0	1.9	3.6	1.1	0.2	7.2	4.2	5.1	0.9	0.1	5.1
V420	4.4	2.4	8.4	3.2	4.6	2.2	5.8	5.5	5.4	0.5	1.2	5.9	2.3	12.1	7.5	3.1	1.3	12.7	13.2	0.0
E421	1.1	0.3	0.1	0.5	1.1	0.9	0.0	0.1	0.4	0.1	-0.3	-0.1	-0.5	0.0	3.0	0.4	1.1	-0.3	-0.1	0.7
E422	0.9	0.6	-1.3	-0.2	1.2	0.9	0.1	0.0	0.9	-0.3	-0.3	0.1	-0.5	0.0	3.7	0.4	0.6	-0.1	0.3	0.3
E423	1.3	0.1	-1.4	-0.4	0.1	-0.1	0.0	-0.6	-0.2	-0.8	-1.1	-1.1	-1.2	-0.3	2.3	0.2	0.6	-0.8	-0.6	-0.4
F424	3.8	4.0	1.3	3.6	5.2	3.5	4.8	2.9	1.6	2.0	0.4	2.3	0.9	0.0	5.1	4.3	4.2	0.2	0.5	2.8
S425	0.6	0.5	-1.2	0.2	1.4	0.6	1.0	0.2	-0.1	0.8	0.7	-0.6	0.9	0.7	-1.2	0.0	0.8	0.8	0.7	1.0
E426	0.7	0.3	-0.2	0.5	0.5	0.3	0.0	0.0	0.5	0.0	-0.6	-0.3	-1.0	-0.8	0.6	0.6	0.4	-0.3	0.6	0.3
I427	4.0	2.6	1.0	1.7	2.5	1.8	1.8	0.8	2.0	0.0	0.3	1.5	0.3	1.5	4.5	3.3	1.8	1.5	2.1	0.6
K428	0.6	0.5	0.1	-0.1	0.6	0.7	0.2	-0.1	0.7	0.5	0.2	0.0	0.4	0.3	-0.3	-0.4	-0.2	0.8	0.3	0.6
E429	0.8	0.9	0.3	-0.3	-1.4	1.4	0.0	0.1	0.5	0.1	0.0	0.5	-0.3	-0.6	0.0	1.1	1.7	0.4	-0.5	1.4
T430	1.5	0.0	0.9	1.2	1.5	0.0	1.7	-0.2	4.3	-0.3	-1.3	0.3	-1.5	0.0	-0.7	1.3	0.0	0.2	0.8	-1.2
W431	1.8	1.1	1.1	1.5	0.6	1.7	-0.2	1.0	1.5	0.8	0.3	0.9	0.5	0.2	0.9	1.4	1.7	0.0	0.2	1.6
V432	2.3	1.1	0.7	0.9	1.3	1.3	0.4	0.3	0.8	-0.4	-0.3	0.3	-0.4	-0.1	4.6	1.6	1.1	-0.1	0.0	0.0
L433	6.2	4.5	7.7	4.5	5.4	4.3	4.6	3.5	5.0	2.9	0.0	4.4	0.3	4.6	5.1	5.5	2.9	21.4	7.2	2.9
L434	2.3	1.4	0.8	1.9	1.7	1.8	1.0	1.1	1.5	0.4	0.0	0.5	-0.7	0.7	-0.4	1.3	0.8	0.1	0.7	1.3
V435	1.2	0.2	-0.5	0.7	0.6	0.7	-0.1	-0.1	0.3	-0.7	-0.5	-0.1	-1.2	-1.3	1.7	0.4	-0.2	-1.2	-0.8	0.0
C436	0.9	-0.8	-1.8	0.1	0.6	0.0	-0.6	-0.7	-0.8	-1.7	-2.6	-1.4	-2.8	-3.1	3.1	0.2	0.2	-1.5	-2.8	-0.1
I437	3.6	2.5	1.9	3.0	3.8	2.5	2.8	2.3	3.0	0.0	-0.3	2.0	-0.7	0.6	7.1	2.9	2.6	1.4	0.6	1.1
G438	0.0	-0.8	-1.0	-0.8	0.7	0.0	-0.1	-0.4	-1.0	0.9	-1.9	-1.0	-2.0	-1.7	3.2	-0.1	1.7	-2.2	-1.3	1.1
A439	1.0	0.1	-0.2	0.7	0.5	1.0	-0.1	-0.2	0.5	-0.3	-0.5	-0.3	-0.8	-0.6	2.7	0.4	0.3	-0.7	-0.5	0.3
T440	2.1	0.5	-0.5	0.2	1.9	0.6	0.7	-0.4	0.9	1.3	-1.5	-0.3	-1.6	-1.0	3.2	1.0	0.1	-1.1	-0.9	0.9
S441	2.2	0.9	3.5	3.7	3.0	1.7	3.7	3.9	34.9	4.9	2.7	3.8	1.7	19.0	10.0	0.0	3.0	22.6	24.8	4.4
G442	0.1	0.1	0.2	0.8	1.8	0.6	0.5	0.5	-0.3	1.5	-1.3	-0.4	-1.3	-1.6	8.0	0.9	2.8	-1.0	-1.3	1.4
L443	1.6	0.7	0.0	0.8	1.0	1.3	0.5	0.2	0.9	0.2	0.0	0.2	-0.7	0.0	2.5	0.7	1.2	-0.6	0.1	0.8
G444	0.2	0.6	15.7	18.0	20.9	7.9	19.0	16.3	55.1	15.4	15.8	16.1	8.8	39.2	8.7	5.3	10.9	28.5	36.4	12.2
R445	2.8	1.1	0.0	3.2	6.7	1.7	3.5	3.0	3.6	2.5	-0.2	0.8	-0.2	4.8	5.8	2.5	2.5	5.1	4.7	2.8
L446	2.0	1.2	0.7	1.7	1.6	1.9	0.9	0.8	1.3	0.1	0.1	0.4	-0.1	-0.1	3.4	1.4	0.6	0.0	0.1	1.0
V447	1.5	0.6	0.0	1.1	1.0	1.1	0.3	0.0	0.8	-0.4	-0.7	-0.2	-1.0	-0.2	3.4	1.5	0.9	-0.2	-0.1	0.1
S448	-0.4	-2.3	5.1	7.6	0.7	1.5	5.1	-1.1	37.0	-3.3	-1.8	1.0	-4.4	13.3	6.2	0.1	0.3	16.6	13.7	-2.7
G449	0.1	1.6	9.3	8.5	11.6	4.4	11.3	13.9	44.7	10.0	10.0	8.5	5.0	19.0	11.6	2.9	7.2	27.9	18.7	8.9
H450	0.6	-0.1	-1.2	-0.4	0.8	0.2	-0.2	-0.7	0.1	-0.9	-1.3	-0.9	-1.4	-0.9	0.2	-0.2	-0.8	-0.7	-0.8	-0.3
I451	2.5	1.2	0.2	1.0	2.0	1.7	1.1	0.7	0.9	0.0	-0.2	0.3	-0.5	0.1	3.1	1.6	1.6	0.2	0.3	0.9
S452	0.9	-0.5	6.5	2.4	2.3	1.2	4.9	1.5	40.5	3.0	-0.3	4.8	1.7	12.0	4.8	0.1	1.8	12.6	12.1	1.2
D453	3.0	2.2	1.8	2.6	0.1	1.9	3.0	2.1	11.5	2.1	1.0	2.2	1.4	5.6	5.3	2.2	1.3	3.9	3.4	2.3
S454	1.0	0.7	0.3	0.5	1.0	0.3	0.9	0.1	0.1	0.8	0.4	0.3	0.3	0.5	2.9	0.0	0.5	0.6	0.7	1.2
I455	3.6	2.4	1.7	2.0	2.8	1.9	2.5	2.0	2.4	0.1	0.3	1.5	-0.1	0.8	4.4	2.8	2.0	0.1	1.0	0.8
P456	1.0	1.2	1.0	1.1	1.2	1.1	0.7	1.1	1.1	1.1	1.4	1.1	1.1	0.8	0.0	1.4	1.4	1.1	0.8	1.4
G457	0.0	3.0	3.1	2.0	0.7	2.7	1.3	2.9	2.8	3.5	2.8	2.4	2.3	1.9	4.6	1.6	2.5	2.6	2.5	3.8
L458	4.2	3.0	4.3	3.6	3.1	3.0	1.7	2.3	4.3	1.7	0.0	3.4	1.7	1.7	2.3	3.8	3.3	4.0	2.3	2.3
K459	1.8	0.5	0.3	0.4	0.3	1.0	-0.1	0.3	0.8	0.2	0.0	0.0	-0.2	0.0	-1.5	1.2	1.3	0.4	0.1	0.8
K460	2.5	1.1	1.0	1.2	2.6	1.3	2.9	1.0	9.3	-0.1	-0.4	0.1	-0.4	13.2	3.0	2.0	2.0	13.9	17.1	0.2
I461	4.9	2.8	11.9	3.7	4.7	3.3	4.7	3.6	16.1	0.1	0.1	5.9	1.1	8.2	2.9	3.9	2.4	16.6	11.7	0.5
Y462	2.1	1.3	1.3	1.6	1.4	1.6	0.7	0.8	1.1	0.1	-0.3	0.8	-0.7	-0.4	1.0	1.6	0.8	0.0	0.1	1.1
L463	3.7	2.5	2.1	3.1	3.4	2.6	2.2	1.6	4.4	0.7	0.0	1.8	-0.7	1.7	1.0	2.9	2.3	1.2	2.9	1.5
Q464	2.6	0.9	6.2	1.0	2.4	1.3	0.5	0.0	4.3	-0.9	-1.8	1.5	-1.7	4.5	1.4	1.7	1.6	9.9	10.6	-0.1
V465	1.7	1.0	1.3	1.6	2.8	1.9	1.5	1.6	0.8	-0.4	0.1	0.8	0.1	-1.0	5.2	2.0	2.3	-0.8	-0.6	0.0
L466	1.5	0.6	0.1	0.5	0.8	1.2	0.4	0.3	0.8	0.1	0.0	0.0	-0.8	-0.9	3.0	0.7	1.1	-2.1	-0.8	0.7
S467	1.3	-0.5	4.3	3.5	4.3	1.1	3.6	1.9	38.4	1.6	3.2	3.6	-0.3	19.3	3.0	0.1	1.4	17.1	22.0	-0.1
F468	5.3	3.8	4.7	3.5	5.2	3.9	4.3	2.8	3.1	5.2	0.8	3.3	0.5	0.0	7.0	4.4	4.5	0.0	2.3	4.6
L469	3.0	1.7	1.3	2.5	2.7	2.2	1.3	1.1	1.9	0.2	0.0	1.0	0.3	-0.4	6.4	2.2	1.3	0.5	0.1	1.0
L470	3.3	2.0	1.4	1.7	2.9	2.4	1.8	1.2	1.1	1.5	0.0	1.3	0.1	0.5	4.0	3.2	2.3	0.5	0.6	2.4
L471	4.0	2.6	4.6	3.2	4.1	3.0	2.4	1.4	1.2	1.4	0.0	1.3	-0.1	-0.7	8.5	3.1	2.8	4.2	-0.8	2.5
G472	0.0	1.5	6.9	7.1	8.4	4.3	7.4	7.4	77.3	11.5	9.8	6.7	6.2	7.7	10.2	2.9	8.3	13.5	11.1	7.9
L473	2.3	1.1	0.9	1.1	1.8	1.9	1.1	0.6	1.5	0.4	0.0	0.6	0.1	0.2	4.3	1.6	2.4	0.4	0.2	1.2
M474	4.2	2.5	2.5	2.3	4.7	2.7	3.9	2.6	4.8	1.7	-0.1	2.4	0.1	8.2	4.6	3.5	3.2	6.3	11.7	3.1
S475	1.0	-0.9	-0.1	0.9	3.3	-0.1	2.5	1.1	5.4	-1.0	-1.1	0.0	-3.2	1.2	3.3	0.1	0.4	11.2	0.3	-0.3
M476	1.9	1.5	1.3	2.2	3.3	1.5	2.1	1.0	2.1	0.8	1.2	0.6	0.0	1.5	4.5	1.3	1.0	1.7	1.7	1.8
M477	2.0	1.0	0.0	0.8	1.9	0.7	1.0	0.9	0.6	1.6	-0.1	0.2	0.1	0.2	5.0	0.5	0.8	0.5	0.4	1.9
I478	5.0	3.4	5.8	3.7	5.2	3.0	5.1	4.4	3.3	0.0	2.3	4.0	0.7	1.0	7.1	4.7	2.8	12.9	2.8	1.1
P479	3.3	2.7	2.6	3.5	3.6	2.4	2.8	2.7	2.6	2.8	1.4	2.4	1.7	2.1	0.0	3.1	3.5	3.8	2.2	3.3
L480	0.7	0.5	-0.2	0.3	0.6	0.2	0.5	-0.3	0.4	1.0	0.0	-0.2	0.1	0.1	1.7	0.2	0.4	0.2	0.1	1.2
C481	2.0	0.9	5.0	1.3	3.4	0.0	4.0	3.2	43.2	1.4	1.4	5.7	1.8	9.5	0.7	1.4	0.4	13.4	16.6	0.4
R482	0.5	0.5	0.0	0.5	0.7	0.4	0.6	0.2	0.4	0.7	0.5	0.0	0.6	0.3	-0.2	0.4	0.8	0.7	0.4	0.9
D483	3.7	4.2	3.9	2.9	0.0	3.6	1.4	3.3	3.4	3.8	3.6	3.6	3.7	3.0	5.3	2.8	2.6	3.8	3.2	3.9
F484	5.8	4.5	4.0	3.7	4.5	4.2	3.9	3.3	3.6	2.2	1.0	3.8	0.6	0.0	2.4	5.4	4.4	2.2	1.1	3.1
G485	0.0	-0.2	0.0	0.2	0.1	1.0	-0.7	-0.4	0.1	-0.2	-0.5	-0.4	-0.8	-0.3	-1.0	0.4	0.2	-1.0	-0.3	0.3
G486	0.0	-0.6	-0.7	-0.7	-0.3	0.1	-1.0	-0.7	-0.1	-1.0	-1.4	-0.9	-1.6	-0.9	-2.4	-0.3	-0.8	-0.9	-0.7	-0.7
L487	5.7	4.1	7.3	4.6	5.6	3.9	4.8	2.7	6.2	1.9	0.0	3.6	0.2	5.3	5.7	4.5	4.0	18.3	9.7	3.0
I488	3.0	1.7	1.4	2.0	2.5	1.9	1.0	1.2	1.3	0.0	-0.1	0.8	0.0	2.2	3.2	1.9	1.7	2.5	3.7	0.6
V489	0.8	0.1	-0.3	0.5	0.2	0.7	-0.2	-0.6	0.1	-0.7	-0.6	-0.6	-1.5	-1.2	1.6	0.4	-0.2	-1.9	-1.0	0.0
V490	3.6	1.9	2.0	3.1	4.3	1.5	4.1	1.9	6.9	0.8	0.8	1.4	0.1	3.2	3.7	2.4	1.7	3.2	4.1	0.0
C491	1.9	-0.3	6.0	0.6	2.6	0.0	2.6	0.7	3.0	-0.2	-1.2	1.2	-2.2	4.6	2.3	0.6	0.7	9.4	6.8	0.5
L492	2.8	1.7	1.1	1.6	2.8	2.0	1.2	1.2	1.6	0.5	0.0	0.8	0.3	1.2	4.7	1.8	1.7	0.7	0.8	1.4
F493	2.9	1.6	1.2	1.8	2.4	2.1	1.6	0.9	1.2	0.2	0.1	0.8	0.0	0.0	4.2	2.7	2.0	0.3	0.3	1.0
L494	4.6	3.2	5.2	3.6	3.6	3.1	4.3	3.5	2.6	0.7	0.1	2.5	-0.3	2.7	6.7	3.9	3.5	6.0	4.4	1.6
G495	0.1	4.1	29.7	23.5	22.5	12.6	30.2	28.9	76.3	27.8	32.6	31.4	19.6	57.8	14.2	8.3	16.1	72.4	74.5	18.7
L496	3.1	1.7	0.9	1.8	2.8	2.4	1.4	1.5	1.9	0.3	0.0	0.9	-0.1	-0.5	8.2	2.1	2.3	0.2	0.0	1.1
C497	1.7	-0.1	0.8	1.2	2.2	0.0	1.4	0.8	12.8	-0.4	-1.0	0.3	-2.8	4.9	2.2	0.6	-0.4	1.3	6.7	-0.8
D498	3.9	2.6	3.2	2.5	0.0	2.7	0.7	2.3	7.4	2.6	1.8	2.9	1.0	4.0	7.7	3.6	4.3	6.5	4.2	3.5
G499	0.1	4.0	28.1	21.2	24.0	9.9	30.9	29.3	75.6	23.2	25.4	26.9	17.3	45.7	16.3	7.5	15.2	65.5	46.5	15.2
F500	3.7	2.6	2.4	3.4	3.7	2.7	3.3	2.6	2.2	1.1	0.9	1.9	0.8	0.0	3.1	4.1	3.1	1.4	0.7	1.7
F501	5.4	4.0	5.2	3.7	3.5	4.4	3.4	3.8	2.9	1.5	1.3	3.4	1.3	0.1	8.7	5.0	3.8	6.1	2.2	2.4
I502	2.3	1.2	1.1	2.1	1.9	1.9	1.3	1.0	1.3	0.0	0.1	0.3	-0.6	-0.3	5.4	2.3	1.3	-0.8	-0.2	0.2
T503	1.5	-0.2	15.9	2.2	4.3	0.4	4.9	4.5	42.7	2.7	4.3	4.6	2.0	22.9	5.6	1.2	0.0	32.5	34.8	1.2
I504	2.7	1.7	6.8	1.4	2.7	0.5	2.7	1.4	4.9	0.1	-1.2	3.1	-0.2	9.4	5.0	1.9	0.6	12.4	13.0	0.2
M505	3.9	3.0	2.8	3.0	2.6	2.7	2.3	1.9	9.7	2.4	0.0	2.4	0.1	3.6	4.3	3.2	1.5	7.1	6.1	2.6
A506	1.5	0.0	0.4	0.1	-0.2	0.1	-0.9	-0.6	-0.4	-2.9	-2.1	-0.4	-3.1	-0.6	-1.0	1.6	0.0	-0.9	-0.6	-1.9
P507	4.3	3.3	2.5	5.1	5.1	4.0	5.4	3.9	4.7	2.2	1.7	2.6	2.1	1.1	0.0	3.9	2.6	5.8	0.6	1.9
I508	4.1	2.2	13.9	3.6	4.4	3.0	4.2	3.8	5.1	0.1	0.1	6.3	1.9	8.4	5.7	2.8	1.0	25.7	11.9	0.5
A509	2.2	0.0	9.8	2.7	3.7	0.9	6.1	5.0	37.4	1.8	3.4	7.7	2.2	20.3	6.5	1.0	2.0	26.0	30.1	0.8
F510	4.4	3.1	2.3	3.7	4.6	3.3	4.8	3.7	2.6	1.9	1.8	2.2	0.6	0.0	5.1	3.4	2.9	4.6	0.0	1.7
E511	1.4	0.0	-0.2	0.1	0.5	0.6	0.1	-0.2	1.7	-0.7	-0.8	-0.5	-1.0	2.5	3.1	0.6	0.5	1.4	2.9	-0.4
L512	5.1	3.2	10.8	3.9	5.5	3.6	4.4	4.1	6.0	1.8	0.0	6.9	0.5	4.3	8.2	4.1	3.5	23.9	10.6	2.6
V513	3.5	3.0	4.9	3.6	4.7	2.1	4.6	3.3	22.2	0.2	1.8	2.1	0.5	14.4	4.7	3.1	1.6	25.0	21.8	0.1
G514	0.0	3.0	2.2	3.2	3.7	3.3	3.3	3.2	3.4	4.7	3.3	2.6	2.8	3.2	5.5	3.4	5.1	3.2	3.1	5.1
P515	3.1	1.8	1.4	2.4	3.3	2.3	1.7	1.3	3.3	1.7	1.4	1.4	0.0	1.8	0.1	2.8	2.6	2.9	2.3	1.8
M516	2.2	1.6	1.1	1.9	2.2	1.8	1.4	1.4	1.7	1.2	0.7	1.0	0.0	0.7	2.5	2.1	2.1	0.4	0.7	1.4
Q517	1.0	0.8	-1.3	-0.8	0.2	1.0	0.2	0.0	0.1	1.0	-1.3	-0.5	-0.6	-1.1	2.3	1.0	1.8	0.1	-0.5	1.8
A518	1.7	0.0	15.7	4.8	5.2	1.8	6.7	6.5	50.3	9.1	4.3	8.6	4.6	7.2	5.1	0.8	4.6	18.0	12.8	5.7
S519	1.6	0.5	3.8	4.0	2.8	1.1	3.0	4.1	6.7	1.5	2.4	3.3	1.4	7.1	-0.1	0.0	0.6	7.3	6.4	0.3
Q520	3.5	2.0	1.8	2.2	4.0	2.4	1.6	0.0	2.2	2.2	0.4	1.2	0.4	0.5	3.5	2.9	2.1	2.6	0.4	3.2
A521	2.1	0.0	22.1	5.6	8.4	5.3	12.6	10.9	27.4	8.4	7.5	14.6	7.9	19.9	7.1	0.9	4.0	37.9	28.6	6.3
I522	3.9	2.6	3.4	2.3	2.8	3.2	3.5	2.2	2.7	0.0	0.3	3.2	0.1	-0.4	5.9	3.6	2.1	4.0	0.5	1.3
G523	0.0	1.3	27.5	13.4	15.9	6.8	19.7	19.5	83.2	16.7	14.3	22.1	14.9	20.8	7.3	5.7	9.3	36.3	22.9	11.5
Y524	5.6	3.9	3.9	3.6	4.8	4.2	3.9	3.8	3.3	3.2	1.6	3.7	0.9	0.3	5.4	4.7	5.7	2.4	0.0	4.3
L525	5.4	3.7	4.4	4.6	5.4	3.7	4.9	3.0	9.0	3.2	0.0	3.3	0.1	6.4	10.0	5.4	4.5	13.2	12.5	2.3
L526	4.1	2.8	3.0	1.8	4.3	3.2	2.0	2.0	1.6	0.9	0.1	2.7	-0.3	-1.3	5.4	3.6	3.9	0.1	-0.9	1.9
G527	0.0	0.0	3.8	1.7	3.5	2.4	2.4	2.2	13.8	5.4	1.9	3.4	0.3	-0.6	9.5	1.5	3.7	0.5	-0.4	4.5
M528	3.4	2.3	1.6	2.1	3.2	2.8	2.4	1.9	2.2	2.0	0.9	1.9	0.0	1.3	5.2	2.5	2.8	1.7	1.5	2.9
M529	5.6	3.6	4.4	4.0	6.0	3.8	4.4	3.6	7.6	2.5	0.7	4.0	0.1	10.3	6.3	4.2	2.7	8.3	16.6	3.3
A530	0.9	0.0	0.3	1.4	2.1	0.5	1.1	0.8	8.6	1.0	-0.9	0.6	-1.2	16.4	5.5	0.7	0.8	-1.5	16.9	0.5
L531	0.8	0.6	-0.1	0.8	0.2	1.1	0.1	0.0	0.7	0.8	0.0	0.3	-0.2	0.1	0.3	1.0	1.3	-0.2	0.2	1.1
P532	3.9	2.4	2.7	3.7	3.8	2.7	3.5	2.7	3.3	4.9	2.7	3.5	2.4	2.3	0.0	2.9	2.9	2.4	2.5	4.1
M533	3.7	2.5	1.3	2.2	3.3	2.7	2.4	1.7	3.0	0.6	0.2	1.5	0.0	4.5	5.2	2.7	2.5	1.2	3.9	1.9
I534	1.2	0.5	0.4	0.4	0.7	1.0	0.4	-0.1	0.9	0.0	0.0	0.3	-0.5	0.1	3.2	0.4	0.3	-0.1	0.2	0.7
A535	1.3	0.0	-0.4	-0.1	0.5	0.5	-0.4	-0.3	0.2	-1.0	-1.3	-0.7	-1.6	-1.0	2.9	0.9	0.1	-1.3	-0.9	-0.3
G536	0.1	1.6	12.5	11.1	12.4	4.4	12.3	10.3	58.4	9.9	12.5	13.5	9.2	33.5	9.9	3.3	8.1	37.7	36.4	6.8
P537	4.3	3.2	3.0	4.5	5.5	3.5	3.1	3.1	4.6	4.7	5.8	2.6	2.2	6.3	0.0	4.5	5.1	6.3	4.7	3.9
P538	2.7	2.2	1.8	2.4	2.4	2.5	2.1	1.6	2.3	1.9	1.4	2.0	1.6	1.7	0.0	2.0	2.1	1.4	1.9	2.5
I539	1.9	0.9	0.5	0.8	1.2	1.4	0.6	0.1	1.0	0.1	0.0	0.2	-0.7	-0.5	2.4	1.0	0.8	-0.9	-0.2	0.8
A540	1.9	0.0	5.7	2.8	5.1	3.3	6.4	3.9	62.2	1.4	4.0	4.9	0.8	12.9	3.7	2.1	4.4	12.0	16.1	3.2
G541	0.0	-0.9	-0.9	-0.1	0.1	-0.1	-0.9	-1.1	-0.1	-0.3	-1.4	-1.0	-2.2	-2.1	6.6	-0.8	0.7	-0.9	-1.9	0.3
L542	1.3	0.5	-0.2	0.7	0.9	1.1	0.4	0.1	0.9	0.0	0.0	0.0	-0.7	-0.2	2.4	0.5	1.0	-0.1	0.0	0.7
L543	3.9	2.4	1.9	2.5	3.6	2.6	2.4	2.2	1.5	0.8	0.1	1.5	0.0	0.2	5.4	3.7	3.4	-0.6	0.4	1.7
R544	0.9	-0.5	0.0	-0.4	1.3	-0.8	0.7	0.3	-0.1	1.8	0.0	-0.8	-1.6	-1.4	3.8	-0.2	1.3	-0.4	-1.1	1.0
N545	0.5	-0.2	-0.4	0.0	0.4	0.4	-0.1	-0.4	0.2	-0.4	-0.3	-0.2	-0.7	-0.1	2.7	-0.2	0.1	-0.2	0.0	0.1
C546	0.7	-0.5	-1.0	-0.8	0.3	0.0	-0.6	-1.1	-0.8	-1.2	-1.3	-1.2	-2.0	-1.1	2.2	-0.3	-0.6	-1.2	-1.1	-0.6
F547	1.7	1.0	-0.4	0.5	1.5	0.7	0.7	0.3	-0.7	0.9	-0.5	-0.3	-0.6	0.0	2.5	1.2	1.1	-0.5	0.1	1.4
G548	0.0	4.1	2.2	3.9	5.3	3.8	4.9	3.7	3.1	5.0	4.2	2.5	4.1	4.2	7.2	4.2	5.0	4.2	4.2	5.0
D549	0.7	0.7	-0.1	0.1	0.0	0.0	0.5	0.3	0.3	0.6	0.5	-0.2	-0.1	-0.4	3.5	0.1	0.4	0.0	-0.3	1.2
Y550	4.0	3.6	5.5	2.6	3.4	3.6	4.0	3.7	3.4	5.2	0.4	3.4	1.1	0.3	2.1	3.4	4.6	0.8	0.0	3.8
H551	20.8	20.2	19.7	21.3	20.9	21.1	20.3	20.1	20.9	20.1	19.9	20.0	19.4	19.5	20.2	20.1	19.6	20.3	19.4	20.4
V552	1.3	0.5	-0.1	0.4	0.4	1.0	0.1	-0.7	0.1	-0.6	-0.4	-0.2	-1.2	-0.5	-0.5	1.1	0.7	-0.2	-0.3	0.0
A553	1.6	-0.8	10.0	7.3	3.4	1.1	6.9	5.3	24.2	0.7	3.8	8.5	2.1	11.5	-2.1	0.8	-0.3	27.8	17.3	1.8
F554	6.7	5.0	4.4	4.6	6.8	5.0	5.9	4.5	2.9	3.5	1.8	5.2	0.8	0.0	7.3	5.4	5.5	4.6	2.9	4.6
Y555	1.3	0.5	-0.2	0.8	1.3	1.1	0.4	-0.2	0.4	-0.7	-0.7	-0.2	-0.5	-1.1	3.7	0.7	0.1	-0.4	0.0	0.2
F556	1.8	0.8	0.3	0.5	1.4	1.4	0.8	0.1	0.6	0.3	-0.3	0.0	-0.5	0.0	3.3	1.2	1.6	-2.2	-0.1	0.8
A557	1.0	0.1	9.9	6.4	8.0	2.4	12.6	9.2	50.7	7.5	5.7	8.9	5.7	22.3	3.6	1.2	5.1	27.6	20.9	5.2
G558	0.1	1.4	3.0	3.9	7.6	2.0	5.5	4.7	42.2	9.0	5.8	3.6	4.4	7.3	8.4	2.4	9.2	3.2	2.2	9.0
V559	0.4	-0.4	0.3	0.3	0.0	0.6	-0.5	-0.8	1.0	-0.4	-0.5	-0.2	-0.4	-0.7	0.6	0.6	0.4	-0.3	-0.6	0.0
P560	3.7	2.5	2.2	2.2	3.4	2.6	2.0	1.8	2.2	4.4	1.3	2.1	1.3	1.5	0.0	3.0	4.9	0.9	1.7	4.5
P561	4.8	3.1	6.4	3.8	4.9	3.4	4.6	4.8	8.9	3.5	0.8	4.6	1.1	11.2	0.1	4.1	2.8	21.4	15.3	2.6
I562	3.4	2.1	1.7	1.9	2.8	2.4	1.8	1.9	2.4	0.0	-0.4	1.2	0.2	1.1	4.2	2.2	1.5	0.9	1.2	1.1
I563	2.0	1.0	0.5	1.0	1.1	1.3	0.4	0.3	1.0	0.0	0.0	0.3	-0.5	0.3	3.8	1.1	1.2	0.1	0.3	0.8
G564	0.1	1.6	27.1	14.7	13.0	4.4	13.8	17.1	67.1	16.6	16.8	24.3	13.2	36.9	9.9	4.6	9.9	43.3	33.9	9.1
A565	2.0	0.0	1.6	3.4	4.9	2.1	3.1	2.2	22.9	6.8	3.7	1.2	-0.4	1.9	5.8	1.5	2.9	3.1	0.6	4.1
V566	0.6	-0.3	-0.5	0.0	0.0	0.3	-0.5	-0.6	-0.2	-0.8	-0.9	-0.8	-1.2	-1.3	2.1	-0.3	-0.4	-1.1	-1.1	0.0
I567	2.5	1.4	1.3	1.3	1.9	1.5	1.1	0.7	1.4	0.0	0.5	0.8	-0.1	0.5	4.3	1.7	1.7	0.5	0.6	0.9
L568	4.5	2.7	10.6	2.8	5.1	3.0	4.4	4.2	5.8	2.1	-0.1	4.1	0.5	7.1	6.2	4.2	3.1	11.4	11.8	2.7
F569	0.8	0.5	0.3	1.0	1.3	1.1	0.6	-0.2	0.8	0.4	-0.3	0.0	-0.6	0.0	6.9	0.4	1.2	-0.2	0.0	1.0
F570	1.0	1.3	0.3	0.4	0.0	0.4	0.4	0.2	1.1	0.1	0.1	0.4	-0.3	0.1	0.9	0.2	0.7	0.6	0.5	0.9
V571	4.2	2.6	14.5	2.9	4.8	2.6	7.4	7.2	15.1	1.6	0.4	14.4	3.3	12.2	7.7	3.9	1.7	28.5	21.7	0.1
P572	4.8	3.2	4.1	3.2	1.9	3.8	1.7	3.3	2.7	2.7	2.6	3.4	1.9	1.8	0.1	4.6	4.3	1.8	2.2	2.7
L573	1.6	0.4	0.8	0.6	-1.1	0.9	-0.5	-0.1	1.0	-0.1	0.0	0.5	-0.1	-0.6	-0.5	1.1	1.3	1.1	-0.6	0.8
M574	2.8	1.5	1.9	1.2	1.6	2.0	1.2	0.5	1.6	0.3	-0.4	1.4	0.0	0.7	4.8	1.8	1.1	1.1	1.5	1.1
H575	1.7	0.1	0.9	1.0	0.9	1.4	0.5	0.4	0.5	0.9	-0.3	0.9	-0.8	12.6	6.3	1.2	2.3	-1.1	-0.3	2.4
Q576	1.2	0.5	0.8	0.4	0.4	0.9	0.0	0.0	0.6	0.0	0.1	0.4	-0.2	0.0	2.9	1.0	0.9	-0.2	0.4	0.6
R577	1.0	0.2	0.0	0.1	0.3	0.8	-0.1	-0.1	0.3	-0.2	-0.2	0.0	-0.6	-0.6	2.1	0.1	0.6	-0.5	-0.6	0.4
M578	2.3	1.3	1.7	1.3	1.9	1.6	1.5	1.0	2.2	0.3	0.4	1.5	0.0	1.5	4.1	1.4	1.4	1.8	1.6	1.3
F579	1.3	0.4	0.4	0.6	0.6	0.8	0.3	0.2	0.8	-0.3	-0.5	0.0	-0.8	0.0	3.8	1.2	0.9	0.6	0.2	0.4
K580	0.3	-0.4	0.3	0.6	0.4	0.2	0.0	0.0	0.7	-0.3	-0.5	0.0	-1.1	0.0	4.2	-0.2	0.2	0.0	-0.3	0.4
K581	0.6	-0.1	-0.2	-0.1	0.3	0.7	-0.2	0.0	0.2	0.1	-0.3	0.0	-0.4	-0.2	3.4	0.0	0.7	-0.4	-0.2	0.7
E582	0.9	0.1	-0.3	0.3	0.4	0.5	0.0	-0.1	0.3	-0.4	-0.4	-0.1	-0.7	-0.8	2.9	0.1	0.0	-0.8	-0.7	0.4
Q583	0.6	-0.1	-0.5	-0.7	0.3	0.6	-0.1	0.0	0.0	-0.3	-0.5	-0.3	-0.8	-0.5	2.7	-0.2	0.3	-0.8	-0.4	0.4
R584	0.8	0.0	0.0	0.0	0.5	0.8	0.1	0.2	0.2	0.1	-0.3	0.0	-0.6	0.1	2.9	0.2	0.7	-0.1	0.0	0.8
D585	0.6	-0.2	0.1	0.3	0.0	0.2	-0.2	-0.2	0.6	-0.5	-0.3	-0.5	-0.9	0.1	3.6	0.0	0.3	0.0	0.1	0.1
S586	0.3	-0.4	-0.5	-0.9	0.5	0.3	0.1	0.0	-0.2	0.3	-0.3	-0.3	-0.5	-0.3	2.2	0.0	0.8	-0.3	-0.2	1.6
S587	0.8	0.0	0.0	0.5	0.5	0.8	0.2	-0.5	0.6	-0.1	-0.6	-0.4	-0.3	-0.1	3.4	0.0	0.6	-0.4	0.0	0.4
K588	1.4	0.5	0.2	1.2	1.6	1.2	0.8	0.6	0.9	0.0	-0.2	0.0	-0.2	-0.1	3.7	0.9	1.2	0.1	0.0	0.5
D589	0.1	-0.5	-0.5	-0.2	0.0	0.1	-0.5	-0.8	-0.1	-0.6	-0.8	-0.7	-1.1	-0.9	2.5	0.0	0.1	-0.6	-0.8	-0.1
K590	0.9	0.3	-0.4	0.3	1.2	0.9	0.7	-0.1	0.0	0.3	0.3	0.0	0.2	0.2	3.2	0.2	0.8	0.4	0.3	0.7
M591	0.7	0.4	0.0	0.5	1.5	1.1	0.9	0.2	0.1	1.1	0.3	0.2	0.0	0.5	3.0	0.2	0.9	0.6	0.5	1.5
L592	1.1	0.9	0.7	0.1	1.4	0.8	1.1	0.9	1.3	1.0	0.0	0.6	0.5	1.3	2.4	-0.2	0.5	1.2	0.5	1.3
A593	0.3	0.0	-0.9	-0.5	0.3	-0.4	0.2	-0.6	-0.5	-0.6	-0.5	-0.5	-0.5	-1.0	1.6	-0.6	-0.7	-0.5	-0.7	-0.1
P594	0.9	0.7	0.0	0.9	1.0	0.6	0.2	0.3	-0.1	1.0	0.8	0.5	0.7	0.4	0.0	0.4	0.3	0.9	0.5	0.9
D595	0.0	-0.2	-1.1	-0.1	0.0	-0.4	-0.8	-0.9	-0.9	-0.6	-0.9	-0.8	-0.7	-0.9	-1.2	0.0	-0.1	-0.5	-0.9	-0.1
P596	0.6	0.5	0.3	0.4	0.6	0.5	0.2	0.1	0.2	0.5	0.3	0.3	0.5	0.4	0.0	0.5	0.3	0.3	0.2	0.4
D597	1.4	1.0	0.5	0.4	0.0	1.2	0.4	0.7	0.9	1.1	0.8	0.8	1.1	0.7	-0.8	1.4	1.2	1.0	0.8	1.3
P598	0.7	0.7	0.5	0.9	1.2	1.0	1.0	0.6	0.3	1.3	0.8	0.6	1.0	0.9	0.0	0.8	1.2	1.1	0.5	1.4
N599	0.4	0.2	-0.2	0.0	0.5	0.1	0.6	-0.4	0.2	0.6	-0.1	-0.2	-0.1	-0.3	3.9	-0.7	-0.7	-0.5	-0.3	1.2
G600	0.0	0.0	-0.2	-0.4	0.4	-0.3	0.3	-0.3	0.4	0.0	0.0	-0.3	-0.1	0.2	0.9	-0.6	0.6	0.2	0.2	0.4
E601	0.1	0.0	0.0	-0.2	-0.3	0.2	0.0	-0.1	-0.2	0.2	0.1	-0.1	0.0	0.0	2.5	0.2	0.2	0.1	0.0	0.3
L602	1.9	0.1	-0.1	-0.2	0.1	0.0	0.2	1.7	-0.1	1.2	0.0	0.0	0.1	-0.1	4.5	-0.2	0.5	0.0	-0.1	1.3
L603	0.5	0.6	-0.3	0.1	0.1	0.2	0.2	0.1	0.2	0.1	0.0	-0.3	0.1	-0.2	3.2	0.5	0.1	0.1	-0.5	0.2
P604	0.5	0.3	0.1	0.2	0.1	0.2	0.2	0.2	0.3	0.1	0.1	0.1	0.2	-0.1	0.0	0.4	0.1	-0.1	-0.1	0.2
G605	0.0	1.1	1.0	1.5	1.3	1.4	1.2	1.3	1.4	1.9	1.3	1.1	1.0	1.1	5.3	1.5	2.1	1.3	1.2	2.0
S606	0.9	0.9	-0.1	0.4	0.6	0.5	0.6	0.4	0.3	1.2	0.7	0.1	0.7	0.4	3.2	0.0	0.3	0.3	0.5	1.3
P607	0.4	0.2	-0.1	0.4	0.5	0.2	-0.2	0.0	0.0	0.4	0.2	0.1	0.1	0.3	0.0	0.0	0.0	0.1	0.2	0.4
N608	0.1	0.0	-0.7	0.0	0.1	0.0	-0.5	-0.3	-0.1	-0.2	-0.4	-0.5	-0.7	-1.1	-1.2	0.1	-0.1	-0.6	-0.9	-0.1
P609	-1.6	-1.7	-2.4	-2.1	-1.8	-1.9	-1.8	-2.1	-2.1	-2.1	-2.1	-2.4	-2.0	-2.3	0.0	-1.6	-2.1	-2.2	-2.3	-2.0
E610	0.7	0.6	-0.4	0.6	0.7	0.5	0.0	-0.2	0.6	0.4	0.1	-0.1	-0.1	0.1	0.5	0.8	0.6	0.2	0.1	0.6
E611	0.2	0.1	-0.6	-0.1	0.1	-0.1	0.0	-0.5	0.1	-0.2	-0.2	-0.7	-0.2	-0.1	-0.9	0.1	-0.2	-0.1	-0.1	-0.2
P612	0.2	0.1	-0.4	-0.1	0.2	-0.2	-0.3	-0.3	-0.1	-0.6	-0.6	-0.6	-0.5	-0.7	0.0	0.2	-0.2	-0.6	-0.7	-0.1
I613	0.0	0.0	-0.3	-0.1	0.0	-0.1	-0.1	-0.1	-0.1	0.0	-0.2	-0.3	-0.2	-0.3	0.0	0.0	-0.1	-0.3	-0.3	-0.1
