,G161,T162,A163,R164,G165,F166,Q167,P168,P169,E170,G171,G172,F173,G174,W175,V176,V177,V178,F179,A180,A181,T182,W183,C184,N185,G186,S187,I188,F189,G190,I191,H192,N193,S194,V195,G196,I197,L198,Y199,S200,M201,L202,L203,E204,E205,E206,K207,E208,K209,N210,R211,Q212,V213,E214,F215,Q216,A217,A218,W219,V220,G221,A222,L223,A224,M225,G226,M227,I228,F229,F230,C231,S232,P233,I234,V235,S236,I237,F238,T239,D240,R241,L242,G243,C244,R245,I246,T247,A248,T249,A250,G251,A252,A253,V254,A255,F256,I257,G258,L259,H260,T261,S262,S263,F264,T265,S266,S267,L268,S269,L270,R271,Y272,F273,T274,Y275,G276,I277,L278,F279,G280,C281,G282,C283,S284,F285,A286,F287,Q288,P289,S290,L291,V292,I293,L294,G295,H296,Y297,F298,Q299,R300,R301,L302,G303,L304,A305,N306,G307,V308,V309,S310,A311,G312,S313,S314,I315,F316,S317,M318,S319,F320,P321,F322,L323,I324,R325,M326,L327,G328,D329,K330,I331,K332,L333,A334,Q335,T336,F337,Q338,V339,L340,S341,T342,F343,M344,F345,V346,L347,M348,L349,L350,S351,L352,T353,Y354,R355,P356,L357,L358,P359,S360,S361,Q362,D363,T364,P365,S366,K367,R368,G369,V370,R371,T372,L373,H374,Q375,R376,F377,L378,A379,Q380,L381,R382,K383,Y384,F385,N386,M387,R388,V389,F390,R391,Q392,R393,T394,Y395,R396,I397,W398,A399,F400,G401,I402,A403,A404,A405,A406,L407,G408,Y409,F410,V411,P412,Y413,V414,H415,L416,M417,K418,Y419,V420,E421,E422,E423,F424,S425,E426,I427,K428,E429,T430,W431,V432,L433,L434,V435,C436,I437,G438,A439,T440,S441,G442,L443,G444,R445,L446,V447,S448,G449,H450,I451,S452,D453,S454,I455,P456,G457,L458,K459,K460,I461,Y462,L463,Q464,V465,L466,S467,F468,L469,L470,L471,G472,L473,M474,S475,M476,M477,I478,P479,L480,C481,R482,D483,F484,G485,G486,L487,I488,V489,V490,C491,L492,F493,L494,G495,L496,C497,D498,G499,F500,F501,I502,T503,I504,M505,A506,P507,I508,A509,F510,E511,L512,V513,G514,P515,M516,Q517,A518,S519,Q520,A521,I522,G523,Y524,L525,L526,G527,M528,M529,A530,L531,P532,M533,I534,A535,G536,P537,P538,I539,A540,G541,L542,L543,R544,N545,C546,F547,G548,D549,Y550,H551,V552,A553,F554,Y555,F556,A557,G558,V559,P560,P561,I562,I563,G564,A565,V566,I567,L568,F569,F570,V571,P572,L573,M574,H575,Q576,R577,M578,F579,K580,K581,E582,Q583,R584,D585,S586,S587,K588,D589,K590
G,,0.0,0.0,0.0,,0.0,0.0,0.0,0.0,2.0,,,0.0,,3.0,0.0,3.0,3.0,0.0,0.0,0.0,0.0,0.0,0.0,0.0,,3.0,3.0,3.0,,2.0,0.0,0.0,0.0,0.0,,2.0,3.0,2.0,0.0,0.0,0.0,0.0,0.0,0.0,0.0,0.0,0.0,0.0,0.0,0.0,0.0,0.0,0.0,0.0,0.0,0.0,0.0,0.0,3.0,,0.0,3.0,0.0,0.0,,0.0,0.0,3.0,0.0,0.0,0.0,2.0,0.0,0.0,0.0,0.0,0.0,0.0,3.0,0.0,0.0,,0.0,0.0,0.0,3.0,0.0,0.0,0.0,,0.0,0.0,0.0,0.0,0.0,0.0,,3.0,0.0,0.0,0.0,0.0,0.0,0.0,0.0,0.0,0.0,0.0,0.0,2.0,0.0,0.0,2.0,2.0,,0.0,0.0,0.0,,0.0,,0.0,0.0,0.0,0.0,3.0,0.0,2.0,0.0,3.0,3.0,3.0,3.0,,0.0,0.0,3.0,0.0,0.0,0.0,3.0,,3.0,0.0,3.0,,2.0,3.0,0.0,0.0,,0.0,0.0,0.0,0.0,0.0,0.0,0.0,0.0,2.0,0.0,0.0,0.0,0.0,0.0,0.0,,0.0,0.0,0.0,0.0,0.0,0.0,0.0,0.0,3.0,0.0,0.0,3.0,0.0,0.0,0.0,0.0,0.0,0.0,0.0,0.0,0.0,0.0,0.0,0.0,2.0,0.0,0.0,0.0,0.0,0.0,0.0,0.0,0.0,0.0,0.0,0.0,0.0,0.0,0.0,0.0,,0.0,0.0,0.0,0.0,0.0,0.0,0.0,0.0,0.0,0.0,0.0,0.0,0.0,0.0,0.0,0.0,0.0,0.0,0.0,3.0,0.0,0.0,0.0,0.0,0.0,3.0,0.0,0.0,3.0,0.0,0.0,,0.0,0.0,0.0,0.0,0.0,0.0,,2.0,2.0,3.0,2.0,0.0,2.0,3.0,3.0,0.0,0.0,0.0,0.0,0.0,0.0,0.0,0.0,0.0,0.0,0.0,0.0,0.0,0.0,0.0,3.0,3.0,3.0,0.0,0.0,2.0,,0.0,0.0,3.0,,0.0,,3.0,0.0,0.0,0.0,,0.0,0.0,0.0,3.0,0.0,2.0,0.0,,0.0,0.0,2.0,3.0,0.0,0.0,3.0,0.0,0.0,0.0,3.0,0.0,0.0,0.0,,0.0,0.0,0.0,0.0,0.0,2.0,2.0,0.0,0.0,0.0,0.0,0.0,,,3.0,0.0,0.0,3.0,0.0,0.0,0.0,3.0,,2.0,0.0,3.0,,0.0,3.0,0.0,0.0,0.0,3.0,0.0,2.0,2.0,0.0,0.0,2.0,3.0,2.0,,0.0,0.0,0.0,0.0,0.0,0.0,0.0,3.0,,0.0,3.0,3.0,,0.0,2.0,0.0,0.0,2.0,0.0,0.0,0.0,,2.0,2.0,0.0,0.0,,0.0,2.0,0.0,0.0,0.0,0.0,,0.0,0.0,3.0,0.0,0.0,3.0,0.0,0.0,0.0,,0.0,2.0,2.0,0.0,0.0,,0.0,0.0,0.0,0.0,0.0,0.0,2.0,2.0,0.0,0.0,0.0,0.0,0.0,0.0,0.0,0.0,0.0,0.0,0.0,0.0,0.0,0.0,0.0,0.0,0.0,0.0
A,0.0,0.0,,0.0,0.0,0.0,0.0,0.0,0.0,2.0,0.0,0.0,0.0,0.0,0.0,0.0,0.0,0.0,0.0,,,0.0,0.0,0.0,0.0,2.0,0.0,2.0,0.0,0.0,2.0,0.0,2.0,0.0,0.0,0.0,0.0,3.0,0.0,0.0,0.0,0.0,0.0,0.0,0.0,0.0,0.0,0.0,0.0,0.0,0.0,0.0,0.0,0.0,0.0,0.0,,,0.0,0.0,0.0,,0.0,,0.0,0.0,0.0,0.0,0.0,0.0,0.0,0.0,0.0,0.0,0.0,0.0,0.0,0.0,0.0,2.0,0.0,0.0,0.0,0.0,0.0,0.0,0.0,,0.0,,2.0,,,0.0,,0.0,0.0,0.0,3.0,0.0,0.0,0.0,0.0,0.0,0.0,0.0,0.0,0.0,0.0,0.0,0.0,0.0,0.0,0.0,0.0,0.0,0.0,0.0,0.0,0.0,0.0,2.0,0.0,0.0,0.0,,0.0,0.0,0.0,0.0,0.0,0.0,0.0,0.0,0.0,0.0,0.0,2.0,0.0,0.0,0.0,3.0,0.0,0.0,,0.0,0.0,0.0,0.0,0.0,,0.0,0.0,0.0,0.0,0.0,0.0,0.0,0.0,0.0,0.0,0.0,0.0,0.0,0.0,0.0,0.0,0.0,0.0,0.0,0.0,0.0,0.0,,0.0,0.0,0.0,0.0,0.0,2.0,0.0,0.0,0.0,0.0,0.0,0.0,0.0,0.0,0.0,0.0,0.0,0.0,0.0,0.0,0.0,0.0,0.0,0.0,0.0,0.0,0.0,0.0,0.0,0.0,0.0,0.0,0.0,0.0,0.0,0.0,0.0,0.0,0.0,0.0,0.0,0.0,0.0,0.0,,0.0,0.0,0.0,0.0,0.0,0.0,0.0,0.0,0.0,0.0,0.0,0.0,0.0,0.0,0.0,3.0,0.0,0.0,2.0,,0.0,0.0,0.0,,,,,0.0,0.0,2.0,0.0,0.0,2.0,0.0,0.0,0.0,2.0,0.0,0.0,0.0,0.0,0.0,0.0,0.0,0.0,0.0,0.0,0.0,0.0,0.0,0.0,0.0,0.0,0.0,0.0,0.0,0.0,2.0,0.0,,0.0,0.0,0.0,0.0,0.0,3.0,0.0,0.0,0.0,0.0,0.0,0.0,0.0,3.0,0.0,0.0,0.0,0.0,0.0,0.0,0.0,0.0,0.0,0.0,0.0,0.0,0.0,0.0,0.0,0.0,0.0,0.0,0.0,0.0,0.0,0.0,0.0,0.0,0.0,0.0,0.0,0.0,0.0,0.0,0.0,0.0,0.0,0.0,0.0,0.0,0.0,0.0,0.0,0.0,0.0,2.0,0.0,0.0,3.0,2.0,0.0,0.0,0.0,0.0,0.0,2.0,,0.0,0.0,,0.0,0.0,0.0,0.0,0.0,0.0,0.0,0.0,,0.0,0.0,,2.0,0.0,0.0,0.0,0.0,0.0,0.0,0.0,,0.0,0.0,0.0,0.0,,0.0,0.0,0.0,0.0,,0.0,0.0,0.0,0.0,0.0,0.0,0.0,0.0,0.0,0.0,2.0,0.0,,2.0,0.0,0.0,,0.0,0.0,0.0,0.0,0.0,0.0,0.0,,0.0,0.0,0.0,0.0,0.0,0.0,0.0,0.0,0.0,0.0,0.0,0.0,0.0,0.0,0.0,0.0,0.0,0.0,0.0,0.0,0.0,0.0,0.0,0.0,0.0
V,0.0,0.0,0.0,0.0,0.0,0.0,0.0,0.0,0.0,3.0,3.0,0.0,0.0,3.0,0.0,,,,0.0,0.0,0.0,0.0,0.0,0.0,0.0,2.0,0.0,0.0,3.0,3.0,0.0,0.0,3.0,3.0,,3.0,0.0,0.0,0.0,0.0,0.0,0.0,0.0,0.0,0.0,0.0,0.0,0.0,0.0,0.0,0.0,0.0,,0.0,0.0,0.0,0.0,0.0,0.0,,0.0,0.0,0.0,0.0,0.0,3.0,0.0,0.0,3.0,0.0,0.0,3.0,0.0,0.0,,3.0,0.0,0.0,0.0,3.0,0.0,0.0,3.0,0.0,2.0,0.0,0.0,0.0,0.0,0.0,3.0,0.0,0.0,,3.0,0.0,0.0,3.0,0.0,0.0,0.0,0.0,3.0,0.0,0.0,0.0,0.0,0.0,0.0,0.0,0.0,0.0,0.0,0.0,0.0,3.0,0.0,0.0,3.0,3.0,0.0,3.0,0.0,3.0,0.0,0.0,3.0,0.0,0.0,3.0,0.0,,0.0,0.0,0.0,0.0,0.0,3.0,0.0,0.0,3.0,0.0,3.0,0.0,0.0,0.0,3.0,,,0.0,0.0,0.0,3.0,2.0,0.0,3.0,0.0,0.0,0.0,0.0,0.0,0.0,0.0,0.0,0.0,0.0,0.0,0.0,0.0,0.0,0.0,0.0,0.0,0.0,0.0,0.0,0.0,0.0,,0.0,3.0,0.0,0.0,0.0,0.0,,0.0,0.0,0.0,0.0,0.0,0.0,0.0,0.0,0.0,0.0,0.0,0.0,0.0,0.0,0.0,0.0,0.0,0.0,0.0,0.0,0.0,0.0,0.0,,0.0,0.0,0.0,0.0,0.0,0.0,0.0,0.0,0.0,0.0,0.0,0.0,0.0,0.0,0.0,0.0,0.0,0.0,,0.0,0.0,0.0,0.0,0.0,0.0,0.0,0.0,0.0,0.0,0.0,3.0,0.0,0.0,0.0,0.0,0.0,0.0,3.0,3.0,0.0,,0.0,0.0,,0.0,0.0,0.0,0.0,0.0,,0.0,0.0,0.0,0.0,0.0,0.0,0.0,0.0,0.0,0.0,0.0,,0.0,0.0,,0.0,0.0,3.0,0.0,0.0,3.0,0.0,0.0,2.0,3.0,0.0,,0.0,3.0,0.0,0.0,0.0,3.0,0.0,0.0,0.0,0.0,0.0,3.0,2.0,0.0,0.0,0.0,3.0,,0.0,0.0,3.0,0.0,0.0,0.0,3.0,0.0,0.0,0.0,0.0,0.0,0.0,0.0,0.0,0.0,0.0,0.0,0.0,0.0,0.0,0.0,0.0,,,0.0,0.0,0.0,0.0,3.0,0.0,0.0,3.0,3.0,0.0,0.0,0.0,0.0,0.0,0.0,0.0,0.0,0.0,0.0,0.0,0.0,0.0,,3.0,0.0,0.0,0.0,0.0,0.0,0.0,3.0,0.0,3.0,0.0,0.0,0.0,2.0,0.0,0.0,0.0,0.0,3.0,0.0,0.0,0.0,3.0,3.0,0.0,0.0,0.0,3.0,0.0,0.0,0.0,0.0,0.0,0.0,0.0,0.0,0.0,2.0,,0.0,3.0,0.0,0.0,3.0,3.0,,0.0,0.0,0.0,0.0,3.0,0.0,,0.0,0.0,0.0,0.0,,0.0,0.0,0.0,0.0,0.0,0.0,0.0,0.0,0.0,0.0,0.0,0.0,0.0,0.0,0.0,0.0,0.0,0.0,0.0
L,0.0,0.0,0.0,0.0,0.0,0.0,0.0,0.0,0.0,3.0,3.0,0.0,0.0,3.0,0.0,0.0,0.0,0.0,0.0,0.0,3.0,0.0,0.0,0.0,0.0,3.0,0.0,0.0,0.0,3.0,0.0,0.0,0.0,3.0,0.0,3.0,0.0,,0.0,0.0,0.0,,,0.0,0.0,0.0,0.0,0.0,0.0,0.0,0.0,0.0,0.0,0.0,0.0,0.0,0.0,0.0,0.0,0.0,0.0,0.0,,0.0,0.0,0.0,0.0,0.0,0.0,0.0,0.0,0.0,0.0,0.0,0.0,3.0,0.0,0.0,0.0,3.0,0.0,,3.0,0.0,0.0,0.0,0.0,0.0,0.0,0.0,3.0,0.0,0.0,0.0,3.0,0.0,0.0,3.0,,0.0,0.0,0.0,3.0,0.0,0.0,0.0,0.0,,0.0,,0.0,0.0,0.0,0.0,0.0,3.0,0.0,,0.0,3.0,0.0,3.0,0.0,3.0,0.0,0.0,0.0,0.0,3.0,3.0,,0.0,0.0,,0.0,0.0,0.0,3.0,0.0,0.0,0.0,,3.0,,3.0,0.0,3.0,0.0,0.0,0.0,0.0,0.0,3.0,3.0,0.0,0.0,0.0,0.0,0.0,0.0,3.0,0.0,,0.0,0.0,0.0,,0.0,0.0,0.0,0.0,0.0,,0.0,0.0,0.0,0.0,0.0,0.0,,3.0,0.0,0.0,0.0,0.0,0.0,,0.0,,,0.0,,0.0,0.0,0.0,0.0,,,0.0,0.0,0.0,0.0,0.0,0.0,0.0,0.0,0.0,0.0,0.0,0.0,0.0,0.0,,0.0,0.0,0.0,0.0,,0.0,0.0,,0.0,0.0,0.0,0.0,0.0,0.0,0.0,0.0,0.0,0.0,0.0,0.0,0.0,0.0,0.0,0.0,0.0,0.0,0.0,3.0,0.0,0.0,0.0,3.0,0.0,,3.0,0.0,0.0,0.0,3.0,0.0,0.0,0.0,,0.0,0.0,0.0,0.0,0.0,0.0,0.0,0.0,0.0,0.0,0.0,0.0,0.0,0.0,0.0,0.0,,,0.0,0.0,0.0,3.0,0.0,0.0,3.0,0.0,,3.0,3.0,,0.0,0.0,3.0,0.0,0.0,0.0,3.0,0.0,0.0,0.0,0.0,,0.0,2.0,0.0,0.0,,0.0,0.0,,0.0,0.0,,,,3.0,,0.0,0.0,0.0,0.0,0.0,0.0,,0.0,0.0,0.0,0.0,0.0,0.0,,0.0,0.0,0.0,0.0,,0.0,,3.0,,0.0,3.0,3.0,0.0,0.0,0.0,0.0,0.0,0.0,0.0,0.0,0.0,0.0,0.0,0.0,,0.0,0.0,0.0,0.0,0.0,0.0,0.0,0.0,3.0,0.0,3.0,0.0,,,0.0,0.0,0.0,0.0,,0.0,0.0,0.0,0.0,3.0,3.0,0.0,0.0,0.0,0.0,,,0.0,0.0,0.0,0.0,0.0,0.0,0.0,2.0,0.0,0.0,0.0,0.0,0.0,3.0,3.0,0.0,0.0,0.0,0.0,0.0,3.0,0.0,0.0,0.0,,0.0,0.0,0.0,0.0,,0.0,0.0,0.0,0.0,0.0,0.0,0.0,0.0,0.0,0.0,0.0,0.0,0.0,0.0,0.0,0.0,0.0
I,0.0,0.0,0.0,0.0,0.0,0.0,0.0,0.0,0.0,2.0,3.0,0.0,0.0,3.0,0.0,0.0,0.0,0.0,0.0,0.0,0.0,0.0,0.0,0.0,0.0,3.0,0.0,,3.0,3.0,,0.0,3.0,3.0,0.0,3.0,,0.0,0.0,0.0,0.0,0.0,0.0,0.0,0.0,0.0,0.0,0.0,0.0,0.0,0.0,0.0,0.0,0.0,2.0,0.0,0.0,2.0,0.0,0.0,0.0,0.0,0.0,0.0,0.0,0.0,0.0,,3.0,0.0,0.0,3.0,0.0,,0.0,3.0,,0.0,0.0,3.0,0.0,0.0,3.0,0.0,2.0,,0.0,0.0,0.0,0.0,3.0,3.0,0.0,0.0,2.0,3.0,,3.0,0.0,0.0,0.0,3.0,3.0,0.0,0.0,0.0,0.0,0.0,0.0,0.0,0.0,0.0,0.0,0.0,3.0,3.0,,0.0,3.0,3.0,0.0,3.0,0.0,3.0,0.0,0.0,3.0,0.0,3.0,3.0,0.0,0.0,,0.0,0.0,0.0,3.0,3.0,0.0,3.0,3.0,0.0,3.0,0.0,3.0,0.0,3.0,0.0,0.0,0.0,0.0,0.0,3.0,3.0,,3.0,0.0,0.0,0.0,0.0,3.0,0.0,0.0,,0.0,0.0,0.0,0.0,0.0,0.0,,0.0,0.0,0.0,0.0,0.0,3.0,0.0,0.0,0.0,3.0,0.0,0.0,0.0,0.0,0.0,0.0,0.0,0.0,0.0,0.0,0.0,0.0,0.0,0.0,0.0,0.0,0.0,0.0,0.0,0.0,0.0,0.0,0.0,0.0,0.0,0.0,0.0,0.0,0.0,0.0,0.0,0.0,0.0,0.0,0.0,0.0,0.0,0.0,0.0,0.0,0.0,0.0,0.0,0.0,0.0,0.0,0.0,0.0,0.0,0.0,0.0,0.0,0.0,3.0,0.0,,0.0,0.0,0.0,3.0,,0.0,0.0,2.0,0.0,0.0,3.0,3.0,3.0,0.0,3.0,0.0,0.0,0.0,0.0,0.0,0.0,0.0,0.0,0.0,0.0,0.0,0.0,0.0,0.0,,0.0,0.0,0.0,0.0,0.0,0.0,0.0,0.0,0.0,,3.0,0.0,0.0,3.0,0.0,0.0,2.0,3.0,0.0,0.0,0.0,3.0,0.0,,0.0,3.0,0.0,,0.0,0.0,0.0,3.0,2.0,,0.0,0.0,0.0,0.0,0.0,3.0,3.0,0.0,0.0,0.0,3.0,0.0,0.0,0.0,0.0,0.0,,0.0,0.0,0.0,0.0,0.0,0.0,0.0,0.0,0.0,,0.0,0.0,0.0,0.0,0.0,0.0,3.0,0.0,0.0,3.0,3.0,0.0,3.0,,0.0,,0.0,0.0,0.0,,0.0,3.0,2.0,0.0,0.0,3.0,0.0,0.0,0.0,2.0,3.0,0.0,3.0,,3.0,0.0,0.0,0.0,2.0,0.0,0.0,3.0,0.0,3.0,0.0,,0.0,3.0,3.0,0.0,,0.0,3.0,0.0,0.0,0.0,0.0,0.0,0.0,0.0,0.0,3.0,3.0,0.0,0.0,3.0,0.0,0.0,3.0,3.0,0.0,0.0,0.0,,,3.0,2.0,0.0,,0.0,0.0,0.0,0.0,0.0,0.0,0.0,0.0,0.0,0.0,0.0,0.0,0.0,0.0,0.0,0.0,0.0,0.0,0.0,0.0,0.0,0.0,0.0
M,0.0,0.0,0.0,0.0,0.0,0.0,0.0,0.0,0.0,2.0,3.0,0.0,0.0,3.0,0.0,0.0,2.0,0.0,0.0,2.0,2.0,0.0,0.0,0.0,0.0,3.0,0.0,3.0,3.0,3.0,3.0,0.0,3.0,3.0,0.0,3.0,0.0,3.0,0.0,0.0,,0.0,0.0,0.0,0.0,0.0,0.0,0.0,3.0,0.0,0.0,0.0,0.0,0.0,2.0,0.0,0.0,0.0,0.0,0.0,0.0,2.0,2.0,0.0,,0.0,,0.0,3.0,0.0,0.0,0.0,0.0,0.0,3.0,3.0,0.0,0.0,0.0,3.0,0.0,0.0,3.0,0.0,3.0,0.0,0.0,0.0,0.0,0.0,3.0,2.0,0.0,0.0,2.0,0.0,0.0,3.0,0.0,0.0,0.0,3.0,0.0,0.0,0.0,0.0,0.0,0.0,0.0,0.0,0.0,0.0,0.0,0.0,0.0,3.0,3.0,0.0,3.0,3.0,0.0,3.0,0.0,3.0,0.0,0.0,3.0,0.0,3.0,3.0,0.0,2.0,0.0,3.0,0.0,0.0,3.0,3.0,0.0,3.0,3.0,0.0,3.0,3.0,2.0,0.0,3.0,0.0,0.0,0.0,0.0,0.0,3.0,3.0,0.0,3.0,0.0,,0.0,0.0,3.0,0.0,3.0,0.0,3.0,,0.0,0.0,0.0,0.0,0.0,0.0,0.0,0.0,0.0,0.0,0.0,0.0,0.0,0.0,3.0,0.0,0.0,,0.0,0.0,0.0,,0.0,0.0,0.0,0.0,0.0,0.0,3.0,0.0,0.0,0.0,0.0,0.0,0.0,0.0,0.0,0.0,0.0,0.0,3.0,0.0,0.0,0.0,0.0,0.0,0.0,0.0,0.0,0.0,0.0,0.0,0.0,0.0,0.0,3.0,0.0,0.0,0.0,0.0,,3.0,0.0,0.0,3.0,0.0,0.0,0.0,0.0,3.0,0.0,0.0,0.0,0.0,3.0,0.0,0.0,0.0,2.0,0.0,2.0,3.0,2.0,3.0,2.0,3.0,0.0,0.0,0.0,2.0,,2.0,0.0,0.0,0.0,0.0,0.0,0.0,0.0,0.0,0.0,0.0,0.0,0.0,0.0,0.0,2.0,2.0,0.0,0.0,0.0,0.0,0.0,0.0,3.0,0.0,0.0,3.0,3.0,2.0,0.0,0.0,3.0,0.0,0.0,0.0,3.0,0.0,0.0,0.0,0.0,0.0,3.0,3.0,0.0,0.0,0.0,0.0,0.0,0.0,0.0,0.0,0.0,0.0,0.0,3.0,0.0,,0.0,,,0.0,0.0,0.0,0.0,0.0,0.0,0.0,0.0,0.0,0.0,0.0,0.0,0.0,0.0,2.0,0.0,0.0,3.0,2.0,0.0,3.0,3.0,0.0,3.0,0.0,0.0,0.0,,0.0,0.0,3.0,0.0,0.0,2.0,0.0,0.0,3.0,0.0,,0.0,0.0,3.0,0.0,2.0,3.0,3.0,0.0,0.0,0.0,0.0,,,0.0,0.0,0.0,,0.0,0.0,3.0,0.0,0.0,0.0,2.0,3.0,0.0,0.0,0.0,0.0,0.0,0.0,0.0,0.0,0.0,2.0,0.0,0.0,3.0,0.0,0.0,2.0,3.0,0.0,0.0,0.0,0.0,0.0,3.0,0.0,0.0,0.0,0.0,0.0,0.0,0.0,0.0,0.0,,0.0,0.0,3.0,,0.0,0.0,0.0,0.0,0.0,0.0,0.0,0.0,0.0,0.0,0.0,0.0
S,0.0,0.0,0.0,0.0,0.0,0.0,0.0,0.0,0.0,0.0,0.0,0.0,0.0,0.0,3.0,0.0,2.0,2.0,0.0,0.0,0.0,0.0,2.0,0.0,0.0,2.0,,3.0,3.0,2.0,3.0,0.0,0.0,,0.0,0.0,2.0,3.0,0.0,,0.0,0.0,0.0,0.0,0.0,0.0,0.0,0.0,0.0,0.0,0.0,0.0,0.0,0.0,0.0,0.0,0.0,0.0,2.0,3.0,0.0,0.0,0.0,0.0,0.0,0.0,0.0,3.0,3.0,0.0,0.0,,3.0,3.0,0.0,,0.0,0.0,0.0,0.0,0.0,0.0,0.0,0.0,2.0,0.0,0.0,0.0,0.0,0.0,2.0,0.0,0.0,0.0,0.0,0.0,0.0,2.0,3.0,0.0,0.0,,,0.0,0.0,,,0.0,,0.0,2.0,0.0,3.0,0.0,3.0,0.0,2.0,3.0,3.0,2.0,0.0,2.0,0.0,,3.0,0.0,3.0,0.0,3.0,,3.0,0.0,3.0,0.0,0.0,0.0,0.0,3.0,0.0,0.0,0.0,0.0,0.0,3.0,0.0,0.0,0.0,0.0,2.0,,0.0,0.0,,,0.0,3.0,,0.0,,0.0,0.0,0.0,0.0,0.0,0.0,0.0,0.0,0.0,0.0,0.0,0.0,0.0,0.0,0.0,0.0,0.0,3.0,0.0,0.0,3.0,,0.0,0.0,0.0,0.0,0.0,0.0,0.0,0.0,0.0,,0.0,0.0,3.0,0.0,0.0,0.0,0.0,0.0,,,0.0,0.0,0.0,0.0,,0.0,0.0,0.0,0.0,0.0,0.0,0.0,0.0,0.0,0.0,0.0,0.0,0.0,0.0,0.0,0.0,0.0,0.0,0.0,0.0,0.0,0.0,0.0,0.0,0.0,0.0,0.0,0.0,3.0,0.0,0.0,3.0,0.0,0.0,0.0,3.0,0.0,0.0,0.0,0.0,0.0,2.0,3.0,2.0,2.0,3.0,3.0,0.0,2.0,3.0,0.0,0.0,0.0,0.0,0.0,0.0,0.0,0.0,,0.0,0.0,0.0,0.0,0.0,0.0,0.0,3.0,3.0,0.0,0.0,2.0,0.0,0.0,0.0,,0.0,0.0,0.0,3.0,0.0,0.0,,0.0,0.0,2.0,,0.0,,0.0,0.0,0.0,0.0,0.0,0.0,3.0,0.0,0.0,0.0,0.0,0.0,,3.0,0.0,0.0,0.0,0.0,0.0,0.0,,0.0,0.0,2.0,3.0,0.0,0.0,0.0,0.0,0.0,0.0,0.0,3.0,0.0,0.0,3.0,0.0,0.0,0.0,2.0,2.0,0.0,0.0,3.0,2.0,0.0,3.0,3.0,0.0,0.0,3.0,0.0,3.0,3.0,0.0,3.0,0.0,0.0,0.0,0.0,0.0,0.0,0.0,0.0,,0.0,0.0,3.0,2.0,0.0,3.0,3.0,0.0,0.0,0.0,0.0,0.0,3.0,0.0,0.0,0.0,2.0,3.0,3.0,2.0,0.0,0.0,0.0,2.0,0.0,0.0,0.0,0.0,0.0,0.0,0.0,2.0,0.0,0.0,3.0,0.0,0.0,0.0,0.0,0.0,3.0,3.0,0.0,0.0,0.0,0.0,0.0,0.0,3.0,0.0,0.0,0.0,3.0,0.0,0.0,0.0,0.0,0.0,0.0,0.0,0.0,0.0,0.0,0.0,0.0,0.0,,,0.0,0.0,0.0
T,0.0,,0.0,0.0,0.0,0.0,0.0,0.0,0.0,2.0,0.0,0.0,0.0,3.0,3.0,0.0,2.0,0.0,0.0,0.0,0.0,,0.0,0.0,0.0,2.0,0.0,3.0,3.0,3.0,0.0,0.0,0.0,0.0,0.0,0.0,0.0,0.0,0.0,0.0,0.0,0.0,0.0,0.0,0.0,0.0,0.0,0.0,0.0,0.0,0.0,0.0,0.0,0.0,0.0,0.0,0.0,0.0,0.0,0.0,0.0,0.0,0.0,0.0,0.0,2.0,0.0,0.0,3.0,0.0,0.0,0.0,3.0,0.0,0.0,0.0,0.0,0.0,,2.0,0.0,0.0,0.0,0.0,2.0,0.0,,0.0,,0.0,3.0,0.0,0.0,0.0,3.0,0.0,0.0,3.0,3.0,0.0,,0.0,0.0,0.0,,0.0,0.0,0.0,0.0,0.0,2.0,0.0,0.0,,2.0,3.0,0.0,0.0,0.0,3.0,0.0,3.0,0.0,0.0,0.0,0.0,0.0,0.0,3.0,0.0,0.0,0.0,0.0,0.0,0.0,0.0,0.0,3.0,0.0,0.0,3.0,3.0,2.0,0.0,0.0,0.0,2.0,0.0,0.0,0.0,0.0,3.0,0.0,0.0,0.0,3.0,0.0,0.0,0.0,0.0,3.0,0.0,0.0,0.0,0.0,0.0,0.0,0.0,0.0,0.0,0.0,0.0,0.0,0.0,0.0,,0.0,0.0,0.0,0.0,0.0,,0.0,0.0,0.0,0.0,0.0,0.0,0.0,0.0,0.0,0.0,,0.0,0.0,0.0,0.0,0.0,0.0,0.0,0.0,0.0,0.0,,0.0,0.0,0.0,0.0,0.0,0.0,0.0,,0.0,0.0,0.0,0.0,0.0,0.0,0.0,0.0,0.0,0.0,0.0,0.0,0.0,0.0,0.0,0.0,0.0,0.0,0.0,0.0,0.0,,3.0,0.0,0.0,3.0,0.0,0.0,2.0,0.0,0.0,0.0,0.0,0.0,0.0,2.0,2.0,0.0,0.0,3.0,0.0,0.0,2.0,3.0,0.0,0.0,0.0,0.0,0.0,0.0,0.0,0.0,0.0,0.0,0.0,0.0,0.0,,0.0,0.0,3.0,0.0,0.0,0.0,3.0,3.0,0.0,,0.0,3.0,0.0,2.0,3.0,0.0,0.0,0.0,3.0,0.0,0.0,0.0,2.0,0.0,0.0,0.0,0.0,0.0,0.0,0.0,0.0,0.0,0.0,0.0,0.0,0.0,0.0,3.0,0.0,0.0,0.0,2.0,0.0,0.0,0.0,0.0,0.0,0.0,3.0,0.0,0.0,0.0,0.0,0.0,0.0,0.0,0.0,0.0,0.0,0.0,0.0,0.0,0.0,2.0,3.0,0.0,0.0,3.0,3.0,0.0,0.0,0.0,,0.0,0.0,0.0,3.0,0.0,0.0,0.0,0.0,0.0,0.0,0.0,0.0,0.0,0.0,0.0,0.0,0.0,0.0,3.0,3.0,0.0,0.0,3.0,2.0,0.0,0.0,0.0,0.0,3.0,0.0,0.0,0.0,3.0,3.0,3.0,0.0,3.0,3.0,0.0,2.0,0.0,0.0,0.0,0.0,0.0,0.0,0.0,2.0,0.0,0.0,3.0,0.0,0.0,3.0,3.0,0.0,3.0,3.0,0.0,0.0,3.0,0.0,0.0,0.0,0.0,0.0,0.0,0.0,3.0,0.0,0.0,0.0,0.0,0.0,0.0,0.0,0.0,0.0,0.0,0.0,0.0,0.0,0.0,0.0,0.0,0.0,0.0
C,0.0,0.0,0.0,0.0,0.0,0.0,0.0,0.0,0.0,0.0,0.0,0.0,0.0,0.0,0.0,0.0,0.0,0.0,0.0,0.0,0.0,0.0,0.0,,0.0,2.0,0.0,3.0,3.0,2.0,3.0,0.0,0.0,0.0,0.0,3.0,2.0,0.0,3.0,0.0,0.0,0.0,0.0,0.0,0.0,0.0,0.0,0.0,0.0,0.0,0.0,0.0,0.0,0.0,0.0,0.0,0.0,2.0,0.0,0.0,3.0,0.0,0.0,0.0,0.0,0.0,0.0,0.0,0.0,0.0,,0.0,2.0,0.0,0.0,2.0,0.0,0.0,0.0,2.0,0.0,0.0,3.0,,0.0,0.0,0.0,0.0,0.0,0.0,3.0,0.0,0.0,0.0,0.0,0.0,0.0,2.0,0.0,0.0,0.0,0.0,3.0,0.0,0.0,0.0,0.0,0.0,0.0,0.0,2.0,0.0,0.0,0.0,3.0,3.0,0.0,0.0,0.0,3.0,,3.0,,2.0,0.0,0.0,0.0,0.0,0.0,2.0,0.0,0.0,0.0,0.0,0.0,0.0,3.0,0.0,0.0,0.0,3.0,0.0,3.0,0.0,2.0,0.0,2.0,0.0,0.0,0.0,0.0,0.0,3.0,0.0,0.0,3.0,2.0,0.0,0.0,0.0,2.0,0.0,0.0,0.0,0.0,0.0,0.0,0.0,0.0,0.0,0.0,0.0,0.0,0.0,0.0,0.0,0.0,0.0,0.0,0.0,0.0,0.0,0.0,0.0,0.0,0.0,0.0,0.0,0.0,0.0,0.0,0.0,0.0,3.0,0.0,0.0,0.0,0.0,0.0,0.0,0.0,0.0,0.0,0.0,0.0,0.0,0.0,0.0,0.0,0.0,0.0,0.0,0.0,0.0,0.0,0.0,0.0,0.0,0.0,0.0,0.0,0.0,0.0,0.0,0.0,0.0,0.0,0.0,0.0,0.0,0.0,0.0,0.0,0.0,3.0,0.0,0.0,0.0,0.0,0.0,0.0,0.0,0.0,0.0,0.0,0.0,0.0,3.0,3.0,2.0,3.0,2.0,3.0,0.0,0.0,0.0,0.0,0.0,0.0,0.0,0.0,0.0,0.0,0.0,0.0,0.0,0.0,0.0,0.0,0.0,0.0,0.0,0.0,0.0,0.0,,3.0,0.0,0.0,0.0,3.0,0.0,0.0,2.0,3.0,0.0,0.0,0.0,3.0,0.0,0.0,0.0,2.0,0.0,0.0,0.0,0.0,0.0,0.0,0.0,0.0,3.0,0.0,0.0,0.0,0.0,2.0,0.0,0.0,0.0,0.0,2.0,0.0,0.0,0.0,0.0,0.0,0.0,0.0,0.0,,0.0,0.0,0.0,0.0,0.0,0.0,0.0,0.0,0.0,,0.0,0.0,0.0,3.0,0.0,,3.0,3.0,0.0,0.0,0.0,0.0,0.0,0.0,0.0,2.0,0.0,0.0,0.0,0.0,0.0,0.0,0.0,0.0,0.0,0.0,2.0,3.0,0.0,2.0,3.0,3.0,0.0,0.0,0.0,0.0,0.0,0.0,0.0,0.0,2.0,0.0,0.0,0.0,3.0,2.0,2.0,2.0,2.0,3.0,0.0,0.0,0.0,0.0,,0.0,0.0,0.0,3.0,2.0,0.0,0.0,3.0,3.0,0.0,0.0,3.0,0.0,0.0,2.0,0.0,0.0,0.0,0.0,0.0,0.0,0.0,0.0,0.0,0.0,0.0,0.0,0.0,0.0,0.0,0.0,0.0,0.0,0.0,0.0,0.0,0.0,0.0,0.0,0.0,0.0,0.0,0.0,0.0
P,0.0,0.0,0.0,0.0,0.0,0.0,0.0,,,3.0,2.0,0.0,0.0,2.0,0.0,0.0,3.0,3.0,0.0,3.0,3.0,3.0,2.0,2.0,3.0,2.0,3.0,3.0,3.0,2.0,3.0,0.0,3.0,3.0,0.0,0.0,0.0,3.0,2.0,0.0,0.0,0.0,0.0,0.0,3.0,0.0,0.0,0.0,0.0,0.0,0.0,0.0,0.0,0.0,0.0,0.0,3.0,3.0,0.0,0.0,0.0,3.0,3.0,3.0,3.0,2.0,3.0,0.0,3.0,0.0,0.0,3.0,,0.0,3.0,3.0,0.0,0.0,3.0,3.0,3.0,0.0,2.0,0.0,2.0,0.0,3.0,3.0,2.0,0.0,2.0,3.0,3.0,0.0,3.0,2.0,0.0,2.0,3.0,0.0,2.0,3.0,3.0,0.0,2.0,0.0,0.0,0.0,0.0,0.0,3.0,0.0,0.0,3.0,3.0,2.0,3.0,0.0,3.0,2.0,0.0,2.0,2.0,3.0,3.0,3.0,3.0,3.0,,3.0,0.0,3.0,3.0,0.0,2.0,0.0,0.0,3.0,0.0,3.0,3.0,0.0,2.0,3.0,3.0,3.0,2.0,0.0,3.0,3.0,3.0,2.0,3.0,2.0,0.0,3.0,3.0,0.0,0.0,2.0,,0.0,0.0,3.0,0.0,0.0,0.0,3.0,0.0,0.0,0.0,0.0,0.0,0.0,0.0,3.0,3.0,3.0,3.0,3.0,3.0,0.0,0.0,0.0,0.0,0.0,0.0,0.0,0.0,0.0,3.0,0.0,2.0,0.0,3.0,,0.0,0.0,,0.0,0.0,0.0,0.0,0.0,,0.0,0.0,0.0,0.0,0.0,0.0,0.0,0.0,0.0,0.0,0.0,0.0,0.0,0.0,0.0,0.0,3.0,0.0,0.0,0.0,0.0,0.0,0.0,0.0,0.0,3.0,0.0,0.0,0.0,3.0,3.0,0.0,3.0,3.0,0.0,2.0,3.0,0.0,3.0,3.0,0.0,0.0,2.0,3.0,0.0,3.0,,0.0,3.0,3.0,3.0,0.0,0.0,0.0,3.0,3.0,3.0,0.0,0.0,0.0,0.0,0.0,0.0,0.0,0.0,0.0,3.0,0.0,0.0,0.0,2.0,3.0,2.0,3.0,3.0,3.0,3.0,0.0,2.0,3.0,0.0,0.0,3.0,2.0,0.0,0.0,3.0,3.0,0.0,0.0,,0.0,0.0,0.0,2.0,0.0,0.0,0.0,3.0,0.0,0.0,3.0,3.0,0.0,0.0,3.0,2.0,0.0,0.0,3.0,0.0,3.0,3.0,,0.0,0.0,0.0,0.0,0.0,0.0,0.0,3.0,3.0,0.0,3.0,2.0,2.0,0.0,3.0,2.0,2.0,0.0,3.0,2.0,0.0,3.0,3.0,3.0,0.0,3.0,0.0,,3.0,3.0,0.0,3.0,3.0,0.0,0.0,,0.0,0.0,3.0,0.0,3.0,3.0,3.0,2.0,0.0,3.0,3.0,2.0,0.0,3.0,3.0,0.0,,3.0,0.0,3.0,2.0,,,3.0,3.0,2.0,0.0,2.0,3.0,0.0,0.0,0.0,2.0,0.0,0.0,3.0,0.0,0.0,3.0,0.0,0.0,3.0,2.0,0.0,,,3.0,3.0,2.0,3.0,0.0,0.0,0.0,0.0,0.0,3.0,,0.0,0.0,0.0,0.0,3.0,0.0,0.0,0.0,0.0,0.0,0.0,3.0,0.0,0.0,0.0,0.0,0.0,0.0
N,0.0,0.0,0.0,0.0,0.0,0.0,0.0,0.0,0.0,0.0,0.0,0.0,0.0,3.0,2.0,0.0,3.0,3.0,3.0,2.0,2.0,0.0,2.0,0.0,,3.0,2.0,3.0,3.0,3.0,3.0,0.0,,0.0,0.0,0.0,3.0,3.0,2.0,0.0,0.0,0.0,0.0,0.0,0.0,0.0,0.0,0.0,0.0,,0.0,0.0,0.0,0.0,0.0,0.0,0.0,0.0,2.0,3.0,0.0,0.0,2.0,0.0,3.0,0.0,3.0,3.0,3.0,3.0,0.0,0.0,3.0,3.0,3.0,2.0,3.0,0.0,0.0,0.0,0.0,0.0,0.0,0.0,2.0,0.0,3.0,2.0,0.0,0.0,3.0,2.0,0.0,0.0,2.0,2.0,0.0,3.0,2.0,0.0,0.0,0.0,2.0,0.0,0.0,0.0,0.0,0.0,0.0,0.0,2.0,2.0,2.0,2.0,2.0,3.0,3.0,2.0,2.0,3.0,0.0,3.0,0.0,2.0,3.0,2.0,3.0,0.0,3.0,0.0,0.0,0.0,3.0,2.0,0.0,0.0,0.0,3.0,0.0,0.0,0.0,2.0,3.0,3.0,2.0,,3.0,2.0,3.0,0.0,0.0,3.0,2.0,0.0,3.0,3.0,0.0,3.0,0.0,0.0,3.0,0.0,3.0,0.0,0.0,0.0,0.0,0.0,0.0,0.0,0.0,0.0,0.0,0.0,0.0,3.0,2.0,2.0,0.0,2.0,2.0,0.0,2.0,0.0,0.0,0.0,0.0,0.0,0.0,2.0,0.0,0.0,0.0,3.0,0.0,0.0,0.0,0.0,0.0,0.0,0.0,0.0,0.0,0.0,0.0,0.0,0.0,0.0,0.0,0.0,0.0,0.0,0.0,0.0,0.0,0.0,0.0,0.0,0.0,0.0,0.0,0.0,0.0,0.0,0.0,,0.0,0.0,0.0,0.0,0.0,0.0,0.0,0.0,3.0,3.0,0.0,2.0,2.0,3.0,3.0,0.0,2.0,0.0,2.0,0.0,2.0,3.0,2.0,2.0,3.0,2.0,2.0,0.0,0.0,2.0,0.0,0.0,0.0,0.0,0.0,0.0,0.0,0.0,0.0,0.0,0.0,0.0,0.0,0.0,0.0,0.0,2.0,2.0,2.0,0.0,3.0,0.0,2.0,0.0,0.0,3.0,0.0,2.0,3.0,2.0,3.0,0.0,3.0,0.0,3.0,0.0,3.0,0.0,0.0,0.0,0.0,0.0,0.0,2.0,3.0,0.0,2.0,0.0,0.0,0.0,2.0,2.0,0.0,0.0,0.0,3.0,2.0,0.0,0.0,0.0,0.0,2.0,3.0,0.0,0.0,0.0,0.0,0.0,0.0,0.0,2.0,3.0,2.0,3.0,0.0,2.0,3.0,2.0,3.0,2.0,0.0,3.0,3.0,0.0,3.0,3.0,3.0,0.0,3.0,0.0,3.0,3.0,2.0,3.0,0.0,0.0,3.0,0.0,0.0,0.0,0.0,2.0,0.0,0.0,2.0,3.0,3.0,0.0,2.0,0.0,3.0,0.0,2.0,2.0,0.0,3.0,3.0,0.0,2.0,3.0,3.0,3.0,3.0,2.0,0.0,0.0,2.0,0.0,,0.0,0.0,0.0,0.0,3.0,3.0,0.0,2.0,3.0,2.0,0.0,2.0,3.0,2.0,3.0,3.0,3.0,3.0,3.0,0.0,0.0,0.0,2.0,0.0,0.0,0.0,0.0,0.0,0.0,0.0,0.0,0.0,0.0,0.0,0.0,0.0,0.0,0.0,0.0,0.0,0.0,0.0,0.0,0.0,0.0
Q,0.0,0.0,0.0,0.0,0.0,0.0,,0.0,0.0,0.0,0.0,0.0,0.0,2.0,3.0,0.0,2.0,2.0,0.0,2.0,2.0,0.0,3.0,0.0,0.0,2.0,3.0,2.0,3.0,2.0,2.0,0.0,0.0,3.0,0.0,0.0,2.0,3.0,0.0,0.0,0.0,0.0,0.0,0.0,0.0,0.0,0.0,0.0,0.0,0.0,0.0,,0.0,0.0,0.0,,2.0,0.0,3.0,3.0,0.0,2.0,3.0,0.0,2.0,2.0,2.0,3.0,0.0,3.0,0.0,0.0,3.0,0.0,3.0,3.0,0.0,0.0,2.0,2.0,0.0,0.0,0.0,0.0,0.0,0.0,2.0,2.0,0.0,0.0,3.0,2.0,0.0,2.0,2.0,2.0,0.0,2.0,3.0,0.0,0.0,3.0,0.0,0.0,0.0,0.0,0.0,3.0,0.0,0.0,0.0,0.0,0.0,2.0,3.0,2.0,2.0,3.0,3.0,2.0,0.0,2.0,0.0,3.0,0.0,2.0,3.0,,3.0,3.0,3.0,2.0,2.0,3.0,0.0,0.0,0.0,3.0,,0.0,0.0,0.0,2.0,3.0,2.0,0.0,2.0,0.0,2.0,0.0,2.0,3.0,0.0,0.0,3.0,3.0,0.0,0.0,0.0,0.0,3.0,0.0,3.0,0.0,0.0,0.0,3.0,0.0,0.0,0.0,0.0,0.0,0.0,0.0,,0.0,3.0,,2.0,3.0,3.0,0.0,0.0,0.0,0.0,0.0,0.0,0.0,2.0,2.0,0.0,0.0,0.0,0.0,0.0,0.0,0.0,0.0,0.0,0.0,0.0,,0.0,0.0,0.0,0.0,0.0,0.0,0.0,0.0,0.0,0.0,0.0,0.0,,0.0,0.0,0.0,0.0,,0.0,0.0,0.0,0.0,0.0,0.0,0.0,0.0,0.0,0.0,0.0,,0.0,0.0,3.0,0.0,0.0,3.0,2.0,0.0,2.0,0.0,2.0,0.0,2.0,0.0,2.0,2.0,3.0,0.0,2.0,3.0,0.0,2.0,3.0,3.0,0.0,0.0,0.0,2.0,0.0,0.0,0.0,0.0,0.0,0.0,0.0,0.0,0.0,0.0,0.0,0.0,3.0,3.0,0.0,0.0,2.0,0.0,2.0,0.0,3.0,3.0,0.0,2.0,3.0,3.0,0.0,0.0,2.0,0.0,2.0,0.0,2.0,0.0,0.0,0.0,0.0,0.0,0.0,3.0,0.0,0.0,3.0,,0.0,0.0,3.0,0.0,3.0,3.0,3.0,2.0,3.0,2.0,0.0,0.0,2.0,2.0,3.0,0.0,0.0,0.0,0.0,0.0,0.0,0.0,0.0,0.0,2.0,2.0,0.0,2.0,0.0,2.0,3.0,2.0,0.0,2.0,3.0,0.0,3.0,2.0,2.0,0.0,2.0,0.0,3.0,2.0,2.0,0.0,0.0,3.0,2.0,0.0,0.0,0.0,,2.0,0.0,,2.0,2.0,2.0,0.0,3.0,3.0,0.0,2.0,2.0,2.0,3.0,3.0,2.0,0.0,2.0,2.0,3.0,3.0,2.0,2.0,2.0,0.0,2.0,0.0,0.0,0.0,0.0,0.0,0.0,0.0,2.0,0.0,2.0,3.0,0.0,0.0,2.0,2.0,2.0,3.0,3.0,2.0,0.0,3.0,2.0,0.0,0.0,3.0,0.0,0.0,2.0,3.0,0.0,0.0,0.0,,0.0,0.0,0.0,0.0,0.0,0.0,,0.0,0.0,0.0,0.0,0.0,0.0,0.0
E,0.0,0.0,0.0,0.0,0.0,0.0,0.0,0.0,0.0,,2.0,2.0,3.0,3.0,2.0,3.0,2.0,2.0,2.0,3.0,3.0,2.0,2.0,2.0,3.0,3.0,3.0,2.0,2.0,2.0,2.0,2.0,3.0,3.0,0.0,3.0,2.0,3.0,2.0,0.0,0.0,2.0,0.0,,,,0.0,,0.0,0.0,0.0,0.0,0.0,,0.0,0.0,3.0,3.0,2.0,3.0,2.0,3.0,2.0,3.0,3.0,3.0,3.0,3.0,3.0,2.0,0.0,3.0,3.0,2.0,3.0,3.0,3.0,3.0,2.0,0.0,0.0,0.0,2.0,0.0,0.0,0.0,2.0,3.0,0.0,0.0,3.0,3.0,3.0,2.0,3.0,2.0,2.0,3.0,3.0,0.0,2.0,3.0,3.0,2.0,2.0,0.0,0.0,3.0,0.0,0.0,0.0,3.0,2.0,2.0,3.0,3.0,2.0,2.0,2.0,2.0,2.0,3.0,2.0,3.0,3.0,3.0,2.0,3.0,3.0,3.0,3.0,2.0,2.0,3.0,2.0,0.0,3.0,2.0,0.0,0.0,0.0,2.0,2.0,3.0,3.0,3.0,2.0,2.0,3.0,0.0,3.0,3.0,3.0,3.0,3.0,2.0,3.0,3.0,0.0,2.0,3.0,2.0,3.0,2.0,0.0,0.0,3.0,3.0,0.0,0.0,0.0,0.0,2.0,0.0,0.0,2.0,2.0,0.0,2.0,2.0,3.0,0.0,2.0,3.0,2.0,0.0,2.0,0.0,2.0,2.0,3.0,2.0,2.0,3.0,0.0,0.0,0.0,0.0,0.0,0.0,0.0,0.0,0.0,0.0,0.0,0.0,0.0,0.0,0.0,0.0,0.0,0.0,0.0,0.0,0.0,0.0,0.0,0.0,0.0,0.0,0.0,0.0,0.0,0.0,0.0,0.0,0.0,0.0,2.0,2.0,0.0,0.0,0.0,0.0,3.0,0.0,3.0,3.0,3.0,3.0,3.0,2.0,3.0,0.0,3.0,0.0,2.0,3.0,3.0,2.0,3.0,3.0,3.0,2.0,2.0,3.0,3.0,0.0,0.0,2.0,,,,0.0,0.0,,0.0,0.0,,0.0,0.0,2.0,3.0,3.0,2.0,2.0,2.0,2.0,3.0,2.0,3.0,3.0,2.0,2.0,3.0,2.0,2.0,3.0,3.0,0.0,2.0,3.0,0.0,0.0,2.0,0.0,2.0,0.0,0.0,0.0,2.0,2.0,3.0,3.0,2.0,2.0,3.0,2.0,2.0,2.0,2.0,3.0,2.0,3.0,3.0,3.0,3.0,2.0,3.0,2.0,2.0,0.0,0.0,0.0,0.0,0.0,2.0,2.0,2.0,3.0,2.0,2.0,2.0,2.0,3.0,2.0,2.0,0.0,3.0,2.0,2.0,2.0,2.0,2.0,3.0,3.0,2.0,2.0,3.0,2.0,,2.0,2.0,0.0,0.0,0.0,0.0,3.0,3.0,0.0,3.0,2.0,3.0,3.0,2.0,2.0,2.0,3.0,2.0,3.0,2.0,2.0,3.0,2.0,3.0,3.0,3.0,2.0,2.0,3.0,2.0,2.0,2.0,0.0,0.0,0.0,0.0,0.0,0.0,3.0,2.0,0.0,3.0,2.0,3.0,2.0,3.0,3.0,2.0,3.0,3.0,2.0,2.0,3.0,3.0,0.0,2.0,2.0,2.0,2.0,2.0,2.0,0.0,0.0,0.0,0.0,0.0,0.0,0.0,0.0,0.0,,0.0,0.0,0.0,0.0,0.0,0.0,0.0,0.0
D,0.0,0.0,0.0,0.0,0.0,0.0,0.0,0.0,3.0,0.0,3.0,3.0,0.0,3.0,2.0,3.0,3.0,3.0,3.0,2.0,2.0,2.0,2.0,3.0,3.0,3.0,3.0,3.0,3.0,3.0,3.0,3.0,3.0,3.0,0.0,3.0,2.0,3.0,2.0,0.0,0.0,2.0,0.0,0.0,0.0,0.0,0.0,0.0,0.0,0.0,0.0,0.0,0.0,0.0,0.0,0.0,2.0,2.0,2.0,3.0,3.0,2.0,2.0,2.0,3.0,3.0,3.0,3.0,3.0,3.0,3.0,3.0,3.0,3.0,3.0,3.0,3.0,3.0,3.0,,0.0,0.0,3.0,0.0,0.0,2.0,3.0,2.0,2.0,2.0,3.0,2.0,3.0,3.0,2.0,3.0,2.0,3.0,3.0,0.0,2.0,3.0,3.0,3.0,2.0,0.0,0.0,3.0,0.0,0.0,2.0,3.0,2.0,3.0,3.0,3.0,2.0,2.0,3.0,3.0,3.0,3.0,0.0,3.0,3.0,2.0,3.0,2.0,3.0,3.0,3.0,3.0,3.0,3.0,3.0,3.0,3.0,3.0,0.0,0.0,0.0,2.0,3.0,3.0,2.0,3.0,3.0,2.0,3.0,0.0,2.0,3.0,3.0,2.0,3.0,3.0,3.0,2.0,0.0,3.0,3.0,2.0,3.0,2.0,0.0,0.0,3.0,3.0,,0.0,2.0,0.0,2.0,0.0,0.0,3.0,3.0,2.0,2.0,2.0,3.0,0.0,2.0,2.0,2.0,2.0,2.0,2.0,2.0,2.0,3.0,2.0,2.0,3.0,0.0,0.0,0.0,0.0,0.0,0.0,0.0,0.0,,0.0,0.0,0.0,0.0,0.0,0.0,0.0,0.0,0.0,0.0,0.0,0.0,0.0,0.0,0.0,0.0,0.0,0.0,0.0,0.0,0.0,0.0,0.0,0.0,0.0,3.0,3.0,0.0,0.0,0.0,2.0,3.0,0.0,3.0,3.0,3.0,3.0,3.0,2.0,2.0,2.0,2.0,0.0,2.0,3.0,3.0,2.0,3.0,3.0,3.0,2.0,3.0,3.0,2.0,0.0,0.0,3.0,0.0,0.0,0.0,0.0,0.0,0.0,0.0,0.0,0.0,0.0,0.0,3.0,3.0,2.0,2.0,3.0,2.0,3.0,2.0,2.0,3.0,3.0,2.0,3.0,3.0,2.0,2.0,3.0,3.0,0.0,2.0,0.0,,0.0,2.0,0.0,3.0,0.0,0.0,0.0,3.0,3.0,3.0,2.0,2.0,0.0,3.0,3.0,2.0,2.0,2.0,3.0,2.0,2.0,2.0,3.0,2.0,2.0,3.0,2.0,2.0,0.0,,0.0,0.0,0.0,2.0,3.0,2.0,3.0,3.0,2.0,3.0,2.0,3.0,2.0,3.0,,3.0,3.0,3.0,2.0,3.0,3.0,2.0,2.0,3.0,3.0,2.0,3.0,0.0,2.0,3.0,0.0,3.0,0.0,0.0,2.0,3.0,2.0,2.0,3.0,3.0,3.0,2.0,2.0,3.0,2.0,2.0,3.0,2.0,3.0,2.0,2.0,2.0,3.0,3.0,3.0,2.0,2.0,3.0,2.0,2.0,0.0,0.0,0.0,0.0,0.0,,3.0,2.0,2.0,2.0,3.0,3.0,2.0,2.0,3.0,2.0,3.0,3.0,2.0,2.0,3.0,2.0,3.0,2.0,3.0,3.0,0.0,2.0,3.0,0.0,0.0,0.0,0.0,0.0,0.0,0.0,0.0,0.0,0.0,0.0,0.0,,0.0,0.0,0.0,,0.0
R,0.0,0.0,0.0,,0.0,0.0,0.0,0.0,3.0,0.0,0.0,0.0,0.0,3.0,3.0,3.0,3.0,3.0,3.0,3.0,3.0,2.0,3.0,3.0,3.0,3.0,3.0,3.0,3.0,3.0,3.0,3.0,3.0,3.0,2.0,3.0,2.0,3.0,2.0,0.0,0.0,3.0,0.0,0.0,0.0,0.0,0.0,0.0,0.0,0.0,,0.0,0.0,0.0,2.0,0.0,3.0,2.0,3.0,3.0,3.0,2.0,3.0,3.0,3.0,3.0,3.0,3.0,3.0,3.0,3.0,3.0,3.0,3.0,3.0,3.0,3.0,3.0,3.0,0.0,,0.0,3.0,3.0,,0.0,3.0,3.0,0.0,0.0,3.0,3.0,0.0,3.0,3.0,3.0,3.0,3.0,3.0,0.0,2.0,3.0,3.0,3.0,2.0,0.0,0.0,3.0,0.0,3.0,,3.0,3.0,3.0,3.0,3.0,3.0,3.0,3.0,3.0,3.0,3.0,2.0,3.0,3.0,3.0,3.0,3.0,3.0,3.0,3.0,3.0,3.0,3.0,3.0,0.0,3.0,3.0,0.0,,,3.0,3.0,3.0,3.0,3.0,3.0,3.0,3.0,0.0,2.0,3.0,3.0,3.0,3.0,3.0,3.0,3.0,3.0,3.0,3.0,2.0,3.0,3.0,,0.0,3.0,0.0,0.0,0.0,0.0,0.0,3.0,0.0,0.0,3.0,3.0,0.0,3.0,3.0,3.0,0.0,3.0,3.0,2.0,3.0,3.0,3.0,3.0,3.0,3.0,2.0,2.0,3.0,,3.0,0.0,0.0,0.0,0.0,0.0,0.0,0.0,0.0,0.0,0.0,0.0,,0.0,0.0,,0.0,0.0,0.0,0.0,,0.0,0.0,0.0,0.0,0.0,,0.0,0.0,0.0,0.0,0.0,,3.0,3.0,,0.0,,2.0,3.0,,3.0,3.0,3.0,3.0,3.0,3.0,3.0,0.0,3.0,0.0,2.0,3.0,3.0,3.0,3.0,3.0,3.0,3.0,3.0,3.0,3.0,0.0,0.0,3.0,0.0,0.0,0.0,0.0,0.0,0.0,0.0,0.0,0.0,0.0,3.0,3.0,3.0,3.0,3.0,3.0,3.0,3.0,3.0,2.0,3.0,3.0,3.0,3.0,,3.0,3.0,3.0,3.0,0.0,3.0,3.0,3.0,0.0,2.0,0.0,0.0,0.0,0.0,0.0,3.0,0.0,3.0,3.0,2.0,0.0,3.0,3.0,3.0,3.0,3.0,3.0,3.0,3.0,3.0,3.0,3.0,2.0,3.0,0.0,2.0,,0.0,3.0,0.0,0.0,3.0,3.0,2.0,3.0,3.0,3.0,3.0,3.0,3.0,3.0,3.0,3.0,3.0,3.0,3.0,3.0,3.0,3.0,3.0,3.0,3.0,3.0,3.0,3.0,0.0,3.0,3.0,0.0,3.0,0.0,0.0,2.0,3.0,3.0,3.0,3.0,3.0,3.0,3.0,3.0,3.0,3.0,3.0,3.0,3.0,3.0,3.0,2.0,2.0,3.0,3.0,3.0,2.0,3.0,3.0,0.0,3.0,,0.0,0.0,0.0,0.0,0.0,3.0,3.0,2.0,3.0,3.0,3.0,3.0,3.0,3.0,2.0,3.0,3.0,3.0,3.0,3.0,3.0,3.0,3.0,3.0,3.0,2.0,3.0,3.0,0.0,0.0,0.0,0.0,,0.0,0.0,0.0,0.0,0.0,0.0,,0.0,0.0,0.0,0.0,0.0,0.0
K,0.0,0.0,0.0,0.0,0.0,0.0,0.0,0.0,0.0,0.0,0.0,0.0,2.0,2.0,3.0,2.0,2.0,2.0,2.0,2.0,2.0,2.0,2.0,2.0,3.0,3.0,3.0,3.0,2.0,2.0,3.0,2.0,3.0,3.0,2.0,2.0,3.0,2.0,2.0,0.0,0.0,2.0,0.0,0.0,0.0,0.0,,0.0,,0.0,0.0,0.0,0.0,0.0,2.0,0.0,2.0,2.0,3.0,2.0,2.0,2.0,2.0,2.0,3.0,3.0,3.0,3.0,2.0,2.0,2.0,3.0,3.0,3.0,2.0,3.0,3.0,3.0,2.0,0.0,0.0,0.0,2.0,0.0,0.0,0.0,3.0,2.0,0.0,0.0,3.0,2.0,2.0,2.0,2.0,2.0,3.0,2.0,2.0,0.0,0.0,3.0,3.0,2.0,2.0,0.0,0.0,2.0,0.0,0.0,0.0,2.0,2.0,2.0,3.0,3.0,3.0,2.0,2.0,2.0,2.0,3.0,2.0,3.0,2.0,2.0,2.0,3.0,3.0,3.0,2.0,2.0,3.0,2.0,2.0,0.0,3.0,2.0,0.0,0.0,0.0,2.0,2.0,2.0,2.0,3.0,2.0,2.0,2.0,3.0,2.0,3.0,3.0,3.0,3.0,2.0,3.0,3.0,3.0,2.0,3.0,0.0,2.0,3.0,0.0,0.0,2.0,0.0,0.0,,0.0,,2.0,0.0,0.0,2.0,2.0,0.0,2.0,2.0,3.0,0.0,2.0,3.0,2.0,2.0,2.0,2.0,2.0,2.0,3.0,2.0,2.0,3.0,0.0,3.0,0.0,0.0,0.0,0.0,0.0,0.0,0.0,0.0,0.0,0.0,,0.0,0.0,0.0,0.0,0.0,0.0,0.0,0.0,0.0,0.0,0.0,0.0,0.0,0.0,0.0,,0.0,0.0,0.0,0.0,0.0,2.0,2.0,0.0,0.0,0.0,0.0,3.0,0.0,3.0,3.0,2.0,2.0,2.0,3.0,2.0,0.0,2.0,0.0,2.0,2.0,3.0,2.0,2.0,3.0,3.0,2.0,2.0,2.0,3.0,,0.0,2.0,0.0,0.0,0.0,0.0,0.0,0.0,0.0,,0.0,0.0,2.0,2.0,2.0,2.0,2.0,2.0,3.0,3.0,2.0,2.0,3.0,3.0,2.0,2.0,0.0,2.0,2.0,3.0,3.0,0.0,3.0,3.0,0.0,0.0,3.0,0.0,0.0,0.0,,,3.0,2.0,2.0,3.0,2.0,2.0,3.0,2.0,2.0,2.0,2.0,2.0,2.0,3.0,3.0,3.0,2.0,3.0,3.0,2.0,2.0,0.0,0.0,2.0,0.0,0.0,2.0,3.0,2.0,2.0,2.0,2.0,2.0,2.0,3.0,2.0,2.0,3.0,3.0,2.0,2.0,3.0,2.0,3.0,3.0,2.0,3.0,3.0,2.0,2.0,0.0,2.0,2.0,0.0,0.0,0.0,0.0,2.0,3.0,0.0,2.0,3.0,3.0,3.0,2.0,2.0,2.0,3.0,2.0,2.0,2.0,3.0,3.0,3.0,2.0,3.0,3.0,3.0,3.0,2.0,2.0,0.0,2.0,0.0,0.0,0.0,0.0,0.0,0.0,3.0,2.0,0.0,2.0,2.0,3.0,2.0,2.0,3.0,2.0,3.0,3.0,3.0,3.0,3.0,2.0,0.0,3.0,2.0,2.0,2.0,2.0,3.0,0.0,0.0,0.0,0.0,0.0,0.0,0.0,,,0.0,0.0,0.0,0.0,0.0,0.0,,0.0,
H,0.0,0.0,0.0,0.0,0.0,0.0,0.0,0.0,0.0,2.0,0.0,0.0,0.0,3.0,2.0,0.0,2.0,2.0,2.0,2.0,2.0,0.0,2.0,2.0,2.0,3.0,2.0,3.0,2.0,3.0,3.0,,2.0,2.0,0.0,3.0,2.0,3.0,0.0,0.0,0.0,2.0,3.0,0.0,0.0,0.0,0.0,0.0,0.0,0.0,0.0,0.0,0.0,0.0,2.0,0.0,2.0,2.0,2.0,3.0,3.0,0.0,2.0,2.0,2.0,3.0,2.0,3.0,3.0,2.0,2.0,2.0,3.0,0.0,3.0,2.0,0.0,3.0,2.0,3.0,0.0,0.0,3.0,0.0,2.0,0.0,3.0,2.0,0.0,0.0,3.0,2.0,0.0,0.0,2.0,2.0,0.0,3.0,2.0,,0.0,3.0,3.0,0.0,2.0,0.0,0.0,0.0,0.0,0.0,2.0,3.0,2.0,2.0,3.0,3.0,2.0,0.0,2.0,3.0,0.0,3.0,2.0,2.0,3.0,2.0,2.0,2.0,3.0,2.0,2.0,2.0,3.0,3.0,3.0,,0.0,2.0,0.0,2.0,0.0,0.0,3.0,3.0,3.0,2.0,3.0,0.0,2.0,0.0,0.0,3.0,3.0,2.0,3.0,3.0,2.0,0.0,0.0,2.0,3.0,0.0,3.0,0.0,0.0,0.0,0.0,0.0,0.0,0.0,0.0,0.0,0.0,0.0,0.0,3.0,2.0,2.0,0.0,2.0,2.0,0.0,2.0,2.0,2.0,0.0,2.0,0.0,0.0,2.0,2.0,0.0,0.0,3.0,0.0,0.0,0.0,0.0,0.0,0.0,0.0,0.0,0.0,0.0,0.0,0.0,0.0,0.0,0.0,0.0,0.0,0.0,0.0,,0.0,0.0,0.0,0.0,0.0,0.0,0.0,0.0,0.0,0.0,0.0,0.0,0.0,0.0,2.0,0.0,0.0,0.0,0.0,2.0,3.0,3.0,0.0,2.0,3.0,0.0,3.0,3.0,2.0,0.0,2.0,0.0,2.0,3.0,3.0,2.0,2.0,3.0,3.0,2.0,,3.0,0.0,0.0,0.0,2.0,0.0,0.0,0.0,0.0,0.0,0.0,0.0,0.0,0.0,0.0,2.0,0.0,3.0,3.0,2.0,0.0,3.0,0.0,2.0,0.0,3.0,3.0,0.0,3.0,3.0,2.0,0.0,2.0,3.0,,3.0,2.0,3.0,0.0,0.0,0.0,0.0,0.0,0.0,2.0,3.0,0.0,3.0,2.0,0.0,0.0,2.0,2.0,0.0,0.0,2.0,3.0,2.0,2.0,2.0,0.0,0.0,2.0,3.0,0.0,2.0,0.0,0.0,0.0,0.0,0.0,2.0,0.0,2.0,2.0,2.0,2.0,2.0,0.0,3.0,2.0,2.0,3.0,3.0,0.0,2.0,3.0,3.0,3.0,2.0,0.0,3.0,3.0,2.0,2.0,2.0,2.0,2.0,0.0,0.0,0.0,0.0,2.0,2.0,2.0,2.0,3.0,3.0,3.0,2.0,2.0,3.0,0.0,2.0,3.0,2.0,3.0,2.0,0.0,2.0,3.0,3.0,3.0,2.0,2.0,3.0,0.0,2.0,0.0,0.0,0.0,0.0,0.0,0.0,0.0,,0.0,2.0,2.0,0.0,0.0,2.0,3.0,2.0,3.0,3.0,3.0,3.0,3.0,2.0,0.0,0.0,2.0,0.0,0.0,2.0,0.0,0.0,0.0,,0.0,0.0,0.0,0.0,0.0,0.0,0.0,0.0,3.0,0.0,0.0,0.0,0.0,0.0,0.0
F,0.0,0.0,0.0,0.0,0.0,,0.0,0.0,0.0,0.0,3.0,0.0,,3.0,0.0,0.0,3.0,3.0,,2.0,2.0,0.0,0.0,3.0,0.0,3.0,0.0,3.0,,3.0,3.0,0.0,0.0,3.0,0.0,3.0,3.0,0.0,0.0,0.0,0.0,0.0,3.0,0.0,0.0,0.0,0.0,0.0,0.0,0.0,0.0,0.0,0.0,0.0,,0.0,0.0,0.0,0.0,0.0,0.0,0.0,0.0,2.0,0.0,0.0,0.0,3.0,,,0.0,3.0,0.0,0.0,3.0,3.0,0.0,,3.0,3.0,0.0,0.0,3.0,0.0,3.0,0.0,3.0,2.0,0.0,0.0,3.0,2.0,0.0,0.0,2.0,,0.0,3.0,0.0,0.0,0.0,3.0,3.0,,0.0,0.0,0.0,0.0,0.0,0.0,3.0,0.0,,0.0,0.0,3.0,0.0,0.0,,3.0,0.0,3.0,0.0,3.0,,2.0,,0.0,3.0,3.0,0.0,0.0,3.0,3.0,3.0,0.0,0.0,,0.0,3.0,3.0,0.0,3.0,0.0,2.0,0.0,3.0,0.0,3.0,0.0,0.0,0.0,3.0,3.0,0.0,,3.0,0.0,0.0,,3.0,,0.0,0.0,0.0,0.0,0.0,0.0,0.0,0.0,0.0,0.0,0.0,0.0,0.0,3.0,,0.0,0.0,0.0,3.0,0.0,,3.0,,0.0,3.0,0.0,0.0,0.0,3.0,0.0,0.0,0.0,0.0,0.0,0.0,0.0,0.0,0.0,0.0,0.0,0.0,0.0,0.0,0.0,0.0,0.0,0.0,0.0,0.0,0.0,0.0,0.0,0.0,0.0,,0.0,0.0,0.0,0.0,0.0,0.0,0.0,,0.0,0.0,0.0,3.0,,0.0,0.0,0.0,2.0,0.0,3.0,0.0,0.0,2.0,,3.0,3.0,0.0,0.0,0.0,0.0,0.0,3.0,0.0,,3.0,2.0,0.0,0.0,0.0,3.0,0.0,0.0,0.0,3.0,0.0,0.0,0.0,,0.0,0.0,0.0,0.0,0.0,0.0,0.0,0.0,3.0,3.0,0.0,0.0,0.0,3.0,0.0,0.0,3.0,0.0,0.0,3.0,3.0,0.0,0.0,0.0,3.0,0.0,0.0,3.0,3.0,0.0,0.0,0.0,0.0,0.0,3.0,2.0,3.0,0.0,0.0,0.0,0.0,0.0,3.0,,0.0,0.0,0.0,3.0,0.0,2.0,0.0,0.0,0.0,0.0,0.0,0.0,2.0,0.0,0.0,,0.0,0.0,0.0,3.0,0.0,0.0,0.0,0.0,,0.0,3.0,0.0,0.0,3.0,3.0,,,0.0,3.0,3.0,3.0,0.0,0.0,3.0,2.0,,2.0,0.0,3.0,0.0,0.0,0.0,0.0,0.0,3.0,0.0,2.0,0.0,3.0,0.0,3.0,0.0,0.0,0.0,2.0,2.0,0.0,0.0,3.0,0.0,0.0,3.0,3.0,0.0,0.0,2.0,3.0,0.0,0.0,0.0,0.0,0.0,,0.0,0.0,0.0,3.0,0.0,2.0,,0.0,,2.0,3.0,0.0,0.0,3.0,0.0,0.0,3.0,0.0,0.0,0.0,3.0,,,3.0,0.0,0.0,0.0,3.0,0.0,0.0,0.0,,0.0,0.0,0.0,0.0,0.0,0.0,0.0,0.0,0.0,0.0,0.0
Y,0.0,0.0,0.0,0.0,0.0,0.0,0.0,0.0,0.0,0.0,0.0,0.0,0.0,3.0,0.0,0.0,3.0,3.0,3.0,3.0,3.0,0.0,0.0,3.0,0.0,3.0,3.0,3.0,3.0,2.0,3.0,0.0,0.0,3.0,0.0,3.0,3.0,3.0,,0.0,0.0,0.0,3.0,0.0,0.0,0.0,0.0,0.0,0.0,0.0,0.0,0.0,0.0,0.0,3.0,0.0,2.0,2.0,0.0,3.0,2.0,2.0,3.0,2.0,0.0,0.0,3.0,3.0,0.0,3.0,3.0,3.0,0.0,0.0,3.0,3.0,0.0,0.0,2.0,3.0,0.0,0.0,3.0,3.0,2.0,0.0,3.0,3.0,0.0,0.0,3.0,3.0,0.0,0.0,2.0,3.0,0.0,3.0,3.0,0.0,0.0,3.0,3.0,0.0,2.0,0.0,0.0,0.0,0.0,0.0,3.0,,3.0,0.0,,3.0,3.0,3.0,0.0,3.0,3.0,3.0,3.0,3.0,3.0,3.0,0.0,3.0,3.0,3.0,0.0,0.0,3.0,3.0,3.0,0.0,,0.0,0.0,0.0,0.0,0.0,3.0,3.0,3.0,0.0,3.0,0.0,3.0,0.0,0.0,3.0,3.0,3.0,0.0,3.0,3.0,0.0,0.0,0.0,3.0,0.0,0.0,3.0,0.0,0.0,0.0,0.0,0.0,0.0,0.0,0.0,0.0,0.0,0.0,2.0,0.0,0.0,0.0,0.0,3.0,0.0,3.0,2.0,3.0,0.0,3.0,0.0,0.0,0.0,3.0,0.0,0.0,,0.0,0.0,0.0,0.0,0.0,0.0,0.0,0.0,0.0,0.0,0.0,0.0,0.0,0.0,0.0,0.0,0.0,0.0,0.0,0.0,0.0,0.0,0.0,0.0,0.0,0.0,0.0,0.0,0.0,,0.0,0.0,0.0,0.0,3.0,0.0,0.0,0.0,0.0,2.0,,3.0,0.0,0.0,3.0,3.0,3.0,3.0,2.0,0.0,2.0,0.0,0.0,3.0,,3.0,3.0,3.0,,0.0,0.0,3.0,0.0,0.0,,3.0,0.0,0.0,0.0,0.0,0.0,0.0,0.0,0.0,0.0,0.0,0.0,0.0,3.0,0.0,0.0,0.0,0.0,3.0,0.0,0.0,3.0,3.0,0.0,3.0,3.0,3.0,0.0,3.0,3.0,0.0,0.0,3.0,3.0,0.0,0.0,0.0,0.0,0.0,0.0,3.0,3.0,,0.0,3.0,0.0,0.0,3.0,3.0,0.0,0.0,0.0,3.0,0.0,2.0,0.0,0.0,0.0,0.0,0.0,0.0,3.0,0.0,0.0,0.0,0.0,0.0,3.0,0.0,0.0,0.0,3.0,2.0,3.0,0.0,3.0,0.0,3.0,3.0,3.0,0.0,3.0,0.0,3.0,3.0,2.0,0.0,0.0,3.0,3.0,0.0,3.0,3.0,3.0,3.0,0.0,0.0,0.0,2.0,3.0,0.0,2.0,0.0,3.0,,3.0,0.0,3.0,0.0,2.0,3.0,0.0,3.0,2.0,0.0,0.0,3.0,3.0,0.0,0.0,3.0,3.0,0.0,2.0,0.0,0.0,0.0,0.0,0.0,0.0,,3.0,0.0,3.0,3.0,,0.0,3.0,3.0,0.0,0.0,3.0,0.0,3.0,3.0,0.0,0.0,0.0,3.0,0.0,0.0,3.0,0.0,0.0,0.0,0.0,0.0,0.0,0.0,0.0,0.0,0.0,0.0,0.0,0.0,0.0,0.0,0.0,0.0,0.0,0.0
W,0.0,0.0,0.0,3.0,0.0,0.0,0.0,0.0,0.0,3.0,3.0,0.0,0.0,3.0,,0.0,3.0,3.0,0.0,3.0,3.0,0.0,,3.0,2.0,3.0,3.0,3.0,3.0,3.0,3.0,2.0,3.0,3.0,0.0,0.0,0.0,2.0,3.0,0.0,0.0,0.0,3.0,0.0,0.0,0.0,3.0,0.0,0.0,0.0,3.0,0.0,0.0,0.0,0.0,0.0,2.0,0.0,,3.0,3.0,0.0,2.0,3.0,0.0,0.0,0.0,3.0,3.0,3.0,0.0,3.0,3.0,0.0,3.0,3.0,0.0,0.0,3.0,3.0,3.0,0.0,3.0,0.0,3.0,0.0,3.0,2.0,0.0,0.0,3.0,3.0,0.0,0.0,3.0,2.0,0.0,3.0,2.0,0.0,0.0,3.0,3.0,0.0,0.0,0.0,3.0,0.0,0.0,0.0,3.0,3.0,0.0,3.0,3.0,3.0,0.0,2.0,2.0,3.0,0.0,3.0,3.0,3.0,3.0,3.0,0.0,3.0,3.0,3.0,3.0,0.0,3.0,3.0,3.0,2.0,0.0,3.0,0.0,3.0,3.0,2.0,3.0,3.0,3.0,3.0,3.0,0.0,3.0,0.0,0.0,0.0,3.0,3.0,0.0,3.0,3.0,0.0,0.0,0.0,3.0,0.0,3.0,3.0,3.0,0.0,0.0,0.0,0.0,0.0,0.0,0.0,0.0,0.0,0.0,3.0,3.0,0.0,0.0,2.0,3.0,0.0,0.0,3.0,0.0,0.0,2.0,0.0,0.0,0.0,3.0,0.0,0.0,0.0,3.0,0.0,0.0,0.0,0.0,0.0,0.0,0.0,0.0,0.0,0.0,0.0,0.0,3.0,0.0,0.0,3.0,0.0,0.0,0.0,0.0,3.0,0.0,0.0,0.0,0.0,0.0,3.0,3.0,0.0,0.0,0.0,0.0,3.0,3.0,0.0,3.0,0.0,3.0,3.0,3.0,3.0,0.0,,3.0,0.0,3.0,3.0,0.0,0.0,2.0,0.0,0.0,3.0,3.0,2.0,3.0,3.0,3.0,0.0,2.0,2.0,3.0,3.0,0.0,3.0,0.0,0.0,0.0,0.0,0.0,0.0,0.0,0.0,0.0,0.0,,0.0,3.0,2.0,0.0,0.0,0.0,0.0,0.0,0.0,3.0,0.0,0.0,3.0,3.0,2.0,0.0,3.0,3.0,0.0,0.0,3.0,3.0,0.0,0.0,0.0,0.0,0.0,3.0,3.0,3.0,0.0,0.0,3.0,0.0,0.0,3.0,3.0,0.0,0.0,2.0,3.0,2.0,2.0,3.0,0.0,0.0,3.0,0.0,0.0,3.0,3.0,0.0,0.0,0.0,0.0,2.0,0.0,0.0,0.0,3.0,0.0,0.0,2.0,3.0,0.0,0.0,3.0,3.0,0.0,3.0,0.0,3.0,3.0,2.0,0.0,3.0,3.0,3.0,3.0,3.0,2.0,3.0,0.0,0.0,0.0,0.0,3.0,3.0,3.0,3.0,0.0,3.0,0.0,2.0,2.0,0.0,0.0,2.0,0.0,0.0,3.0,3.0,0.0,0.0,3.0,3.0,0.0,0.0,3.0,0.0,0.0,0.0,3.0,0.0,0.0,0.0,0.0,0.0,0.0,2.0,0.0,3.0,3.0,0.0,0.0,3.0,3.0,0.0,0.0,3.0,0.0,0.0,3.0,0.0,0.0,0.0,2.0,0.0,0.0,3.0,0.0,0.0,0.0,0.0,0.0,3.0,0.0,0.0,0.0,3.0,0.0,0.0,3.0,0.0,0.0,0.0,0.0,0.0,0.0
