Residue,ShortPosition,LongPosition,TMD,ICL,ECL,membrane facing,channel facing,Burried,Membrane interacting Surface area (higher score indicates stronger interaction with membrane),Solvent accessible Surface area (A2) (lower score indicates residue is burried),Substrate channel Surface area (higher score indicates residue is facing substrate channel),Substrate interaction surface (higher score indicates stronger substrate interation),Substrate interaction Outward-open,Mean distance to substrate at SBC (lower score indicates shorter distance),RMSD,Solvent accessible Surface area (A2),Membrane interacting Surface area,Substrate channel Surface area,Substrate interaction surface,Substrate interaction Inward-open,substrate interaction,orientation of substrate interacting res,TMD binder,helix structure,Loop conformation,CS vs All MCT8 (extracted with WASABI),CS vs Mammal MCT8,"CS vs functionally tested MCT8s (mus musculus, rattus norvegicus, danio rerio, gallus gallus, xenopus laevis)","CS vs other hMCTs (MCT1, MCT2, MCT3, MCT4, MCT5, MCT6, MCT7, MCT9, MCT10, MCT11, MCT12, MCT13, MCT14)"
Met,-73,1,,,,,,,,,,,,,,,,,,,,,,,,-0.501,-0.574,-0.189,-0.287
Gly,-72,2,,,,,,,,,,,,,,,,,,,,,,,,-0.478,-0.503,-0.189,-0.287
Arg,-71,3,,,,,,,,,,,,,,,,,,,,,,,,-0.559,0.173,-0.189,-0.287
Gly,-70,4,,,,,,,,,,,,,,,,,,,,,,,,0.555,1.850,-0.189,-0.287
Gly,-69,5,,,,,,,,,,,,,,,,,,,,,,,,0.618,0.059,-0.189,-0.287
Gly,-68,6,,,,,,,,,,,,,,,,,,,,,,,,-0.420,-0.614,-0.189,-0.287
Gly,-67,7,,,,,,,,,,,,,,,,,,,,,,,,-0.420,0.173,-0.189,-0.287
Leu,-66,8,,,,,,,,,,,,,,,,,,,,,,,,-0.443,2.736,-0.189,-0.287
Asp,-65,9,,,,,,,,,,,,,,,,,,,,,,,,-0.469,0.422,-0.189,-0.287
Val,-64,10,,,,,,,,,,,,,,,,,,,,,,,,0.503,2.448,-0.189,-0.287
Gly,-63,11,,,,,,,,,,,,,,,,,,,,,,,,-0.579,-0.567,-0.189,-0.287
Gly,-62,12,,,,,,,,,,,,,,,,,,,,,,,,-0.579,0.216,-0.189,-0.287
Gly,-61,13,,,,,,,,,,,,,,,,,,,,,,,,-0.420,1.008,-0.189,-0.287
Gly,-60,14,,,,,,,,,,,,,,,,,,,,,,,,-0.420,1.028,-0.189,-0.287
Glu,-59,15,,,,,,,,,,,,,,,,,,,,,,,,-0.492,0.053,-0.189,-0.287
Gly,-58,16,,,,,,,,,,,,,,,,,,,,,,,,0.592,0.053,-0.189,-0.287
Ser,-57,17,,,,,,,,,,,,,,,,,,,,,,,,-0.505,0.057,-0.189,-0.287
Arg,-56,18,,,,,,,,,,,,,,,,,,,,,,,,-0.469,-0.672,-0.189,-0.287
Asp,-55,19,,,,,,,,,,,,,,,,,,,,,,,,-0.469,0.789,-0.189,-0.287
Arg,-54,20,,,,,,,,,,,,,,,,,,,,,,,,-0.469,-0.014,-0.189,-0.287
Leu,-53,21,,,,,,,,,,,,,,,,,,,,,,,,-0.443,-0.613,-0.189,-0.287
Ser,-52,22,,,,,,,,,,,,,,,,,,,,,,,,-0.505,-0.712,-0.189,-0.287
Arg,-51,23,,,,,,,,,,,,,,,,,,,,,,,,-0.469,0.107,-0.189,-0.287
Asp,-50,24,,,,,,,,,,,,,,,,,,,,,,,,-0.469,0.044,-0.189,-0.287
Gly,-49,25,,,,,,,,,,,,,,,,,,,,,,,,0.594,0.763,-0.189,-0.287
Leu,-48,26,,,,,,,,,,,,,,,,,,,,,,,,0.567,0.081,-0.189,-0.287
Ala,-47,27,,,,,,,,,,,,,,,,,,,,,,,,-0.481,-0.108,-0.189,-0.287
Ser,-46,28,,,,,,,,,,,,,,,,,,,,,,,,-0.505,-0.171,1.195,-0.287
Trp,-45,29,,,,,,,,,,,,,,,,,,,,,,,,-0.417,0.916,-0.377,-0.287
Gly,-44,30,,,,,,,,,,,,,,,,,,,,,,,,-0.420,0.080,0.804,-0.287
Ala,-43,31,,,,,,,,,,,,,,,,,,,,,,,,-0.481,0.380,0.954,-0.287
Glu,-42,32,,,,,,,,,,,,,,,,,,,,,,,,-0.492,0.777,1.442,-0.287
Pro,-41,33,,,,,,,,,,,,,,,,,,,,,,,,-0.432,0.014,0.891,-0.287
Gly,-40,34,,,,,,,,,,,,,,,,,,,,,,,,0.584,0.075,-0.522,-0.287
Gly,-39,35,,,,,,,,,,,,,,,,,,,,,,,,-0.420,-0.614,0.630,-0.287
Gly,-38,36,,,,,,,,,,,,,,,,,,,,,,,,-0.420,-0.614,0.713,-0.287
Gly,-37,37,,,,,,,,,,,,,,,,,,,,,,,,-0.420,0.117,0.674,-0.287
Ser,-36,38,,,,,,,,,,,,,,,,,,,,,,,,0.425,1.416,0.453,-0.287
Gly,-35,39,,,,,,,,,,,,,,,,,,,,,,,,0.584,1.488,-0.522,-0.287
Ser,-34,40,,,,,,,,,,,,,,,,,,,,,,,,0.425,1.033,0.630,-0.287
Gly,-33,41,,,,,,,,,,,,,,,,,,,,,,,,1.376,2.735,-0.522,-0.287
Ser,-32,42,,,,,,,,,,,,,,,,,,,,,,,,1.381,0.368,0.778,-0.287
Ser,-31,43,,,,,,,,,,,,,,,,,,,,,,,,0.416,1.100,-0.751,-0.287
Ser,-30,44,,,,,,,,,,,,,,,,,,,,,,,,1.421,0.415,-0.189,-0.287
Pro,-29,45,,,,,,,,,,,,,,,,,,,,,,,,0.425,0.662,-0.189,-0.287
Pro,-28,46,,,,,,,,,,,,,,,,,,,,,,,,0.425,1.657,-0.189,-0.287
Ser,-27,47,,,,,,,,,,,,,,,,,,,,,,,,-0.505,0.422,-0.189,-0.287
Ser,-26,48,,,,,,,,,,,,,,,,,,,,,,,,0.421,2.275,-0.189,-0.287
Ser,-25,49,,,,,,,,,,,,,,,,,,,,,,,,0.418,2.611,-0.189,-0.287
Ser,-24,50,,,,,,,,,,,,,,,,,,,,,,,,-0.505,0.481,-0.189,-0.287
Cys,-23,51,,,,,,,,,,,,,,,,,,,,,,,,0.422,2.631,-0.189,-0.287
Ser,-22,52,,,,,,,,,,,,,,,,,,,,,,,,-0.505,0.324,-0.189,-0.287
Ser,-21,53,,,,,,,,,,,,,,,,,,,,,,,,-0.505,1.168,-0.189,-0.287
Arg,-20,54,,,,,,,,,,,,,,,,,,,,,,,,-0.469,0.090,-0.189,-0.287
Asn,-19,55,,,,,,,,,,,,,,,,,,,,,,,,-0.511,0.070,-0.189,-0.287
Lys,-18,56,,,,,,,,,,,,,,,,,,,,,,,,-0.482,-0.547,-0.189,-0.287
Tyr,-17,57,,,,,,,,,,,,,,,,,,,,,,,,-0.444,0.485,-0.189,-0.287
Gln,-16,58,,,,,,,,,,,,,,,,,,,,,,,,-0.505,-0.568,-0.189,-0.287
Pro,-15,59,,,,,,,,,,,,,,,,,,,,,,,,-0.432,0.406,-0.189,-0.287
Gln,-14,60,,,,,,,,,,,,,,,,,,,,,,,,0.464,1.767,-0.189,-0.287
Ser,-13,61,,,,,,,,,,,,,,,,,,,,,,,,0.418,0.079,-0.189,-0.287
Gly,-12,62,,,,,,,,,,,,,,,,,,,,,,,,-0.420,-0.503,-0.189,-0.287
Ser,-11,63,,,,,,,,,,,,,,,,,,,,,,,,-0.505,0.864,-0.189,-0.287
Ser,-10,64,,,,,,,,,,,,,,,,,,,,,,,,-0.505,0.066,-0.189,-0.287
Gly,-9,65,,,,,,,,,,,,,,,,,,,,,,,,0.645,2.857,-0.189,-0.287
Pro,-8,66,,,,,,,,,,,,,,,,,,,,,,,,-0.432,2.679,-0.189,-0.287
Ser,-7,67,,,,,,,,,,,,,,,,,,,,,,,,-0.505,-0.197,-0.189,-0.287
Ser,-6,68,,,,,,,,,,,,,,,,,,,,,,,,-0.505,0.359,-0.189,-0.287
His,-5,69,,,,,,,,,,,,,,,,,,,,,,,,-0.471,1.395,-0.189,-0.287
Ser,-4,70,,,,,,,,,,,,,,,,,,,,,,,,-0.505,-0.197,-0.189,-0.287
Pro,-3,71,,,,,,,,,,,,,,,,,,,,,,,,-0.432,-0.631,-0.189,-0.287
Pro,-2,72,,,,,,,,,,,,,,,,,,,,,,,,-0.432,0.720,0.666,-0.287
Ala,-1,73,,,,,,,,,,,,,,,,,,,,,,,,-0.481,0.490,-0.699,-0.287
Ala,0,74,,,,,,,,,,,,,,,,,,,,,,,,0.473,0.517,-0.699,-0.287
Met,1,75,,,,,,,,,,,,,,,,,,,,,,,,-0.501,-0.768,-1.117,-0.866
Ala,2,76,,,,,,,,,,,,,,,,,,,,,,,,-0.481,-0.772,1.225,0.040
Leu,3,77,,,,,,,,,,,,,,,,,,,,,,,,0.571,0.177,2.301,-0.609
Gln,4,78,,,,,,,,,,,,,,,,,,,,,,,,-0.505,2.469,2.409,0.216
Ser,5,79,,,,,,,,,,,,,,,,,,,,,,,,0.453,0.245,-0.310,0.216
Gln,6,80,,,,,,,,,,,,,,,,,,,,,,,,0.979,3.188,1.111,-0.105
Ala,7,81,,,,,,,,,,,,,,,,,,,,,,,,1.107,0.321,0.597,0.110
Ser,8,82,,,,,,,,,,,,,,,,,,,,,,,,0.432,0.193,1.042,0.132
Glu,9,83,,,,,,,,,,,,,,,,,,,,,,,,0.551,2.712,0.235,-0.068
Glu,10,84,,,,,,,,,,,,,,,,,,,,,,,,-0.079,0.224,0.878,0.318
Ala,11,85,,,,,,,,,,,,,,,,,,,,,,,,0.230,1.138,0.172,-0.747
Lys,12,86,,,,,,,,,,,,,,,,,,,,,,,,1.512,1.096,1.104,-0.041
Gly,13,87,,,,,,,,,,,,,,,,,,,,,,,,0.380,-0.343,-0.246,-0.539
Pro,14,88,,,,,,,,,,,,,,,,,,,,,,,,0.889,0.462,-0.252,-0.287
Trp,15,89,,,,,,,,,,,,,,,,,,,,,,,,1.169,2.403,1.155,-0.287
Gln,16,90,,,,,,,,,,,,,,,,,,,,,,,,1.116,2.215,-0.279,-0.287
Glu,17,91,,,,,,,,,,,,,,,,,,,,,,,,0.838,1.217,-0.270,-0.287
Ala,18,92,,,,,,,,,,,,,,,,,,,,,,,,0.380,0.965,-0.295,-0.287
Asp,19,93,,,,,,,,,,,,,,,,,,,,,,,,0.564,2.626,1.054,-0.287
Gln,20,94,,,,,,,,,,,,,,,,,,,,,,,,0.494,2.252,-0.279,0.256
Glu,21,95,,,,,,,,,,,,,,,,,,,,,,,,2.385,0.842,-0.270,0.318
Gln,22,96,,,,,,,,,,,,,,,,,,,,,,,,1.761,2.815,2.318,-0.105
Gln,23,97,,,,,,,,,,,,,,,,,,,,,,,,-0.176,2.738,1.069,0.236
Glu,24,98,,,,,,,,,,,,,,,,,,,,,,,,1.150,2.156,0.630,-0.105
Pro,25,99,,,,,,,,,,,,,,,,,,,,,,,,0.967,3.182,0.643,-0.597
Val,26,100,,,,,,,,,,,,,,,,,,,,,,,,1.213,0.271,1.069,0.190
Gly,27,101,,,,,,,,,,,,,,,,,,,,,,,,1.846,2.659,0.590,-0.539
Ser,28,102,,,,,,,,,,,,,,,,,,,,,,,,1.616,2.934,-0.889,0.132
Pro,29,103,,,,,,,,,,,,,,,,,,,,,,,,1.010,1.615,1.191,0.162
Glu,30,104,,,,,,,,,,,,,,,,,,,,,,,,1.941,1.873,1.370,0.304
Pro,31,105,,,,,,,,,,,,,,,,,,,,,,,,1.656,1.765,-0.673,0.285
Glu,32,106,,,,,,,,,,,,,,,,,,,,,,,,1.710,0.322,0.340,-0.287
Ser,33,107,,,,,,,,,,,,,,,,,,,,,,,,2.309,0.949,1.412,-0.287
Glu,34,108,,,,,,,,,,,,,,,,,,,,,,,,-0.323,-0.323,-0.721,-0.287
Pro,35,109,,,,,,,,,,,,,,,,,,,,,,,,1.972,0.579,-0.252,-0.287
Glu,36,110,,,,,,,,,,,,,,,,,,,,,,,,1.474,-0.652,-0.270,-0.287
Pro,37,111,,,,,,,,,,,,,,,,,,,,,,,,0.195,0.815,-0.252,-0.287
Glu,38,112,,,,,,,,,,,,,,,,,,,,,,,,0.586,1.447,-0.270,-0.287
Pro,39,113,,,,,,,,,,,,,,,,,,,,,,,,1.949,0.225,-0.252,-0.287
Glu,40,114,,,,,,,,,,,,,,,,,,,,,,,,2.790,2.349,1.124,-0.287
Pro,41,115,,,,,,,,,,,,,,,,,,,,,,,,1.591,0.778,-0.252,-0.287
Glu,42,116,,,,,,,,,,,,,,,,,,,,,,,,2.507,2.546,-0.828,-0.287
Pro,43,117,,,,,,,,,,,,,,,,,,,,,,,,1.416,0.622,2.122,-0.287
Val,44,118,,,,,,,,,,,,,,,,,,,,,,,,1.584,3.206,1.670,0.512
Pro,45,119,,,,,,,,,,,,,,,,,,,,,,,,-0.123,0.478,2.315,0.162
Val,46,120,,,,,,,,,,,,,,,,,,,,,,,,2.413,2.773,2.515,0.040
Pro,47,121,,,,,,,,,,,,,,,,,,,,,,,,1.763,1.183,1.185,-0.597
Pro,48,122,,,,,,,,,,,,,,,,,,,,,,,,2.430,2.286,-0.904,-0.597
Pro,49,123,,,,,,,,,,,,,,,,,,,,,,,,2.248,-0.094,0.782,-0.597
Glu,50,124,,,,,,,,,,,,,,,,,,,,,,,,2.476,1.582,-0.996,0.356
Pro,51,125,,,,,,,,,,,,,,,,,,,,,,,,2.248,-0.664,0.141,-0.287
Gln,52,126,,,,,,,,,,,,,,,,,,,,,,,,1.451,0.580,1.971,-0.287
Pro,53,127,,,,,,,,,,,,,,,,,,,,,,,,2.764,2.134,2.172,-0.287
Glu,54,128,,,,,,,,,,,,,,,,,,,,,,,,0.147,0.176,-0.175,-0.287
Pro,55,129,,,,,,,,,,,,,,,,,,,,,,,,2.766,-0.095,1.042,-0.287
Gln,56,130,,,,,,,,,,,,,,,,,,,,,,,,0.796,-0.699,0.414,-0.287
Pro,57,131,,,,,,,,,,,,,,,,,,,,,,,,2.400,-0.654,0.617,-0.287
Leu,58,132,,,,,,,,,,,,,,,,,,,,,,,,2.472,-0.062,0.654,-0.401
Pro,59,133,,,,,,,,,,,,,,,,,,,,,,,,1.984,2.122,-0.673,-1.051
Asp,60,134,,,,,,,,,,,,,,,,,,,,,,,,0.257,0.134,0.227,0.929
Pro,61,135,,,,,,,,,,,,,,,,,,,,,,,,0.419,-0.142,1.280,0.022
Ala,62,136,,,,,,,,,,,,,,,,,,,,,,,,0.139,0.483,0.218,0.190
Pro,63,137,,,,,,,,,,,,,,,,,,,,,,,,1.693,0.856,0.643,1.042
Leu,64,138,,,,,,,,,,,,,,,,,,,,,,,,1.937,1.000,0.587,0.333
Pro,65,139,,,,,,,,,,,,,,,,,,,,,,,,-0.216,3.023,0.493,-0.815
Glu,66,140,,,,,,,,,,,,,,,,,,,,,,,,0.271,1.677,1.087,-0.774
Leu,67,141,,,,,,,,,,,,,,,,,,,,,,,,1.912,0.951,-0.572,0.390
Glu,68,142,,,,,,,,,,,,,,,,,,,,,,,,0.378,0.872,0.691,0.110
Phe,69,143,,,,,,,,,,,,,,,,,,,,,,,,1.422,2.768,2.093,0.345
Glu,70,144,,,,,,,,,,,,,,,,,,,,,,,,1.025,0.174,1.752,-0.738
Ser,71,145,,,,,,,,,,,,,,,,,,,,,,,,0.736,1.315,2.270,0.688
Glu,72,146,,,,,,,,,,,,,,,,,,,,,,,,2.628,0.763,0.478,0.965
Arg,73,147,,,,,,,,,,,,,,,,,,,,,,,,2.062,2.767,1.451,0.414
Val,74,148,,,,,,,,,,,,,,,,,,,,,,,,1.872,2.706,1.437,-0.105
His,75,149,,,,,,,,,,,,,,,,,,,,,,,,2.413,2.425,2.272,0.556
Glu,76,150,,,,,,,,,,,,,,,,,,,,,,,,2.261,0.290,1.160,1.081
Pro,77,151,,,,,,,,,,,,,,,,,,,,,,,,2.690,2.435,0.652,0.162
Glu,78,152,,,,,,,,,,,,,,,,,,,,,,,,2.553,2.451,1.517,0.674
Pro,79,153,,,,,,,,,,,,,,,,,,,,,,,,2.741,2.040,1.452,0.121
Thr,80,154,,,,,,,,,,,,,,,,,,,,,,,,2.847,1.068,1.796,0.257
Pro,81,155,,,,,,,,,,,,,,,,,,,,,,,,2.555,0.822,0.550,1.331
Thr,82,156,,,,,,,,,,,,,,,,,,,,,,,,2.380,0.755,1.149,1.078
Val,83,157,,,,,,,,,,,,,,,,,,,,,,,,2.353,0.514,1.478,0.940
Glu,84,158,,,,,,,,,,,,,,,,,,,,,,,,2.479,1.777,1.603,1.416
Thr,85,159,0,1,0,0,0,0,0,89.4,0,0,0,32.968,15.3786,,,,,,0,0,0,0,0,2.861,0.707,2.623,1.029
Arg,86,160,0,1,0,0,0,0,0,105.27,0,0,0,36.886,16.4785,,,,,,0,0,0,0,0,2.116,1.008,1.015,2.202
Gly,87,161,0,1,0,0,0,0,0,33.86,0,0,0,30.536,8.9024,40.25,41.77,0,0,0,0,0,0,0,0,1.402,0.590,1.652,1.294
Thr,88,162,0,1,0,0,0,0,0.08,29.02,0,0,0,29.589,5.8408,19.05,59.87,0,0,0,0,0,0,0,0,1.378,0.874,1.782,1.757
Ala,89,163,0,1,0,0,0,0,0,38.04,0,0,0,32.711,6.0636,34.92,26.07,0,0,0,0,0,0,0,0,2.369,2.979,1,1.377
Arg,90,164,0,1,0,0,0,0,0,125.37,0,0,0,35.612,13.2682,63.82,83.46,0,0,0,0,0,0,0,0,2.470,0.173,2.298,1.644
Gly,91,165,0,1,0,0,0,0,0,27.66,0,0,0,35.75,5.2417,6.6,24.45,0,0,0,0,0,0,0,0,2.453,0.054,2,2.344
Phe,92,166,0,1,0,0,0,0,0,109.98,0,0,0,34.93,7.6038,21.79,86.46,0,0,0,0,0,0,0,0,-0.123,0.296,1,1.557
Gln,93,167,0,1,0,0,0,0,0,66.35,0,0,0,34.363,6.0458,31.62,44.26,0,0,0,0,0,0,0,0,-0.143,0.089,1,1.371
Pro,94,168,0,1,0,0,0,0,0,64.18,0,0,0,34.086,6.6188,14.67,35.2,0,0,0,0,0,0,0,0,-0.322,0.084,0.287,0.191
Pro,95,169,0,1,0,0,0,0,0,36.39,0,0,0,30.152,3.677,41.42,0.09,0,0,0,0,0,0,0,0,-0.834,-0.043,-0.904,-0.804
Glu,96,170,0,1,0,0,0,0,0,21.95,0,0,0,29.503,2.9194,91.49,11.55,0,0,0,0,0,0,0,0,-0.728,-0.107,-0.175,-1.963
Gly,97,171,0,1,0,0,0,0,0,25.7,0,0,0,29.257,2.2022,33.16,0,0,0,0,0,0,0,0,0,-0.950,-0.356,-0.853,-1.787
Gly,98,172,0,1,0,0,0,0,16.69,28.54,0,0,0,29.58,1.3604,34.71,0,0,0,0,0,0,0,0,0,-0.794,-0.350,-0.853,-1.482
Phe,99,173,1,0,0,1,0,0,5.96,63.7,0,0,0,29.656,3.3831,21.92,0.62,0,0,0,0,0,1,0,0,0.823,0.270,-0.845,-1.428
Gly,100,174,1,0,0,0,0,1,0,12.57,0,0,0,25.958,1.6515,18.74,0,0,0,0,0,0,1,1,0,-0.751,-0.272,-0.853,-1.153
Trp,101,175,1,0,0,1,0,0,88.64,35.9,0,0,0,24.336,2.1995,43.18,79.12,0,0,0,0,0,1,0,0,-0.944,-0.052,-0.594,-1.762
Val,102,176,1,0,0,1,0,0,22.95,28.56,0,0,0,26.181,1.362,31.11,9.27,0,0,0,0,0,0,0,0,0.224,0.741,-0.289,-0.074
Val,103,177,1,0,0,0,0,1,0,2.55,0,0,0,23.235,1.7571,0,0,0,0,0,0,0,1,0,0,-0.996,-0.550,-1.107,-1.439
Val,104,178,1,0,0,1,0,0,11.15,0,0,0,0,20.276,2.6398,0,7.33,0,0,0,0,0,1,0,0,-0.842,-0.502,-1.107,-0.827
Phe,105,179,1,0,0,1,0,0,75.97,0,0,0,0,21.104,2.3667,0.11,66.74,0,0,0,0,0,1,0,0,0.633,0.973,0.09,2.371
Ala,106,180,1,0,0,0,0,0,0,0,0,0,0,20.603,1.4439,0,0.31,0,0,0,0,0,1,0,0,-0.997,-0.518,-1.124,0.002
Ala,107,181,1,0,0,0,0,1,0,0.25,0,0,0,17.554,1.9457,1.01,0,0,0,0,0,0,1,0,0,-0.849,-0.549,-1.124,-0.058
Thr,108,182,1,0,0,1,0,0,0.83,0,0,0,0,15.542,1.9453,9.44,17.49,0,0,0,0,0,1,1,0,-0.853,-0.785,-0.443,-1.116
Trp,109,183,1,0,0,1,0,0,58.27,0,0,0,0,17.694,1.7363,0,89.62,0,0,0,0,0,1,0,0,-0.785,-0.619,-0.594,0.273
Cys,110,184,1,0,0,0,0,1,0,9.42,0,0,0,15.866,1.8625,0,0,0,0,0,0,0,1,1,0,-0.793,-0.695,-0.807,0.050
Asn,111,185,1,0,0,0,1,0,0,0,5.7,0,0,11.612,1.9242,13.91,0,13.58,0,0,0,0,1,0,0,-0.717,-0.529,-0.461,-0.359
Gly,112,186,1,0,0,0,0,1,0,0,0,0,0,10.728,0.7832,9.89,0,3.31,0,0,0,0,1,0,0,-0.950,-0.710,-0.853,0.673
Ser,113,187,1,0,0,0,0,1,0,0,0,0,0,12.132,0.8244,0,0.65,0,0,0,0,0,1,0,0,-0.884,-0.786,-1.190,-0.379
Ile,114,188,1,0,0,0,1,0,0,15.03,0,0,0,9.978,1.0776,0,0,0,7.61,1,1,1,1,0,0,-1.002,-0.306,-1.122,0.194
Phe,115,189,1,0,0,0,1,0,0,50.95,59.34,30.47,1,5.61,1.0679,60.23,0,75.14,48.32,1,1,1,1,0,0,-0.865,-0.237,-0.845,0.261
Gly,116,190,1,0,0,0,0,1,0,7.61,0,0.79,0,8.344,0.5692,1.57,0,5.5,0,0,0,0,1,0,0,-0.800,-0.256,-0.853,-0.905
Ile,117,191,1,0,0,0,0,1,0,0.61,0,0,0,11.795,1.2102,0,0,0,0,0,0,0,1,0,0,-1.002,-0.076,-1.122,-0.400
His,118,192,1,0,0,0,1,0,0,66.19,45.85,41.92,1,7.944,2.9413,18.96,0,22,10.83,1,1,1,1,0,0,-0.427,-0.030,0.416,0.361
Asn,119,193,1,0,0,0,1,0,0,46.04,30.88,44.77,1,7.2,1.7965,30.65,0,41.08,0.21,1,1,0,1,0,0,-0.951,-0.282,-1.145,-0.757
Ser,120,194,1,0,0,0,0,1,0,0,0,0,0,11.358,0.6145,0.04,0,0,0,0,0,0,1,0,0,-0.947,-0.794,-1.190,-0.419
Val,121,195,1,0,0,0,1,0,0,15.09,21.57,0.31,0,12.52,1.2828,11.41,0,0,0,0,0,0,1,0,0,-0.412,0.821,0.149,0.731
Gly,122,196,1,0,0,0,1,0,0,32.88,31.28,16.36,1,10.72,0.9085,2.23,0,0,0,0,1,0,0,1,0,-0.656,-0.316,-0.853,-0.736
Ile,123,197,1,0,0,0,1,0,0,47.99,41.63,0,0,13.486,2.507,13.43,0,0,0,0,0,0,1,0,0,-0.799,-0.035,-1.122,-1.058
Leu,124,198,1,0,0,0,0,1,0,5.93,0,0,0,16.358,2.8316,16.57,0,0,0,0,0,0,1,0,0,-0.410,0.135,0.103,-1.330
Tyr,125,199,1,0,0,0,1,0,0,50.82,47.08,0,1,15.274,4.6169,51.75,0,0,0,0,1,0,1,0,0,-0.811,1.037,0.025,-1.105
Ser,126,200,0,0,1,0,0,0,0,44.33,7.1,0,0,18.095,3.1961,34.62,0,0,0,0,0,0,0,0,0,1.563,0.283,1.768,0.062
Met,127,201,0,0,1,0,0,0,0,62.58,0,0,0,20.999,1.7005,76.53,0,0,0,0,0,0,0,0,1,-0.673,0.699,-0.375,-0.755
Leu,128,202,0,0,1,0,1,0,0,32.58,23.76,0,0,18.594,4.2389,25.45,0,0,0,0,0,0,1,0,1,-0.869,0.167,-0.855,-0.104
Leu,129,203,0,0,1,0,0,0,0,39.49,0,0,0,20.353,3.5528,23.52,0,0,0,0,0,1,0,0,1,1.023,0.892,1,-0.218
Glu,130,204,0,0,1,0,0,0,0,74.96,0,0,0,24.077,2.9123,74.64,0,0,0,0,0,0,0,0,0,1.526,0.979,1,-0.089
Glu,131,205,0,0,1,0,0,0,0,43.53,0,0,0,25.065,3.0257,69.15,0,0,0,0,0,0,0,0,1,0.123,0.938,1,0.705
Glu,132,206,0,0,1,0,1,0,0,35.53,13.6,0,0,21.888,2.633,36.38,0,0,0,0,0,0,0,0,1,0.380,0.277,2.597,-1.679
Lys,133,207,0,0,1,0,0,0,0,35.92,0,0,0,23.18,2.5698,59.6,0,0,0,0,0,0,0,0,1,1.721,2.984,1.818,1.624
Glu,134,208,0,0,1,0,0,0,0,63.83,0,0,0,26.885,2.1793,66.62,0,0,0,0,0,0,0,0,0,2.706,1.969,1,0.113
Lys,135,209,0,0,1,0,0,0,0,98.47,0,0,0,28.376,3.3784,92.9,0,0,0,0,0,0,0,0,1,2.841,2.769,0.27,0.743
Asn,136,210,0,0,1,0,0,0,0,47.26,0,0,0,26.853,3.5869,65.86,0,0,0,0,0,0,0,0,1,-0.011,1.292,0.752,-0.080
Arg,137,211,0,0,1,0,0,0,0,109.55,0,0,0,30.65,4.0035,104.51,0,0,0,0,0,0,0,0,1,1.652,2.411,0.724,0.664
Gln,138,212,0,0,1,0,0,0,11.73,38.08,0,0,0,24.314,3.1883,54.04,0,0,0,0,0,0,0,0,1,0.645,1.790,2.077,-0.019
Val,139,213,0,0,1,0,0,0,0,61.33,0,0,0,22.998,3.7271,18.35,0,0,0,0,0,0,0,0,1,-0.083,1.192,2.109,0.150
Glu,140,214,0,0,1,0,1,0,0,43.87,9.32,0,0,19.776,3.2586,13.36,0,0,0,0,0,0,0,0,1,-0.628,1.130,0.688,0.261
Phe,141,215,1,0,0,0,1,0,0,53.09,43.7,0,0,16.778,3.9547,21.27,25.51,0,0,0,0,0,1,0,0,-0.865,0.417,-0.845,-0.662
Gln,142,216,1,0,0,1,0,0,26.86,31.86,0,0,0,20.847,4.1732,21.3,25.98,0,0,0,0,0,0,0,1,-0.389,2.787,0.82,-0.096
Ala,143,217,1,0,0,0,1,0,0,20.6,8.9,0,0,18.106,3.5894,12.62,0,0,0,0,0,0,1,0,0,-0.265,0.095,1,-0.853
Ala,144,218,1,0,0,0,1,0,0,37.1,38.34,0,0,14.283,3.9459,0.98,0,0,0,0,0,1,1,0,0,-0.630,-0.147,-1.124,-1.133
Trp,145,219,1,0,0,1,0,0,34.6,42.97,16.87,0,0,15.97,3.3088,0,47.77,0,0,0,0,0,1,0,0,-0.052,-0.647,-1,-1.762
Val,146,220,1,0,0,1,0,0,24.33,33.73,8.42,0,0,17.158,4.9718,18.99,0,0,0,0,0,0,1,0,0,-0.778,-0.786,-1.107,-1.488
Gly,147,221,1,0,0,0,1,0,0,18,19.07,0,0,13.202,4.6416,9.4,0,0,0,0,0,0,1,1,0,-0.648,-0.381,-0.853,-0.161
Ala,148,222,1,0,0,0,1,0,0,21.03,42.28,0,0,10.829,3.0147,18.27,0,0,0,0,0,0,0,0,0,-0.494,-0.787,0,-1.977
Leu,149,223,1,0,0,1,0,0,9.08,16.47,2.94,0,0,14.911,2.221,0,16.02,0,0,0,0,0,1,0,0,-0.557,-0.735,-0.855,-1.720
Ala,150,224,1,0,0,0,0,1,0,0.36,0.13,0,0,12.233,1.7222,0,0,0,0,0,0,0,1,0,0,-0.384,-0.593,-1.124,0.313
Met,151,225,1,0,0,0,1,0,0,26.74,36.96,19.67,1,8.285,2.2155,39.62,0,36.61,31.35,1,1,1,1,0,0,-0.758,-0.557,-1.117,0.348
Gly,152,226,1,0,0,0,0,1,0,0,3.8,0,0,12.642,1.7985,0,0,0,0,0,0,0,1,1,0,-0.953,-0.732,-0.853,-0.943
Met,153,227,1,0,0,1,0,0,29.48,0,0,0,0,16.455,1.6776,0,27.66,0,0,0,0,0,1,0,0,-0.882,-0.784,-1.117,-1.259
Ile,154,228,1,0,0,0,1,0,0,12.02,0,0,0,12.036,1.6088,0.08,0,17.14,19.03,1,1,1,1,0,0,-0.406,-0.561,-1.122,0.102
Phe,155,229,1,0,0,0,1,0,0,23.58,10.19,0,0,11.692,1.4834,33.52,0,40.61,42.74,1,1,1,1,0,0,-0.760,-0.731,-0.845,0.084
Phe,156,230,1,0,0,1,0,0,72.26,0,0,0,0,17.104,1.3268,0,66.1,0,0,0,0,0,1,0,0,0.067,-0.367,-0.845,1.270
Cys,157,231,1,0,0,1,0,0,28.79,0,0,0,0,18.218,1.043,0,16.55,0,0,0,0,0,1,1,0,-0.631,-0.719,-0.807,0.071
Ser,158,232,1,0,0,0,0,1,0,0,0,0,0,17.024,1.0909,9.93,0,4.52,0,0,0,0,1,0,0,-0.951,-0.797,-1.190,-0.124
Pro,159,233,1,0,0,1,0,0,16.57,0,0,0,0,20.4,1.0751,32.42,18.72,16.86,0,0,0,0,1,1,0,-0.841,-0.744,-0.904,-1.906
Ile,160,234,1,0,0,1,0,0,72.88,0,0,0,0,22.791,1.338,34.82,40.57,0,0,0,0,0,1,0,0,-0.514,-0.788,-0.407,0.137
Val,161,235,1,0,0,1,0,0,16.44,0,0,0,0,20.067,1.0596,0,0,0,0,0,0,0,1,0,0,-0.763,-0.786,-1.107,0.912
Ser,162,236,1,0,0,0,0,1,0,0,0,0,0,22.46,0.696,34.63,0,18.7,0,0,0,0,1,0,0,-0.951,-0.797,-1.190,-1.767
Ile,163,237,1,0,0,1,0,0,46.26,0,0,0,0,26.468,1.3456,46.97,0,0,0,0,0,0,0,0,0,-0.612,-0.788,-0.339,-0.302
Phe,164,238,1,0,0,1,0,0,81.59,0.47,0,0,0,25.212,3.8176,50.88,4.62,0,0,0,0,0,1,0,1,-0.644,-0.731,-0.845,-0.301
Thr,165,239,1,0,0,0,0,1,0,7.31,0,0,0,23.845,1.3077,18.38,0,0,0,0,0,0,1,0,0,-0.860,-0.792,-1.158,-0.928
Asp,166,240,1,0,0,0,0,0,0,29.63,0,0,0,28.132,1.7804,54.47,0,0,0,0,0,0,0,0,1,-0.913,-0.774,-1.041,-1.086
Arg,167,241,1,0,0,1,0,0,74.5,37.83,0,0,0,30.545,2.1508,82.59,9.87,0,0,0,0,0,0,0,1,0.226,-0.528,-0.246,-0.118
Leu,168,242,0,1,0,1,0,0,52.19,39.8,0,0,0,29.203,1.2606,44.26,42.51,0,0,0,0,0,0,0,1,-0.402,-0.450,1,-0.116
Gly,169,243,0,1,0,0,0,0,0,28.56,0,0,0,26.856,0.7623,16.11,0,0,0,0,0,0,0,0,1,-0.953,-0.732,-0.853,-1.482
Cys,170,244,0,1,0,0,0,0,0,29.05,0,0,0,23.482,1.522,22.44,0,0,0,0,0,0,0,0,1,-0.771,-0.719,-0.807,0.574
Arg,171,245,0,1,0,0,0,0,15.73,73.43,0,0,0,27.099,0.4486,35.78,45.63,0,0,0,0,0,0,0,1,-0.994,-0.773,-1.042,-1.746
Ile,172,246,1,0,0,1,0,0,39.03,47.66,0,0,0,27.688,1.2936,41.6,63.62,0,0,0,0,0,1,0,1,-0.216,-0.575,1,1.715
Thr,173,247,1,0,0,1,0,0,28.48,12.77,0,0,0,22.594,1.4702,0,0.43,0,0,0,0,0,1,0,1,-0.786,-0.571,-1.158,-1.007
Ala,174,248,1,0,0,0,0,1,0,15.93,0,0,0,20.86,1.0484,0,0,0,0,0,0,0,1,0,0,-0.849,-0.787,-0.383,-0.493
Thr,175,249,1,0,0,1,0,0,23.06,0,0,0,0,24.048,1.0322,0,37.61,0,0,0,0,0,1,0,0,-0.543,-0.589,1,-0.935
Ala,176,250,1,0,0,1,0,0,44.98,0,0,0,0,23.61,1.2104,0,40.53,0,0,0,0,0,1,0,0,1.107,0.084,3.468,0.985
Gly,177,251,1,0,0,0,0,1,0.22,0,0,0,0,19.938,0.5994,0,0,0,0,0,0,0,1,1,0,-0.799,-0.732,-0.853,-1.480
Ala,178,252,1,0,0,0,0,1,0,0,0,0,0,19.692,0.6885,0,0,0,0,0,0,0,1,0,0,-0.786,-0.787,-1.124,-1.233
Ala,179,253,1,0,0,1,0,0,28.67,0,0,0,0,23.07,1.3865,0,30.89,0,0,0,0,0,1,0,0,1.296,-0.787,0.011,0.220
Val,180,254,1,0,0,1,0,0,19.37,0,0,0,0,21.696,1.0215,0,35.78,0,0,0,0,0,1,0,0,0.399,0.764,0.795,-0.676
Ala,181,255,1,0,0,0,0,1,0,0,0,0,0,17.983,1.3957,0,0,0,0,0,0,0,1,0,0,-0.930,-0.787,-1.124,-0.383
Phe,182,256,1,0,0,1,0,0,43.38,0,0,0,0,22.479,1.2372,0,38.65,0,0,0,0,0,1,0,0,-0.872,-0.731,-0.845,-0.978
Ile,183,257,1,0,0,1,0,0,48.75,0,0,0,0,23.775,1.4858,0,63.51,0,0,0,0,0,1,0,0,0.186,-0.136,-1.122,1.676
Gly,184,258,1,0,0,0,0,1,0,0,0,0,0,20.096,1.7938,0,0,0,0,0,0,0,1,0,0,-0.655,-0.732,-0.853,-1.787
Leu,185,259,1,0,0,0,0,1,0,0,0,0,0,17.631,1.625,0,0,0,0,0,0,0,1,0,0,-0.756,-0.735,-0.855,-0.734
His,186,260,1,0,0,1,0,0,30.24,0,0,0,0,24.133,2.4075,0,44.91,0,0,0,0,0,1,0,0,-0.544,-0.507,0.097,0.281
Thr,187,261,1,0,0,1,0,0,8.62,15.5,0,0,0,24.179,2.3946,0,37.09,0,0,0,0,0,1,0,0,0.091,0.033,0,0.924
Ser,188,262,1,0,0,0,0,1,0,23.26,0.89,0,0,21.058,2.3978,0,0,0,0,0,0,0,1,0,0,-0.413,-0.607,-1.190,-1.735
Ser,189,263,1,0,0,1,0,0,22.39,0,0,0,0,24.323,3.0912,14.34,0,0,0,0,0,0,1,0,0,-0.703,-0.797,-1.190,-1.979
Phe,190,264,1,0,0,1,0,0,93.05,12.91,0,0,0,27.461,3.5529,46.84,52.64,0,0,0,0,0,0,0,0,-0.977,-0.731,-0.845,-1.428
Thr,191,265,1,0,0,1,0,0,21.1,18.39,0,0,0,24.734,3.6009,20.36,23.11,0,0,0,0,0,1,0,0,-0.623,-0.792,-0.446,-0.621
Ser,192,266,0,0,1,0,0,0,7.09,36.49,0,0,0,27.179,4.5926,55.22,4.52,0,0,0,0,0,0,0,0,-0.142,-0.598,1,0.192
Ser,193,267,0,0,1,0,0,0,7.92,28.6,0,0,0,25.887,3.7209,32.3,0,0,0,0,0,0,0,0,1,-0.701,-0.797,-0.492,-0.938
Leu,194,268,0,0,1,0,0,0,35.26,35.71,0.53,0,0,22.051,3.8566,35.09,0,0,0,0,0,0,1,0,1,-0.868,-0.735,-0.855,-0.005
Ser,195,269,0,0,1,0,0,0,34.1,17.02,0,0,0,25.176,5.2887,35.76,24.46,0,0,0,0,0,0,0,0,1.320,-0.368,1,2.596
Leu,196,270,1,0,0,1,0,0,60.78,1.82,0,0,0,26.191,4.2389,30.72,48.94,0,0,0,0,0,0,0,1,-0.368,0.033,1,-0.397
Arg,197,271,1,0,0,0,1,0,0,54.16,21.86,0,0,21.77,3.2638,42.5,0,0,0,0,0,0,1,0,1,-0.644,-0.773,0,-1.148
Tyr,198,272,1,0,0,1,0,0,52.62,34.26,4.54,0,0,19.564,2.999,9.37,52.09,0,0,0,0,0,1,0,0,-0.663,-0.346,-0.824,-1.346
Phe,199,273,1,0,0,1,0,0,67.17,21.96,0,0,0,23.513,2.5864,0,68.74,0,0,0,0,0,0,0,0,-0.626,-0.731,-0.845,0.264
Thr,200,274,1,0,0,1,0,0,1.73,12.04,1.37,0,0,21.348,2.6542,0,8.26,0,0,0,0,0,1,0,0,-0.932,-0.792,-1.158,-1.109
Tyr,201,275,1,0,0,0,1,0,0,31.45,27.76,0,0,14.873,1.8459,21.69,0,0,0,0,0,1,1,0,0,-0.979,-0.725,-0.824,0.864
Gly,202,276,1,0,0,0,0,1,0,0.81,2.07,0,0,16.359,1.9887,0,0,0,0,0,0,0,1,1,0,-0.800,-0.732,-0.853,-1.787
Ile,203,277,1,0,0,1,0,0,34.87,4.85,0,0,0,19.895,2.4261,0,48.18,0,0,0,0,0,1,0,0,-0.512,-0.788,-1.122,-0.277
Leu,204,278,1,0,0,1,0,0,44.02,0,0,0,0,21.427,2.2232,0,36.3,0,0,0,0,0,1,0,0,-0.544,-0.374,-0.855,-0.471
Phe,205,279,1,0,0,0,0,1,0,9.81,0,0,0,14.826,1.5419,0,0,0,0,0,0,0,1,0,0,-0.874,-0.731,-0.845,0.046
Gly,206,280,1,0,0,0,0,1,0,0.88,0,0,0,14.892,1.7482,0,0,0,0,0,0,0,1,0,0,-0.953,-0.732,-0.853,-1.466
Cys,207,281,1,0,0,1,0,0,19.9,0,0,0,0,18.162,1.2394,0,25.11,0,0,0,0,0,0,1,0,-0.497,-0.329,-0.807,-1.025
Gly,208,282,1,0,0,0,0,1,0,0,0,0,0,18.01,0.8966,0,0,0,0,0,0,0,1,0,0,-0.794,-0.732,-0.853,-1.787
Cys,209,283,1,0,0,0,0,1,0,8.67,0,0,0,14.353,1.235,0,0,0,0,0,0,0,1,0,0,-0.465,-0.380,1,0.446
Ser,210,284,1,0,0,0,0,1,0,0,0,0,0,16.027,0.8884,0,0,0,0,0,0,0,1,0,0,-1.008,-0.797,-1.190,-1.179
Phe,211,285,1,0,0,1,0,0,52.9,0,0,0,0,19.963,0.8536,0,16.97,0,0,0,0,0,1,0,0,-0.743,-0.731,-0.845,-0.476
Ala,212,286,1,0,0,0,0,1,0,10.8,0,0,0,16.192,0.506,0,0,0,0,0,0,0,1,0,0,-0.786,-0.579,-1.124,-0.186
Phe,213,287,1,0,0,0,1,0,0,26.77,17.72,0,0,11.866,1.1717,19.12,0,20.26,32.79,1,1,1,1,0,0,-0.872,-0.731,-0.845,-1.053
Gln,214,288,1,0,0,0,0,1,0,0,0,0,0,16.987,1.6463,37.43,0,22.82,0,0,0,0,1,0,0,-0.890,-0.775,-1.059,-0.848
Pro,215,289,1,0,0,0,0,1,0,9.02,0,0,0,18.95,0.9306,0,0,0,0,0,0,0,1,1,0,-0.843,-0.744,-0.904,-0.954
Ser,216,290,1,0,0,0,0,1,0,19.54,0,0,0,16.429,2.3413,0,0,0,0,0,0,0,1,0,0,-0.773,-0.797,-1.190,-0.818
Leu,217,291,1,0,0,0,1,0,0,16.08,26.65,0,0,14.834,2.651,54.37,0,46.12,23.19,1,1,0,1,0,0,-0.874,-0.735,-0.855,-0.306
Val,218,292,1,0,0,0,0,1,0,4.55,0,0,0,20.259,1.4438,60.12,0,5.89,0,0,0,0,1,0,0,-0.923,-0.786,-1.107,-0.468
Ile,219,293,1,0,0,0,1,0,0,18.26,0,0,0,22.258,1.7854,24.44,0,0,0,0,0,0,1,0,0,-0.806,-0.788,-1.122,-0.334
Leu,220,294,1,0,0,0,0,1,0,0,0,0,0,19.529,2.0821,10.35,0,0,0,0,0,0,1,0,0,-0.873,-0.735,-0.855,-0.349
Gly,221,295,1,0,0,0,1,0,0,17.09,0,0,0,22.685,1.8095,22.48,0,0,0,0,0,0,1,0,0,-0.807,-0.732,-0.853,0.033
His,222,296,0,1,0,0,0,0,0,70.68,0,0,0,25.623,1.7268,69.54,0,0,0,0,0,0,0,0,1,-0.836,-0.781,-1.100,0.389
Tyr,223,297,0,1,0,0,0,0,0,46.49,0,0,0,25.445,3.7379,45.25,0,0,0,0,0,0,1,0,1,-0.742,-0.725,-0.824,-1.991
Phe,224,298,0,1,0,0,0,0,0,11.47,0,0,0,24.126,2.4659,23.79,0,0,0,0,0,0,1,0,1,-0.871,-0.731,-0.845,-1.982
Gln,225,299,0,1,0,0,0,0,0,74.25,0,0,0,28.09,2.1913,72.71,0,0,0,0,0,0,0,0,1,-0.501,-0.521,0.773,0.774
Arg,226,300,0,1,0,0,0,0,0,77.24,0,0,0,30.016,6.155,125.45,0,0,0,0,0,0,0,0,1,-0.132,-0.385,0.715,-0.392
Arg,227,301,0,1,0,0,0,0,13.59,27.63,0,0,0,25.527,2.6328,87.43,5.23,0,0,0,0,0,1,0,1,-0.586,-0.773,-1.042,-1.953
Leu,228,302,1,0,0,0,0,0,0,41.45,0,0,0,22.329,1.6864,60.58,0,0.99,0,0,0,0,1,0,0,-0.763,-0.735,-0.855,-1.394
Gly,229,303,1,0,0,0,0,1,0,7.04,0,0,0,20.415,1.7775,36.54,0,15.03,0,0,0,0,1,0,0,-0.620,-0.732,-0.853,-0.075
Leu,230,304,1,0,0,1,0,0,23.92,0,0,0,0,21.473,1.8792,54.59,14.43,0.2,0,0,0,0,1,0,0,-0.656,-0.735,-0.855,-1.135
Ala,231,305,1,0,0,0,0,1,0,0,0,0,0,19.858,1.4187,0,0,0,0,0,0,0,1,0,0,-0.489,-0.787,-0.390,-1.605
Asn,232,306,1,0,0,0,1,0,0,0,3.51,0,0,16.84,1.8271,57.5,0,39.78,1.89,1,1,0,1,0,0,-0.840,-0.789,-1.145,-0.689
Gly,233,307,1,0,0,0,0,1,0,0,0,0,0,15.685,1.191,20,7.65,17.08,0,0,0,0,1,0,0,-0.667,-0.732,-0.853,-0.833
Val,234,308,1,0,0,1,0,0,35.75,0,0,0,0,17.423,2.0643,15.61,47.42,0,0,0,0,0,1,0,0,-0.108,-0.360,0.323,-0.722
Val,235,309,1,0,0,0,0,1,0,0,0.04,0,0,15.056,1.9197,32.38,0,7.46,1.57,1,1,0,1,0,0,-0.769,-0.786,-1.107,-1.492
Ser,236,310,1,0,0,0,1,0,0,0.04,6.54,0,0,11.496,1.1445,23.01,0,39.66,0,0,0,1,1,0,0,-0.579,-0.406,0.475,-0.100
Ala,237,311,1,0,0,0,1,0,22.78,0,0,0,0,12.608,1.9146,0,37.66,0.26,0,0,0,1,1,0,0,-0.326,-0.561,0.847,-1.191
Gly,238,312,1,0,0,0,0,1,0,0,0,0,0,11.545,1.6298,0.56,17.32,0,0,0,0,0,1,1,0,0.718,-0.117,0.042,-1.787
Ser,239,313,1,0,0,0,1,0,0,25.44,13.53,25.21,1,7.755,1.4812,15.75,0,17.9,0.12,1,1,1,1,0,0,-0.821,-0.797,-1.190,-0.659
Ser,240,314,1,0,0,0,1,0,17.78,10.98,20.13,0,0,8.207,1.7052,0,16.53,4.2,0,0,0,0,1,0,0,-0.654,-0.797,0.803,-0.282
Ile,241,315,1,0,0,1,0,0,77.91,0,0,0,0,12.759,1.3544,0,52.58,0,0,0,0,0,1,0,0,0.638,1.537,1.156,0.372
Phe,242,316,1,0,0,1,0,0,31.05,0,0,0,0,12.047,0.9962,0,16.36,0.72,0,0,0,0,1,0,0,-0.874,-0.731,0.144,-0.269
Ser,243,317,1,0,0,0,1,0,0,8.51,20.9,18.24,1,7.772,1.3547,5.81,0,19.88,0.04,1,1,0,1,0,0,-0.710,-0.797,-0.492,-0.574
Met,244,318,1,0,0,1,0,0,37.55,5.73,4.74,2.97,1,12.032,2.5054,0,48.14,0,0,0,1,1,1,0,0,-0.105,-0.575,-0.361,0.123
Ser,245,319,1,0,0,1,0,0,43.19,0,0,0,0,14.673,2.0201,0,34.81,0,0,0,0,0,0,1,0,1.205,-0.614,1.693,0.977
Phe,246,320,1,0,0,1,0,0,38.74,0,0,0,0,14.554,1.3077,0,39.39,0,0,0,0,0,1,0,0,-0.077,-0.731,0.104,0.133
Pro,247,321,1,0,0,0,0,1,0,4.54,0,0,0,11.753,0.7792,0,0,0,0,0,0,1,1,1,0,-0.596,-0.744,-0.904,-1.240
Phe,248,322,1,0,0,1,1,0,48.83,45.98,30.42,0,0,17.24,3.9032,16.09,39.61,0,0,0,0,0,1,0,0,-0.204,0.706,0.254,-0.266
Leu,249,323,1,0,0,1,0,0,61.06,1.45,0,0,0,18.422,2.685,0,35.38,0,0,0,0,0,0,1,0,0.005,-0.388,0.107,0.101
Ile,250,324,1,0,0,0,0,1,0,1.16,0,0,0,16.141,2.6604,0,0,0,0,0,0,0,1,0,0,-0.578,-0.098,0.057,1.129
Arg,251,325,1,0,0,0,1,0,2.06,90.12,21.88,0,0,19.43,3.4516,39.29,0,0,0,0,0,0,0,0,1,1.075,0.670,-0.082,-1.163
Met,252,326,1,0,0,1,0,0,51.36,49.11,0.4,0,0,21.881,1.9362,56.21,33.58,0,0,0,0,0,0,1,0,0.578,0.575,-0.275,2.595
Leu,253,327,1,0,0,1,0,0,34.86,0.38,0,0,0,21.609,2.8365,0.23,19.61,0,0,0,0,0,1,0,0,0.369,-0.397,1.047,-1.732
Gly,254,328,1,0,0,0,0,0,0,23.26,0,0,0,21.993,3.5587,11.34,0,0,0,0,0,0,0,0,1,1.113,-0.388,0.212,1.033
Asp,255,329,0,0,1,0,0,0,0,50.41,0,0,0,24.879,5.6207,70.36,0,0,0,0,0,0,0,0,1,2.791,1.825,2.257,0.004
Lys,256,330,0,0,1,0,0,0,61.28,42.01,0,0,0,26.407,6.3501,88.01,30.8,0,0,0,0,0,0,0,0,0.497,-0.060,2.107,2.029
Ile,257,331,0,0,1,0,0,0,41.4,28.31,0,0,0,25.044,1.957,30.7,25.93,0,0,0,0,0,0,0,1,-0.383,-0.571,-0.265,0.515
Lys,258,332,0,0,1,0,0,0,0.22,91.69,0,0,0,27.8,4.3021,70.93,0,0,0,0,0,0,0,0,0,-0.416,0.109,0.316,-0.344
Leu,259,333,0,0,1,0,0,0,0,26.66,0,0,0,21.437,3.3371,14.04,0,0,0,0,0,0,0,0,1,-0.765,-0.735,-0.855,-1.074
Ala,260,334,1,0,0,0,0,0,5.63,7.93,0,0,0,23.778,2.2321,27.1,0,0,0,0,0,0,0,0,1,-0.021,-0.787,-0.297,-0.457
Gln,261,335,1,0,0,1,0,0,61.05,10.56,0,0,0,25.484,3.0197,40.58,4.48,0,0,0,0,0,0,1,1,0.256,-0.533,0.523,0.027
Thr,262,336,1,0,0,0,0,1,0,0.85,0,0,0,19.842,0.8621,0,0,0,0,0,0,0,1,0,0,-0.507,-0.586,-1.158,-0.585
Phe,263,337,1,0,0,0,1,0,0,21.3,11.99,0,0,18.745,1.5215,22.29,0,0,0,0,0,0,1,0,0,-0.498,-0.370,-0.845,-1.140
Gln,264,338,1,0,0,1,0,0,48.28,0,0,0,0,24.231,2.4407,21.42,37.72,0,0,0,0,0,1,1,0,-0.773,-0.289,-1.059,-1.180
Val,265,339,1,0,0,1,0,0,50.32,0,0,0,0,21.378,1.3043,0,45.55,0,0,0,0,0,1,0,0,-0.504,-0.786,-0.382,-0.709
Leu,266,340,1,0,0,0,0,1,0,0,0,0,0,16.466,1.3437,0,0,0,0,0,0,0,1,0,0,-0.979,-0.735,-0.855,-0.063
Ser,267,341,1,0,0,0,0,1,2.9,0,0,0,0,20.387,1.7133,0,0,0,0,0,0,0,1,0,0,-0.950,-0.797,-1.190,-0.815
Thr,268,342,1,0,0,1,0,0,58.73,0,0,0,0,22.474,2.1183,0,42.64,0,0,0,0,0,0,0,0,0.972,-0.147,1.548,-0.239
Phe,269,343,1,0,0,1,0,0,31.5,0,0,0,0,17.362,1.2722,0,48.84,0,0,0,0,0,1,0,0,-0.380,-0.731,0.090,-0.181
Met,270,344,1,0,0,0,0,1,0,0,0,0,0,17.035,1.2724,0,0,0,0,0,0,0,1,0,0,-0.723,-0.568,-1.117,0.266
Phe,271,345,1,0,0,1,0,0,73.33,0,0,0,0,24.235,0.5829,0,78.56,0,0,0,0,0,1,0,0,-0.336,-0.004,0.809,-1.730
Val,272,346,1,0,0,1,0,0,44.29,0,0,0,0,21.73,1.207,0,53.32,0,0,0,0,0,1,0,0,0.063,2.075,0.323,-1.497
Leu,273,347,1,0,0,0,0,1,0,1.15,0,0,0,17.951,1.5674,0,0,0,0,0,0,0,1,0,0,-0.881,-0.735,-0.217,-0.737
Met,274,348,1,0,0,1,0,0,33.06,0,0,0,0,23.336,1.0188,0,49.71,0,0,0,0,0,1,0,0,-0.422,-0.156,2.027,0.859
Leu,275,349,1,0,0,1,0,0,69.19,13.32,0,0,0,25.44,0.9835,0,79.18,0,0,0,0,0,0,0,0,-0.047,-0.367,1.058,0.099
Leu,276,350,1,0,0,1,0,0,25.41,0.07,0,0,0,21.976,2.2443,0,34.02,0,0,0,0,0,1,0,0,-0.979,-0.735,-0.855,-0.062
Ser,277,351,1,0,0,0,0,1,0,0,0,0,0,22.517,0.865,0,0,0,0,0,0,0,1,0,0,-0.666,-0.797,-0.473,-0.803
Leu,278,352,1,0,0,0,0,0,20.7,58.61,0,0,0,27,1.3072,9.19,61.69,0,0,0,0,0,1,0,0,-0.328,-0.735,0.069,-0.961
Thr,279,353,1,0,0,0,0,0,0,38.27,0,0,0,25.868,1.1412,19.1,27.01,0,0,0,0,0,0,1,0,-0.246,-0.792,-0.446,-1.110
Tyr,280,354,1,0,0,0,0,0,0,25.28,0,0,0,23.153,2.0109,0,0,0,0,0,0,0,1,0,0,-0.545,-0.725,1.046,-1.111
Arg,281,355,0,1,0,0,0,0,0,88.97,0,0,0,32.075,2.6723,77.22,5.93,0,0,0,0,0,0,0,1,-0.342,-0.773,0.577,-1.935
Pro,282,356,0,1,0,0,0,0,0.08,56.21,0,0,0,29.998,2.1534,66.03,0,0,0,0,0,0,0,0,1,-0.827,-0.744,-0.904,-1.906
Leu,283,357,0,1,0,0,0,0,0,51.81,0,0,0,30.364,5.1905,67.47,0,0,0,0,0,0,0,0,0,0.052,-0.735,0.180,0.132
Leu,284,358,0,1,0,0,0,0,0,60.54,0,0,0,34.628,2.706,100.76,0,0,0,0,0,0,0,0,1,-0.098,-0.735,-0.855,2.185
Pro,285,359,0,1,0,0,0,0,0,23.47,0,0,0,37.574,4.3675,30.52,0,0,0,0,0,0,0,0,1,-0.475,-0.744,-0.904,1.670
Ser,286,360,0,1,0,0,0,0,0,37.12,0,0,0,38.535,3.2046,62.51,0,0,0,0,0,0,0,0,1,0.925,-0.388,0.641,0.719
Ser,287,361,0,1,0,0,0,0,0,50.35,0,0,0,34.991,2.5731,54.64,0,0,0,0,0,0,0,0,0,0.775,-0.603,0.523,2.268
Gln,288,362,0,1,0,0,0,0,0,62.17,0,0,0,34.532,3.008,52.69,0,0,0,0,0,0,0,0,0,2.128,0.054,2.563,1.206
Asp,289,363,0,1,0,0,0,0,0,70.36,0,0,0,39.549,3.1641,78.22,0,0,0,0,0,0,0,0,0,0.952,-0.530,0.238,0.636
Thr,290,364,0,1,0,0,0,0,0,40.41,0,0,0,39.128,4.3883,62.71,0,0,0,0,0,0,0,0,1,2.854,-0.361,1.613,1.359
Pro,291,365,0,1,0,0,0,0,0,52.17,0,0,0,42.998,3.427,56.86,0,0,0,0,0,0,0,0,1,2.705,-0.417,2.415,1.944
Ser,292,366,0,1,0,0,0,0,0,51,0,0,0,44.459,2.7964,49.87,0,0,0,0,0,0,0,0,0,1.697,-0.384,1.786,0.942
Lys,293,367,0,1,0,0,0,0,0,58.29,0,0,0,39.451,4.5711,92.59,0,0,0,0,0,0,0,0,1,1.541,-0.424,-0.073,1.984
Arg,294,368,0,1,0,0,0,0,0,75.94,0,0,0,42.339,5.9467,115.34,0,0,0,0,0,0,0,0,1,2.292,-0.201,2.468,2.131
Gly,295,369,0,1,0,0,0,0,0,31.18,0,0,0,43.28,4.6892,31.39,0,0,0,0,0,0,0,0,0,1.111,0.123,1.144,1.919
Val,296,370,0,1,0,0,0,0,0,62.06,0,0,0,41.592,4.2208,62,0,0,0,0,0,0,0,0,0,2.778,0.634,1.582,1.986
Arg,297,371,0,1,0,0,0,0,0,61.58,0,0,0,35.679,3.1831,101.32,0,0,0,0,0,0,0,0,1,1.036,2.916,1.957,1.140
Thr,298,372,0,1,0,0,0,0,0,54.72,0,0,0,41.028,4.5033,49.25,0,0,0,0,0,0,0,0,0,0.168,0.064,-0.483,2.274
Leu,299,373,0,1,0,0,0,0,0,67.01,0,0,0,43.668,4.6326,82.38,0,0,0,0,0,0,0,0,0,1.937,1.630,2.657,-0.036
His,300,374,0,1,0,0,0,0,0,47.67,0,0,0,37.465,3.7809,73.59,0,0,0,0,0,0,0,0,0,2.164,2.545,2.377,0.990
Gln,301,375,0,1,0,0,0,0,0,58.23,0,0,0,35.794,5.0812,58.81,0,0,0,0,0,0,0,0,0,0.120,0.000,-1.059,0.084
Arg,302,376,0,1,0,0,0,0,0,107.67,0,0,0,42.238,4.8191,92.74,0,0,0,0,0,0,0,0,0,0.783,0.037,0.799,2.038
Phe,303,377,0,1,0,0,0,0,0,46.81,0,0,0,40.151,7.1792,45.69,0,0,0,0,0,0,0,0,0,2.762,1.611,1.436,2.907
Leu,304,378,0,1,0,0,0,0,0,46.02,0,0,0,34.127,4.2407,51.45,0,0,0,0,0,0,0,0,0,1.281,0.316,0.150,2.675
Ala,305,379,0,1,0,0,0,0,0,46.74,0,0,0,36.218,2.9058,28.76,0,0,0,0,0,0,0,0,0,1.731,0.390,-0.392,0.389
Gln,306,380,0,1,0,0,0,0,0,75.55,0,0,0,39.172,3.476,67.06,7.54,0,0,0,0,0,0,0,0,1.202,-0.290,0.626,1.689
Leu,307,381,0,1,0,0,0,0,0,49.47,0,0,0,36.548,4.7794,79.23,19.02,0,0,0,0,0,0,0,0,1.511,-0.037,2.593,2.810
Arg,308,382,0,1,0,0,0,0,0,69.71,0,0,0,30.904,3.3555,79.7,0,0,0,0,0,0,0,0,1,-0.112,0.009,-1.042,0.114
Lys,309,383,0,1,0,0,0,0,0,83.49,0,0,0,35.871,4.987,91.36,1.45,0,0,0,0,0,0,0,0,-0.152,-0.493,-0.176,0.334
Tyr,310,384,0,1,0,0,0,0,0,100.5,0,0,0,36.477,6.0926,98.48,0,0,0,0,0,0,0,0,0,-0.325,-0.725,-0.824,1.934
Phe,311,385,0,1,0,0,0,0,0,35.79,0,0,0,34.07,4.1506,40.52,0.88,0,0,0,0,0,0,0,0,0.022,-0.349,-0.845,-0.516
Asn,312,386,0,1,0,0,0,0,0,22.08,0,0,0,29.529,3.6258,26.34,25.21,0,0,0,0,0,0,0,1,-0.648,-0.789,-1.145,-0.308
Met,313,387,0,1,0,0,0,0,0,71.15,0,0,0,32.172,5.5875,65.67,0,0,0,0,0,0,0,0,0,-0.031,-0.553,0.608,1.281
Arg,314,388,0,1,0,0,0,0,0,73.14,0,0,0,33.084,3.578,69.23,0,0,0,0,0,0,0,0,0,-0.335,-0.511,-0.218,-0.893
Val,315,389,0,1,0,0,0,0,0,28.01,0,0,0,26.573,3.1388,0,0,0,0,0,0,0,0,0,0,-0.695,-0.575,-1.107,-0.470
Phe,316,390,0,1,0,1,0,0,60.65,17.98,0,0,0,27.128,5.5223,54.83,33.02,0,0,0,0,0,0,0,0,-0.736,-0.731,-0.845,-0.700
Arg,317,391,0,1,0,1,0,0,45.89,72.56,0,0,0,31.464,5.9347,102.05,0,0,0,0,0,0,0,0,0,0.784,-0.480,-0.157,1.154
Gln,318,392,0,1,0,0,0,0,0,26,0,0,0,27.881,3.2202,52.09,0,0,0,0,0,0,0,0,1,0.310,-0.281,2.106,0.117
Arg,319,393,0,1,0,1,0,0,56.21,24.62,0,0,0,30.762,8.2808,55.83,4.45,0,0,0,0,0,0,0,1,0.625,-0.523,1.318,-0.115
Thr,320,394,1,0,0,0,0,1,0,19.07,0,0,0,25.335,4.6778,49.95,0,0,0,0,0,0,1,0,0,-0.787,-0.792,-1.158,1.416
Tyr,321,395,1,0,0,0,0,1,0,15.93,0,0,0,22.973,3.2579,13.22,0,0,0,0,0,0,1,0,0,-0.872,-0.725,-0.824,-1.468
Arg,322,396,1,0,0,1,0,0,62.38,0,0,0,0,24.885,4.5791,9.98,21.84,0,0,0,0,0,1,0,0,-0.738,-0.509,-0.112,2.031
Ile,323,397,1,0,0,1,0,0,26.63,0,0,0,0,24.591,5.2924,0,1.62,0,0,0,0,0,1,0,0,0.055,-0.372,-1.122,0.606
Trp,324,398,1,0,0,0,0,1,0,31.63,0,0,0,17.833,3.3055,0,0,0.36,0,0,0,0,1,0,0,-0.948,-0.647,-0.594,-0.292
Ala,325,399,1,0,0,1,0,0,29.15,0,0,0,0,20.093,1.88,0,0,0,0,0,0,0,1,0,0,-0.705,-0.357,-1.124,-0.175
Phe,326,400,1,0,0,1,0,0,104.56,0,0,0,0,21.489,4.8323,0,46.24,0,0,0,0,0,1,0,0,-0.653,-0.731,-0.845,0.902
Gly,327,401,1,0,0,1,0,0,5.72,0,0,0,0,17.961,1.553,0,0.04,0,0,0,0,0,1,1,0,-0.638,-0.732,-0.853,1.291
Ile,328,402,1,0,0,0,0,1,0,7.75,2.58,0,0,14.555,1.6124,17.9,0,11.35,0,0,0,0,1,0,0,-0.570,-0.788,-0.407,1.297
Ala,329,403,1,0,0,1,0,0,29.22,0,0,0,0,16.329,1.5923,0,21.21,0,0,0,0,0,1,0,0,-0.927,-0.787,-1.124,0.796
Ala,330,404,1,0,0,1,0,0,29.52,0,0,0,0,16.498,1.8174,0,37.57,0,0,0,0,0,1,0,0,-0.715,-0.570,-0.441,0.562
Ala,331,405,1,0,0,0,0,1,0,2.83,0.09,0,0,12.783,1.5923,0,0,0,0,0,0,1,1,0,0,-0.929,-0.787,-0.389,-0.374
Ala,332,406,1,0,0,0,0,1,0,18.26,8.8,0,0,11.477,1.025,0,0.05,6.59,0,0,0,0,1,0,0,-0.536,-0.787,-0.354,2.160
Leu,333,407,1,0,0,1,0,0,36.45,0,0,0,0,15.011,1.7456,0,57.82,0,0,0,0,0,1,0,0,-0.979,-0.735,-0.855,1.177
Gly,334,408,1,0,0,0,0,1,0,4.56,0,0,0,12.288,1.5008,0,0,0,0,0,0,1,1,1,0,-0.803,-0.732,-0.853,-1.154
Tyr,335,409,1,0,0,0,1,0,0,71.95,45.84,18.73,1,8.636,0.7014,18.03,0,11.31,7.61,1,1,1,1,0,0,-0.770,-0.725,-0.824,-0.107
Phe,336,410,1,0,0,0,1,0,0,52.5,79.54,15.69,1,6.461,4.5627,34.35,0,44.96,19.75,1,1,1,1,0,0,-0.539,-0.731,-0.845,-0.991
Val,337,411,1,0,0,0,0,1,0,0,0,0,0,10.805,2.4153,4.13,0,0,0,0,0,0,1,0,0,-0.613,-0.359,-1.107,0.111
Pro,338,412,1,0,0,0,1,0,0,28.61,18.07,0,0,9.81,1.3773,25.88,0,0,0,0,0,0,1,1,0,-0.968,-0.744,-0.904,-1.609
Tyr,339,413,1,0,0,0,1,0,0,71.46,59.27,30.7,1,7.649,1.3486,66.79,0,51.33,19.05,1,1,1,1,0,0,-0.753,-0.725,-0.824,1.703
Val,340,414,1,0,0,0,1,0,0,55.26,65.21,0,0,9.298,2.6908,20.01,0,0,0,0,0,0,1,0,0,1.005,-0.786,-0.262,-0.006
His,341,415,1,0,0,0,1,0,0,0,7.01,0,0,13.008,1.6162,8.09,0,0,0,0,0,0,1,0,0,-0.583,-0.781,-1.100,-0.830
Leu,342,416,1,0,0,0,0,0,0,20.61,0,0,0,12.519,1.7724,35.48,0,0,0,0,0,1,1,0,0,-0.756,-0.735,-0.855,-1.178
Met,343,417,1,0,0,0,1,0,0,56.64,52.53,0,0,12.064,1.5389,29.01,0,0,0,0,0,1,1,0,0,0.826,1.080,1.508,-0.341
Lys,344,418,0,0,1,0,1,0,0,59.86,38.35,0,0,16.462,2.117,48.63,0,0,0,0,0,0,0,0,1,0.330,-0.489,-0.168,0.396
Tyr,345,419,0,0,1,0,0,0,0,32.37,0,0,0,18.085,4.0632,33.92,0,0,0,0,0,0,0,0,1,-0.442,-0.725,1.046,-0.078
Val,346,420,0,0,1,0,0,0,0,24.52,0,0,0,17.459,2.4029,0.94,0,0,0,0,0,0,0,0,1,-0.390,-0.571,-1.107,-0.997
Glu,347,421,0,0,1,0,0,0,0,53.14,0,0,0,19.688,4.4228,48.22,0,0,0,0,0,0,0,0,1,0.208,-0.208,-0.116,0.572
Glu,348,422,0,0,1,0,0,0,0,66.14,0,0,0,21.848,5.7831,61.46,0,0,0,0,0,0,0,0,1,0.150,-0.207,2.009,0.427
Glu,349,423,0,0,1,0,0,0,0,58.56,0,0,0,22.218,5.3536,52.92,0,0,0,0,0,0,0,0,1,0.888,-0.218,2.346,1.772
Phe,350,424,0,0,1,0,0,0,0,112.56,0,0,0,25.185,6.0318,104.36,0,0,0,0,0,0,0,0,0,-0.870,-0.731,-0.845,0.054
Ser,351,425,0,0,1,0,0,0,0,39.68,0,0,0,21.673,5.1541,33.01,0,0,0,0,0,0,0,0,0,0.727,2.876,2.633,0.731
Glu,352,426,0,0,1,0,0,0,0,58.55,0,0,0,22.386,6.7183,66.37,0,0,0,0,0,0,0,0,0,0.665,0.152,-0.199,0.121
Ile,353,427,0,0,1,0,0,0,0,64.89,15.54,0,0,18.98,5.7159,50.86,0,0,0,0,0,0,0,0,0,0.265,-0.220,0.483,0.908
Lys,354,428,0,0,1,0,0,0,0,85.88,0,0,0,20.647,3.6471,68.97,15.32,0,0,0,0,0,0,0,1,1.143,-0.190,0.909,0.389
Glu,355,429,0,0,1,0,0,0,0,47.98,0,0,0,18.293,2.3047,64.2,26.63,0,0,0,0,0,0,0,1,0.327,0.712,1.799,1.751
Thr,356,430,1,0,0,0,1,0,0,8.64,16.74,0,0,14.243,1.9244,14.08,0,0,0,0,0,0,1,0,0,0.159,-0.575,1.162,-0.873
Trp,357,431,1,0,0,0,1,0,0,82.7,39.83,0,0,13.062,3.884,19.97,25.82,0,0,0,0,1,1,0,0,-0.948,-0.647,-0.594,-0.996
Val,358,432,1,0,0,1,0,0,19.97,52.96,0,0,0,16.334,2.0392,30.99,24.46,0,0,0,0,0,1,0,0,0.037,-0.786,0.760,-0.486
Leu,359,433,1,0,0,0,0,1,0,25.61,0,0,0,14.204,1.829,1.15,0,0,0,0,0,0,1,0,0,-0.665,-0.735,-0.855,-1.397
Leu,360,434,1,0,0,0,1,0,0,58,40.36,38.3,1,8.602,1.5541,0,0,0,0,0,1,0,1,0,0,-0.768,-0.735,0.101,-0.135
Val,361,435,1,0,0,1,0,0,16.34,27.12,0.73,0,0,13.076,2.031,0,22.02,0,0,0,0,0,1,0,0,-0.627,-0.786,-1.107,-1.480
Cys,362,436,1,0,0,1,0,0,17.38,1.62,0,0,0,13.738,1.3105,0,14.77,0,0,0,0,0,1,0,0,-0.801,-0.719,-0.807,-0.866
Ile,363,437,1,0,0,0,1,0,0,48.28,35.76,0.08,0,9.43,0.7331,10.44,0,15.63,8.95,1,1,1,1,0,0,-0.664,-0.581,-0.292,0.217
Gly,364,438,1,0,0,0,1,0,0,18.57,14.38,2.04,1,9.761,1.0587,0,0,0,0.78,1,1,0,1,1,0,-0.953,-0.732,-0.853,-0.646
Ala,365,439,1,0,0,1,0,0,39.5,0,0,0,0,13.621,1.7073,0,32.12,0,0,0,0,0,1,0,0,-0.708,-0.787,-0.332,-1.010
Thr,366,440,1,0,0,1,0,0,33.89,0,0,0,0,14.116,1.8249,0,34.97,0,0,0,0,0,1,1,0,-0.638,-0.792,0.374,0.739
Ser,367,441,1,0,0,0,1,0,0,7.18,1.81,0.36,0,10.587,0.8095,14.31,0,0.05,16.55,1,1,0,1,1,0,-1.008,-0.797,-1.190,-0.660
Gly,368,442,1,0,0,1,0,0,16.34,0,0,0,0,12.549,1.0374,0.06,0,0,0,0,0,0,1,1,0,-0.475,-0.732,-0.853,0.192
Leu,369,443,1,0,0,1,0,0,77.35,0,0,0,0,16.908,3.7011,0,73.73,0,0,0,0,0,0,0,0,-0.299,-0.117,1.196,0.991
Gly,370,444,1,0,0,0,0,1,0.04,0,0,0,0,15.346,1.2171,0,13.18,0,0,0,0,0,1,1,0,-0.809,-0.732,-0.853,-0.657
Arg,371,445,1,0,0,0,1,0,0,12.29,20.27,20.95,1,11.109,1.2676,70.05,0,51.43,40.25,1,1,1,1,0,0,-0.994,-0.773,-1.042,-1.353
Leu,372,446,1,0,0,1,0,0,60.93,0,0,0,0,18.793,2.2316,34.72,45.16,8.38,0,0,0,0,1,0,0,-0.979,-0.388,-0.855,-0.043
Val,373,447,1,0,0,1,0,0,40.53,0,0,0,0,20.028,1.8767,0,54.73,0,0,0,0,0,1,0,0,0.719,-0.078,1.631,0.507
Ser,374,448,1,0,0,0,0,1,0,0,0,0,0,17.59,1.4989,0,0,0,0,0,0,0,1,0,0,-0.820,-0.797,-0.406,1.674
Gly,375,449,1,0,0,0,0,1,0,0,0,0,0,19.214,1.2591,22.88,0,11.54,0,0,0,0,1,1,0,-0.953,-0.732,-0.853,-1.787
His,376,450,1,0,0,1,0,0,57.34,33.54,0,0,0,24.191,2.6357,59.83,50.71,0.04,0,0,0,0,0,0,0,-0.181,-0.290,0.606,1.108
Ile,377,451,1,0,0,1,0,0,46.67,0,0,0,0,22.242,2.871,0.95,54.74,0,0,0,0,0,1,0,0,-0.221,0.512,-0.361,0.095
Ser,378,452,1,0,0,0,0,1,0,0,0,0,0,21.084,1.9201,8.1,0,0.15,0,0,0,0,1,1,0,-0.346,-0.597,-0.012,-1.247
Asp,379,453,1,0,0,0,0,0,0,26.93,0,0,0,24.559,2.1931,62.51,0,5.63,0,0,0,0,1,1,0,-0.994,-0.774,-1.041,-1.404
Ser,380,454,1,0,0,1,0,0,14.15,42.51,0,0,0,26.705,2.9742,45.52,31.55,0,0,0,0,0,0,1,0,-0.126,-0.597,1.305,1.279
Ile,381,455,1,0,0,1,0,0,26.13,21.14,0,0,0,25.7,2.2322,44.77,30.19,0,0,0,0,0,1,0,0,-0.721,-0.788,-1.122,2.228
Pro,382,456,0,1,0,0,0,0,0.69,55,0,0,0,29.147,2.4614,65.02,0,0,0,0,0,0,0,0,1,-0.052,-0.744,-0.904,2.450
Gly,383,457,0,1,0,0,0,0,0,24.98,0,0,0,26.732,2.1993,24.5,0,0,0,0,0,0,0,0,1,-0.809,-0.732,-0.853,0.099
Leu,384,458,0,1,0,0,0,0,0,50.71,0,0,0,29.748,3.7944,76.04,0,0,0,0,0,0,0,0,1,0.132,-0.735,0.119,0.165
Lys,385,459,1,0,0,1,0,0,26.25,40.65,0,0,0,28.344,4.5947,64.84,7.26,0,0,0,0,0,0,0,1,0.428,-0.762,-0.981,0.262
Lys,386,460,1,0,0,0,0,0,0,27.66,0,0,0,23.175,1.9442,34.36,0,0,0,0,0,0,0,0,1,-1.000,-0.762,-0.981,1.363
Ile,387,461,1,0,0,0,0,0,0,40.17,0,0,0,23.163,1.976,0.19,0,0,0,0,0,0,1,0,0,-0.670,-0.788,-1.122,1.163
Tyr,388,462,1,0,0,1,0,0,40.17,8.54,0,0,0,24.672,2.2349,26.41,44.17,0,0,0,0,0,1,0,0,-0.663,-0.725,-0.824,-0.232
Leu,389,463,1,0,0,1,0,0,24.24,0,0,0,0,21.049,3.1735,0,16.51,0,0,0,0,0,1,0,0,-0.563,-0.735,0.023,0.123
Gln,390,464,1,0,0,0,0,1,0,16.2,0,0,0,17.228,2.5115,0,0,0,0,0,0,0,1,0,0,-1.007,-0.775,-1.059,0.628
Val,391,465,1,0,0,0,0,1,0,2.27,0,0,0,20.005,1.5983,0,21.34,0,0,0,0,0,1,0,0,-0.698,-0.786,-1.107,0.600
Leu,392,466,1,0,0,1,0,0,56.3,0,0,0,0,21.075,4.1735,0,57.81,0,0,0,0,0,1,0,0,0.631,-0.067,-0.132,0.341
Ser,393,467,1,0,0,0,0,1,0,0,0,0,0,15.754,1.9035,0,0,0,0,0,0,0,1,0,0,-0.834,-0.590,-1.190,-0.844
Phe,394,468,1,0,0,0,0,1,0,0,0,0,0,14.885,0.8826,0,0,0,0,0,0,0,1,0,0,-0.978,-0.731,-0.845,1.557
Leu,395,469,1,0,0,1,0,0,36.3,0,0,0,0,19.613,2.6356,0,55.83,0,0,0,0,0,1,0,0,0.593,-0.396,1.165,1.887
Leu,396,470,1,0,0,1,0,0,59.11,0,0,0,0,18.163,2.5068,0,58.96,0,0,0,0,0,1,0,0,0.644,-0.735,-0.855,0.605
Leu,397,471,1,0,0,0,1,0,0,7.65,20.46,0,0,11.888,1.1288,0.2,0,7.5,0,0,0,1,1,0,0,-0.459,-0.735,0.107,-0.104
Gly,398,472,1,0,0,0,0,1,0,0,0,0,0,15.122,1.4451,0,0,0,0,0,0,0,1,0,0,-0.953,-0.732,-0.853,-0.887
Leu,399,473,1,0,0,1,0,0,66.99,0,0,0,0,19.494,3.6621,0,63.53,0,0,0,0,0,1,0,0,0.110,-0.735,0.603,-0.807
Met,400,474,1,0,0,1,0,0,26.74,0.76,0,0,0,16.922,1.592,0,51.02,0,0,0,0,0,1,0,0,-0.459,-0.784,-0.357,0.095
Ser,401,475,1,0,0,0,1,0,0,14.67,1.79,0,0,13.939,1.7006,7.98,0,0,0,0,0,0,1,0,0,-0.721,-0.103,-0.460,0.478
Met,402,476,1,0,0,1,0,0,51,0,0,0,0,19.4,3.1091,0,39.98,0,0,0,0,0,1,0,0,0.081,-0.568,-1.117,0.236
Met,403,477,1,0,0,1,0,0,68.34,0.07,0,0,0,20.65,2.6308,0,93.11,0,0,0,0,0,1,0,0,-0.219,-0.784,-1.117,0.954
Ile,404,478,1,0,0,0,0,0,0,28.31,0,0,0,16.068,1.7869,15.71,30.8,0,0,0,0,0,1,0,0,-0.566,-0.788,-0.283,0.661
Pro,405,479,1,0,0,0,0,0,3.73,14.99,0,0,0,19.127,3.0331,28.66,0,0,0,0,0,0,1,1,0,-0.846,-0.744,-0.904,-0.438
Leu,406,480,1,0,0,1,0,0,48.28,68.4,0,0,0,23.08,3.0689,59.08,55.43,0,0,0,0,0,0,0,0,-0.550,-0.379,0.366,1.049
Cys,407,481,1,0,0,0,0,0,6.81,29.39,0,0,0,21.161,1.7586,10.36,25.65,0,0,0,0,0,1,0,0,-0.952,-0.719,-0.807,-0.407
Arg,408,482,0,0,1,0,0,0,0,102.77,0,0,0,24.755,4.9333,120.02,39.57,0,0,0,0,0,0,0,1,0.721,0.283,-0.068,1.914
Asp,409,483,0,0,1,0,0,0,13.88,51.01,0,0,0,24.011,0.8027,40.1,27.32,0,0,0,0,0,0,0,1,1.455,1.072,1.540,1.024
Phe,410,484,0,0,1,0,0,0,8.82,119.6,0,0,0,22.659,4.7883,81.27,0.25,0,0,0,0,0,0,0,0,-0.978,-0.731,-0.845,-0.494
Gly,411,485,1,0,0,1,0,0,20.92,12.28,0,0,0,22.252,0.6052,11.5,22.72,0,0,0,0,0,0,1,0,-0.502,2.166,-0.061,1.818
Gly,412,486,1,0,0,0,0,0,0.77,15.78,0,0,0,21.337,0.7284,0,18.5,0,0,0,0,0,0,1,0,1.150,-0.732,0.035,2.067
Leu,413,487,1,0,0,0,0,0,0,24.65,0,0,0,18.065,1.5051,12.62,0,0,0,0,0,0,1,0,0,-0.694,-0.374,1.026,-1.732
Ile,414,488,1,0,0,1,0,0,25.34,42.36,0,0,0,18.359,1.4409,25.82,27.68,0,0,0,0,0,1,0,0,0.044,-0.151,-0.407,-0.530
Val,415,489,1,0,0,1,0,0,19.22,40.75,0,0,0,20.215,0.2839,0,44.47,0,0,0,0,0,0,0,0,-0.394,-0.360,-1.107,0.851
Val,416,490,1,0,0,1,0,0,21.22,4.12,0,0,0,17.054,1.0393,16.97,0,0,0,0,0,0,1,0,0,-0.704,-0.786,-0.318,0.979
Cys,417,491,1,0,0,0,0,1,0,1.84,0,0,0,13.837,0.527,5.83,0,0,0,0,0,0,1,0,0,-0.519,-0.719,0.275,-0.009
Leu,418,492,1,0,0,1,0,0,37.24,15.81,0,0,0,16.73,1.1921,0,61.78,0,0,0,0,0,1,0,0,-0.123,-0.735,0.119,0.644
Phe,419,493,1,0,0,1,0,0,78.48,0,0,0,0,18.135,1.3085,0,55.26,0,0,0,0,0,1,0,0,-0.538,-0.731,0.093,1.447
Leu,420,494,1,0,0,0,1,0,0,39.49,16.52,0,0,12.148,0.8182,18.51,0,15.9,0,0,0,0,1,0,0,-0.706,-0.735,0.023,-0.407
Gly,421,495,1,0,0,0,0,1,0,2.63,0,0,0,11.517,0.6047,0.41,0,2.49,0.35,1,1,0,1,1,0,-0.953,-0.732,-0.853,-1.157
Leu,422,496,1,0,0,1,0,0,46.52,0,0,0,0,15.861,0.8894,0,54.96,0,0,0,0,0,1,0,0,-0.765,-0.735,-0.855,0.574
Cys,423,497,1,0,0,1,0,0,18.13,0,0,0,0,13.505,0.5611,0,0,0,0,0,0,0,1,0,0,-0.803,-0.719,-0.807,0.357
Asp,424,498,1,0,0,0,0,1,0,23.15,28.28,10.74,1,8.887,1.3772,39.14,0,37.36,41.89,1,1,1,1,0,0,-0.838,-0.774,-1.041,0.729
Gly,425,499,1,0,0,0,0,0,0,0,0,0,0,11.068,1.438,2.52,0,0,0.99,1,1,1,1,1,0,-0.808,-0.732,-0.853,-1.482
Phe,426,500,1,0,0,1,0,0,36.21,0,0,0,0,16.141,2.1107,0,17.6,0,0,0,0,0,1,0,0,-0.429,-0.731,0.580,1.402
Phe,427,501,1,0,0,0,1,0,0,2.12,12.35,0,0,11.667,1.11,28.8,0,4.02,9.34,1,1,1,1,0,0,-0.525,-0.731,0.090,0.356
Ile,428,502,1,0,0,0,1,0,0,48.83,57.84,14.72,1,9.155,1.6314,75.81,0,65.77,52.88,1,1,1,1,0,0,-0.616,-0.576,-0.361,-0.063
Thr,429,503,1,0,0,0,0,1,0,0,0.13,0,0,14.317,1.615,43.71,0,26.9,10.73,1,1,0,1,0,0,-0.794,-0.792,-0.456,-0.346
Ile,430,504,1,0,0,0,1,0,0,0,0,0,0,16.91,1.6732,4.5,0,0,0,0,0,0,1,0,0,-0.186,-0.561,-0.338,-0.828
Met,431,505,1,0,0,0,1,0,0,32.15,30.97,0,0,12.549,4.1192,17.16,0,37.06,0,0,0,1,1,0,0,-1.006,-0.784,-1.117,0.006
Ala,432,506,1,0,0,0,1,0,0,6.1,17.35,0,0,15.446,2.3456,29.37,0,37.45,0,0,0,0,1,0,0,-0.930,-0.787,-0.383,-0.683
Pro,433,507,1,0,0,0,0,1,0,20.29,0.19,0,0,18.415,2.7524,39.56,0,10.8,0,0,0,0,1,1,0,-0.968,-0.744,-0.904,0.319
Ile,434,508,1,0,0,0,0,0,0,31.25,0,0,0,19.647,2.878,18.43,0,0,0,0,0,0,1,0,0,-0.790,-0.571,-0.360,-1.563
Ala,435,509,1,0,0,0,0,0,0,18.42,0,0,0,19.624,1.9883,0.4,0,17.79,0,0,0,0,1,0,0,-0.711,-0.787,-1.124,-0.630
Phe,436,510,1,0,0,0,0,0,0,46.8,0,0,0,21.205,2.3594,71.48,0,0,0,0,0,0,1,0,0,-0.978,-0.731,-0.845,-0.256
Glu,437,511,0,1,0,0,0,0,0,25.38,0,0,0,24.02,3.9954,74.07,0,0,0,0,0,0,0,0,1,-0.875,-0.766,-0.996,-0.575
Leu,438,512,0,1,0,0,0,0,0,25.85,0,0,0,23.94,3.0252,65.15,0,0,0,0,0,0,0,0,1,-0.764,-0.735,-0.855,0.036
Val,439,513,0,1,0,0,0,1,0,4.54,0,0,0,24.932,1.9254,32.69,0,0,0,0,0,0,0,0,1,-0.925,-0.786,-1.107,-1.752
Gly,440,514,0,1,0,0,0,0,0,17.9,0,0,0,25.836,1.9539,12.2,0,0,0,0,0,0,0,0,1,-0.657,-0.732,-0.853,-0.996
Pro,441,515,0,1,0,0,0,0,0,48.11,0,0,0,25.229,2.7583,61.79,0,0,0,0,0,0,0,0,1,-0.712,-0.744,-0.904,1.073
Met,442,516,0,1,0,0,0,0,0,60.34,0,0,0,29.066,2.2264,89.48,0,0,0,0,0,0,0,0,0,-0.696,-0.784,-1.117,1.569
Gln,443,517,0,1,0,0,0,1,0,19.75,0,0,0,27.527,2.027,12.79,0,0,0,0,0,0,0,0,1,-0.635,-0.775,-1.059,0.829
Ala,444,518,1,0,0,0,0,1,0,16.43,0,0,0,22.276,1.8789,0,0,0,0,0,0,0,1,0,0,-0.999,-0.787,-1.124,-0.016
Ser,445,519,1,0,0,0,0,0,0,21.39,0,0,0,22.114,1.6917,34.94,0,0,0,0,0,0,1,0,0,-1.008,-0.797,-1.190,-0.801
Gln,446,520,1,0,0,0,0,0,0,37.68,0,0,0,24.269,2.2185,62.97,0,0,0,0,0,0,1,0,0,-1.007,-0.775,-1.059,-0.569
Ala,447,521,1,0,0,0,0,1,0,8.02,0,0,0,21.13,1.5979,0,0,0,0,0,0,0,1,0,0,-0.929,-0.787,-1.124,-1.746
Ile,448,522,1,0,0,0,0,0,0,21.9,0,0,0,17.168,1.4959,41.55,0,56.04,0,0,0,0,1,0,0,-1.003,-0.788,-1.122,0.292
Gly,449,523,1,0,0,0,0,1,0,0,0,0,0,18.301,1.5618,34.04,0,1.37,0,0,0,0,1,1,0,-0.953,-0.732,-0.853,-1.787
Tyr,450,524,1,0,0,1,0,0,31.39,14.63,0,0,0,22.018,3.9933,37.42,22.18,0,0,0,0,0,1,0,0,-0.761,-0.725,-0.824,-0.428
Leu,451,525,1,0,0,0,0,1,0,21.98,0,0,0,17.416,2.0368,9.5,0,14.25,0,0,0,0,1,0,0,-0.666,-0.735,0.117,0.041
Leu,452,526,1,0,0,0,0,1,0,26.84,0,0,0,13.509,0.9844,39.51,0,31.3,0,0,0,0,1,0,0,-0.776,-0.735,0.069,0.441
Gly,453,527,1,0,0,1,0,0,16.36,0,0,0,0,16.879,1.9504,13.07,24.54,0,0,0,0,0,1,1,0,-0.953,-0.732,-0.853,-0.001
Met,454,528,1,0,0,1,0,0,68.53,0,0,0,0,18.688,4.2115,24.72,60.87,0,0,0,0,0,1,0,0,-0.687,-0.784,0.025,0.984
Met,455,529,1,0,0,0,1,0,0,29.02,24.45,0,0,12.463,1.0515,15.87,23.47,16.46,0,0,0,0,1,0,0,-0.946,-0.569,-1.117,0.021
Ala,456,530,1,0,0,1,0,0,6.2,0,0,0,0,14.441,0.7067,0,0,0.63,0,0,0,0,1,0,0,-0.205,-0.573,-0.383,-0.090
Leu,457,531,1,0,0,1,0,0,70.99,0,0,0,0,17.842,1.0861,0,69.79,0,0,0,0,0,1,0,0,0.083,-0.735,0.752,0.901
Pro,458,532,1,0,0,1,0,0,29.64,0,0,0,0,14.973,0.9478,0,30.47,0,0,0,0,0,1,1,0,-0.968,-0.744,-0.904,-0.392
Met,459,533,1,0,0,0,1,0,0,15.81,27.13,0,0,10.147,2.6874,25.77,0,39.91,5.64,1,1,1,1,0,0,-0.947,-0.557,-1.117,0.516
Ile,460,534,1,0,0,0,1,0,2.36,14.06,17.08,0,0,13.665,1.1316,0,41.92,0,0,0,0,0,1,0,0,-0.725,-0.578,-0.435,-1.077
Ala,461,535,1,0,0,1,0,0,26.29,0,0,0,0,15.719,0.9642,0,35.8,0,0,0,0,0,0,0,0,-0.929,-0.787,-1.124,0.683
Gly,462,536,1,0,0,0,0,1,0,0,0,0,0,13.605,1.1754,0,0,0,0,0,0,0,1,1,0,-0.953,-0.732,-0.853,-1.156
Pro,463,537,1,0,0,0,1,0,0,0,17.4,0,0,11.622,1.4399,0.45,0,0,0,0,0,0,1,1,0,-0.848,-0.744,0.045,-1.906
Pro,464,538,1,0,0,1,0,0,29.53,28.91,3.93,0,0,15.68,1.2948,0,24.73,0,0,0,0,0,1,1,0,-0.968,-0.744,-0.904,-1.906
Ile,465,539,1,0,0,1,0,0,42.84,35.03,0,0,0,18.096,1.971,0,61.58,0,0,0,0,0,1,0,0,-0.793,-0.788,-1.122,-1.333
Ala,466,540,1,0,0,0,0,1,0,0,0,0,0,15.876,1.8177,0,0,0,0,0,0,0,1,0,0,-0.930,-0.787,-1.124,-1.339
Gly,467,541,1,0,0,0,0,0,0,8.9,0,0,0,17.622,1.5696,0,0,0,0,0,0,0,1,1,0,-0.953,-0.732,-0.853,-1.787
Leu,468,542,1,0,0,0,0,0,9.36,80.92,0,0,0,21.059,3.215,18.47,45.27,0,0,0,0,0,0,0,0,0.101,-0.280,0.375,1.044
Leu,469,543,1,0,0,0,0,0,22.07,43.01,0,0,0,21.025,2.4,0,45.59,0,0,0,0,0,1,0,0,-0.764,-0.735,0.107,-1.450
Arg,470,544,0,0,1,0,0,0,0,42.15,0,0,0,21.26,2.3563,0,0,0,0,0,0,0,0,0,1,0.122,0.532,1.006,0.953
Asn,471,545,0,0,1,0,0,0,0,62.16,0,0,0,23.189,3.475,0.64,0,0,0,0,0,0,0,0,0,-0.235,-0.370,-0.282,-1.946
Cys,472,546,0,0,1,0,0,0,0,65.67,0,0,0,25.534,2.6883,41.99,0,0,0,0,0,0,0,0,1,0.967,-0.332,0.999,2.407
Phe,473,547,0,0,1,0,0,0,15.6,83.69,0,0,0,24.956,2.7037,49.66,58.84,0,0,0,0,0,0,0,1,0.070,-0.009,0.091,-0.957
Gly,474,548,0,0,1,0,0,0,0,32.16,0,0,0,25.076,2.7058,29.58,0,0,0,0,0,0,0,0,1,0.098,-0.028,0.306,0.839
Asp,475,549,0,0,1,0,0,0,0,36.97,0,0,0,22.782,2.823,36.7,0,0,0,0,0,0,0,0,0,-0.267,-0.295,1.122,0.702
Tyr,476,550,0,0,1,0,0,0,0,47.82,0,0,0,18.05,2.4776,37.43,0,0,0,0,0,0,0,0,1,-0.872,-0.725,-0.824,-1.484
His,477,551,1,0,0,0,0,0,1.75,50.79,0,0,0,21.255,2.6702,58.94,2.25,0,0,0,0,0,0,0,1,0.226,-0.781,-0.279,0.192
Val,478,552,1,0,0,0,0,0,0,24.43,0,0,0,20.831,2.4169,0,24.97,0,0,0,0,0,1,0,0,-0.013,-0.552,0.717,0.261
Ala,479,553,1,0,0,0,0,1,0,0,0,0,0,16.452,2.4928,0,0,0,0,0,0,0,1,0,0,-0.769,-0.787,-0.332,-0.526
Phe,480,554,1,0,0,0,0,1,0,3.31,0,0,0,15.249,2.3103,32.68,0,0,0,0,0,0,1,0,0,-0.977,-0.731,-0.845,-1.735
Tyr,481,555,1,0,0,1,0,0,42.13,28.51,0,0,0,21.117,2.1223,17.55,41.44,0,0,0,0,0,1,0,0,-0.820,-0.725,-0.824,0.119
Phe,482,556,1,0,0,1,0,0,31.63,8.37,0,0,0,16.689,2.209,0,44.07,0,0,0,0,0,1,0,0,-0.325,-0.731,1.062,1.115
Ala,483,557,1,0,0,0,0,1,0,0.13,0,0,0,13.728,2.4376,0,0,0,0,0,0,0,1,0,0,-0.927,-0.787,-1.124,0.173
Gly,484,558,1,0,0,0,0,1,0,0,0,0,0,16.58,2.3919,0,0,0,0,0,0,0,1,1,0,-0.952,-0.732,-0.853,-1.158
Val,485,559,1,0,0,1,0,0,38.51,1.69,0,0,0,20.591,3.585,0,51,0,0,0,0,0,0,0,0,-0.543,-0.575,-0.354,0.830
Pro,486,560,1,0,0,1,0,0,45.24,0,0,0,0,18.08,2.5945,0,30.57,0,0,0,0,0,1,1,0,-0.966,-0.744,-0.904,2.316
Pro,487,561,1,0,0,0,0,1,0.11,0,0,0,0,15.696,1.7903,0,0,0,0,0,0,0,1,1,0,-0.547,-0.744,-0.904,0.947
Ile,488,562,1,0,0,1,0,0,29.58,0,0,0,0,20.137,1.8432,0,45.22,0,0,0,0,0,1,0,0,0.179,-0.354,-0.283,0.750
Ile,489,563,1,0,0,1,0,0,77.82,0,0,0,0,22.388,2.9065,0,68.15,0,0,0,0,0,0,0,0,-0.381,0.362,-0.407,0.425
Gly,490,564,1,0,0,1,0,0,22.73,0,0,0,0,20.017,2.0634,0,0,0,0,0,0,0,1,0,0,-0.952,-0.732,-0.853,-1.058
Ala,491,565,1,0,0,0,0,1,0,0,0,0,0,20.184,1.5035,0,12.35,0,0,0,0,0,1,0,0,-0.128,-0.528,0.503,1.126
Val,492,566,1,0,0,1,0,0,58.95,0,0,0,0,24.758,2.8952,0,54.07,0,0,0,0,0,1,0,0,0.835,1.362,1.163,0.144
Ile,493,567,1,0,0,1,0,0,62.16,0,0,0,0,24.121,3.3162,0,38.22,0,0,0,0,0,0,0,0,-0.595,-0.788,-0.332,1.925
Leu,494,568,1,0,0,0,0,1,2.91,0,0,0,0,20.619,1.8947,0,0,0,0,0,0,0,1,0,0,-0.882,-0.735,0.023,-0.925
Phe,495,569,1,0,0,1,0,0,63.19,0,0,0,0,25.598,3.1358,3.88,51.33,0,0,0,0,0,1,0,0,-0.150,1.574,1.072,2.456
Phe,496,570,1,0,0,1,0,0,64.91,0,0,0,0,29.973,5.0199,6.04,73.74,0,0,0,0,0,0,0,0,0.054,-0.731,1.251,0.140
Val,497,571,1,0,0,1,0,0,38.74,0,0,0,0,27.69,3.8437,0,26.78,0,0,0,0,0,1,0,0,-0.924,-0.786,-1.107,0.940
Pro,498,572,1,0,0,0,0,1,0,1.93,0,0,0,25.963,1.5703,13.3,0,0,0,0,0,0,1,1,0,-0.966,-0.744,-0.904,0.803
Leu,499,573,1,0,0,1,0,0,33.48,22.76,0,0,0,29.686,3.633,10,19.91,0,0,0,0,0,1,0,0,0.080,-0.735,-0.855,1.653
Met,500,574,1,0,0,1,0,0,39.77,18.59,0,0,0,32.979,4.2986,0.13,66.52,0,0,0,0,0,0,0,0,0.263,-0.232,1.008,1.827
His,501,575,1,0,0,1,0,0,16.23,3.33,0,0,0,30.634,2.8175,0.56,0,0,0,0,0,0,1,0,0,-0.582,-0.781,-1.100,0.783
Gln,502,576,1,0,0,0,0,0,0,54.77,0,0,0,31.012,3.7291,41.82,0,0,0,0,0,0,1,0,0,1.063,-0.524,-0.281,2.075
Arg,503,577,1,0,0,1,0,0,34.92,81.14,0,0,0,34.413,5.9891,76.19,34.97,0,0,0,0,0,0,0,0,-0.222,0.021,-1.042,0.881
Met,504,578,1,0,0,1,0,0,30.62,52.62,0,0,0,35.763,4.2302,41.95,13.55,0,0,0,0,0,0,0,0,0.384,0.088,-0.160,1.549
Phe,505,579,0,1,0,0,0,0,0,98.07,0,0,0,36.338,4.0463,85,0,0,0,0,0,0,0,0,0,-0.121,0.031,1.169,1.951
Lys,506,580,0,1,0,0,0,0,0.1,78.84,0,0,0,34.564,2.9901,43.1,0,0,0,0,0,0,0,0,0,1.050,-0.079,-0.113,0.780
Lys,507,581,0,1,0,0,0,0,0,13.59,0,0,0,28.356,3.0957,79.16,0,0,0,0,0,0,0,0,1,2.344,0.064,-0.176,-0.065
Glu,508,582,0,1,0,0,0,0,0,69.1,0,0,0,31.475,2.8387,66.43,0,0,0,0,0,0,0,0,0,0.492,0.700,1.690,0.892
Gln,509,583,0,1,0,0,0,0,0,46.09,0,0,0,29.017,2.0672,33.61,0,0,0,0,0,0,0,0,0,1.082,-0.245,0.698,0.755
Arg,510,584,0,1,0,0,0,0,0,66.32,0,0,0,30.861,2.9029,73.94,0,0,0,0,0,0,0,0,1,1.263,0.430,1.870,1.497
Asp,511,585,0,1,0,0,0,0,0,72.04,0,0,0,35.486,4.4972,62.77,0,0,0,0,0,0,0,0,1,-0.263,-0.532,2.707,0.662
Ser,512,586,0,1,0,0,0,0,0,38.14,0,0,0,37.98,6.2343,45.94,0,0,0,0,0,0,0,0,0,0.142,-0.797,0.180,1.680
Ser,513,587,0,1,0,0,0,0,0,45.83,0,0,0,41.436,6.6025,54.2,0,0,0,0,0,0,0,0,0,-0.265,-0.797,2.007,1.159
Lys,514,588,0,1,0,0,0,0,0,80.64,0,0,0,43.873,7.6201,79.15,0,0,0,0,0,0,0,0,0,0.395,-0.477,1.424,0.318
Asp,515,589,0,1,0,0,0,0,0,37.97,0,0,0,38.544,5.3726,73.99,0,0,0,0,0,0,0,0,0,-0.295,-0.774,0.966,-0.690
Lys,516,590,0,1,0,0,0,0,0,92,0,0,0,38.417,5.919,68.93,0,0,0,0,0,0,0,0,0,0.210,-0.762,-0.059,1.500
Met,517,591,0,1,0,0,0,0,0,90.82,0,0,0,44.93,9.8746,,,,,,0,0,0,0,0,-0.511,-0.519,1.504,0.382
Leu,518,592,0,1,0,0,0,0,0,66.6,0,0,0,43.003,3.1439,,,,,,0,0,0,0,0,-0.730,-0.013,1.989,0.118
Ala,519,593,0,1,0,0,0,0,0,45.41,0,0,0,42.9,2.8105,,,,,,0,0,0,0,0,1.385,2.626,1.273,0.679
Pro,520,594,0,1,0,0,0,0,0,57.8,0,0,0,46.225,5.9084,,,,,,0,0,0,0,0,1.996,2.317,2.063,2.200
Asp,521,595,0,1,0,0,0,0,0,62.86,0,0,0,47.167,12.8048,,,,,,0,0,0,0,0,0.296,0.264,1.223,2.127
Pro,522,596,0,1,0,0,0,0,0,74,0,0,0,45.758,12.0662,,,,,,0,0,0,0,0,0.827,0.467,1.545,2.544
Asp,523,597,0,1,0,0,0,0,0,47.52,0,0,0,46.454,5.6831,,,,,,0,0,0,0,0,0.391,0.703,1.138,1.667
Pro,524,598,0,1,0,0,0,0,0,61.76,0,0,0,47.425,8.444,,,,,,0,0,0,0,0,1.074,0.658,1.766,1.384
Asn,525,599,0,1,0,0,0,0,0,45.76,0,0,0,47.886,6.9361,,,,,,0,0,0,0,0,-0.924,0.287,-1.145,0.157
Gly,526,600,0,1,0,0,0,0,0,33.76,0,0,0,43.245,3.7464,,,,,,0,0,0,0,0,-0.744,-0.381,-0.853,1.954
Glu,527,601,0,1,0,0,0,0,0,83.73,0,0,0,42.208,7.6959,,,,,,0,0,0,0,0,-0.152,0.730,-0.199,-0.368
Leu,528,602,0,1,0,0,0,0,0,87.74,0,0,0,43.719,6.145,,,,,,0,0,0,0,0,0.197,0.397,0.023,1.378
Leu,529,603,0,1,0,0,0,0,0,86.16,0,0,0,41.83,4.6819,,,,,,0,0,0,0,0,-0.824,-0.355,-0.855,-0.024
Pro,530,604,,,,,,,,,,,,,,,,,,,,,,,,-0.946,-0.095,-0.904,1.072
Gly,531,605,,,,,,,,,,,,,,,,,,,,,,,,-0.928,-0.732,-0.853,1.785
Ser,532,606,,,,,,,,,,,,,,,,,,,,,,,,0.199,-0.191,0.925,0.543
Pro,533,607,,,,,,,,,,,,,,,,,,,,,,,,-0.554,0.500,0.085,-0.706
Asn,534,608,,,,,,,,,,,,,,,,,,,,,,,,0.615,3.141,2.803,0.137
Pro,535,609,,,,,,,,,,,,,,,,,,,,,,,,0.475,-0.463,1.846,0.263
Glu,536,610,,,,,,,,,,,,,,,,,,,,,,,,-0.729,0.052,-0.175,1.255
Glu,537,611,,,,,,,,,,,,,,,,,,,,,,,,0.361,-0.245,1.210,-0.980
Pro,538,612,,,,,,,,,,,,,,,,,,,,,,,,-0.708,0.561,0.848,0.281
Ile,539,613,,,,,,,,,,,,,,,,,,,,,,,,-0.715,0.078,0.563,-0.505
