,AA_change,Activity
0,Ser82Ala,100.409953989893
1,Ser102Ala,103.619861414367
2,Ser107Ala,110.037882048418
3,Ser107Asp,115.8
4,Pro169Ala,95.8
5,Glu170Ala,29.6
6,Gly171Ala,65.6
7,Gly172Ala,78.8
8,Phe173Ala,91.4
9,Gly174Ala,86.8
10,Trp175Ala,15.6
11,Val176Ala,86.9
12,Val177Ala,90.1
13,Val178Ala,88.8
14,Phe179Ala,83.8
15,Thr182Ala,117.2
16,Trp183Ala,86.7
17,Cys184Ala,92.3
18,Asn185Ala,95.9
19,Gly186Ala,51.4
20,Ser187Ala,92.3
21,Ile188Ala,29.6
22,Ile188Leu,94.0
23,Ile188Asn,-0.4
24,Phe189Ala,73.7
25,Gly190Ala,101.3
26,Ile191Ala,48.3
27,His192Ala,58.5
28,His192Pro,3.7
29,His192Phe,79.1
30,His192Gln,82.7
31,His192Arg,0.5
32,Asn193Ala,18.0
33,Asn193Ile,4.9
34,Ser194Ala,77.9
35,Ser194Phe,7.6
36,Val195Ala,93.8
37,Gly196Ala,41.8
38,Gly196Val,-0.4
39,Gly196Glu,-2.3
40,Ile197Ala,49.1
41,Leu198Ala,9.2
42,Tyr199Ala,16.3
43,Ser200Ala,90.7
44,Met201Ala,76.8
45,Leu202Ala,64.7
46,Leu203Ala,58.5
47,Leu203Pro,4.0
48,Leu203Ile,82.6
49,Glu204Ala,92.6
50,Glu205Ala,91.6
51,Glu206Ala,91.6
52,Lys207Ala,98.1
53,Glu208Ala,98.1
54,Lys209Ala,95.4
55,Asn210Ala,95.4
56,Arg211Ala,105.7
57,Gln212Ala,105.7
58,Gln212Glu,112.1
59,Val213Ala,105.7
60,Glu214Ala,82.1
61,Phe215Ala,82.1
62,Gln216Ala,82.1
63,Trp219Ala,84.3
64,Val220Ala,83.7
65,Gly221Ala,88.5
66,Gly221Arg,0.8
67,Leu223Ala,77.8
68,Ala224Val,2.7
69,Ala224Thr,9.6
70,Ala224Ser,94.8
71,Ala224Glu,4.5
72,Met225Ala,51.4
73,Gly226Ala,61.3
74,Met227Ala,97.8
75,Met227Arg,-0.5
76,Ile228Ala,86.9
77,Phe229Ala,62.8
78,Phe230Ala,85.5
79,Cys231Ala,76.4
80,Ser232Ala,105.5
81,Ser232Phe,0.9
82,Pro233Ala,24.7
83,Ile234Ala,98.9
84,Val235Ala,107.5
85,Val235Met,3.0
86,Val235Ile,50.7
87,Ser236Ala,108.9
88,Ile237Ala,104.6
89,Phe238Ala,96.7
90,Thr239Ala,97.3
91,Thr239Pro,9.9
92,Asp240Ala,88.7
93,Arg241Ala,85.2
94,Leu242Ala,89.3
95,Gly243Ala,35.7
96,Arg245Ala,103.4
97,Ile246Ala,96.1
98,Thr247Ala,81.2
99,Thr249Ala,110.4
100,Gly251Ala,13.1
101,Gly251Glu,0.2
102,Ala252Ser,99.6
103,Ala252Pro,4.9
104,Val254Ala,99.1
105,Phe256Ala,100.2
106,Ile257Ala,98.7
107,Gly258Ala,93.3
108,Leu259Ala,64.0
109,His260Ala,100.7
110,Thr261Ala,96.2
111,Ser262Ala,96.5
112,Ser263Ala,103.0
113,Phe264Ala,92.6
114,Thr265Ala,99.6
115,Ser266Ala,99.6
116,Ser267Ala,99.6
117,Leu268Ala,58.2
118,Ser269Ala,58.2
119,Leu270Ala,102.7
120,Arg271Ala,43.4
121,Arg271Ser,36.0
122,Arg271Lys,103.2
123,Arg271Leu,107.8
124,Arg271His,11.4
125,Tyr272Ala,75.8
126,Phe273Ala,99.6
127,Thr274Ala,87.2
128,Tyr275Ala,59.6
129,Gly276Ala,77.8
130,Gly276Arg,1.6
131,Ile277Ala,85.1
132,Leu278Ala,93.4
133,Phe279Ala,26.3
134,Gly280Ala,31.7
135,Cys281Ala,107.3
136,Gly282Ala,69.4
137,Gly282Cys,5.9
138,Gly282Asp,-1.1
139,Cys283Ala,75.0
140,Cys283Tyr,-0.9
141,Ser284Ala,96.9
142,Phe285Ala,101.7
143,Ala286Thr,107.3
144,Ala286Ser,112.0
145,Phe287Ala,33.1
146,Gln288Ala,57.8
147,Pro289Ala,69.8
148,Pro289Leu,0.4
149,Ser290Ala,98.0
150,Ser290Phe,9.9
151,Leu291Ala,43.5
152,Leu291Ile,107.5
153,Leu291Arg,7.3
154,Val292Ala,72.0
155,Ile293Ala,75.1
156,Leu294Ala,61.5
157,Gly295Ala,85.8
158,Gly295Ser,62.8
159,Gly295Arg,55.0
160,His296Ala,88.2
161,Tyr297Ala,3.8
162,Tyr297Phe,88.9
163,Phe298Ala,1.9
164,Phe298Tyr,108.6
165,Phe298Leu,1.0
166,Gln299Ala,81.4
167,Arg300Ala,92.4
168,Arg300Lys,90.3
169,Arg301Ala,28.1
170,Arg301Lys,80.5
171,Leu302Ala,74.4
172,Gly303Ala,23.0
173,Gly303Ser,34.8
174,Leu304Ala,4.2
175,Leu304Pro,0.9
176,Leu304Ile,80.5
177,Asn306Ala,97.7
178,Asn306Phe,93.7
179,Gly307Ala,58.5
180,Gly307Cys,13.2
181,Val308Ala,95.4
182,Val309Ala,62.5
183,Ser310Ala,99.5
184,Gly312Ala,86.0
185,Gly312Arg,0.2
186,Ser313Ala,98.7
187,Ser313Arg,3.1
188,Ser314Ala,95.2
189,Ile315Ala,80.0
190,Phe316Ala,59.1
191,Ser317Ala,77.7
192,Met318Ala,78.9
193,Ser319Ala,98.3
194,Phe320Ala,59.0
195,Pro321Ala,81.1
196,Pro321Leu,5.5
197,Phe322Ala,75.2
198,Leu323Ala,76.5
199,Ile324Ala,61.7
200,Arg325Ala,91.9
201,Met326Ala,94.9
202,Leu327Ala,92.3
203,Gly328Ala,89.7
204,Asp329Ala,73.5
205,Lys330Ala,73.5
206,Ile331Ala,73.5
207,Lys332Ala,73.5
208,Leu333Ala,87.7
209,Gln335Ala,86.0
210,Thr336Ala,86.0
211,Phe337Ala,77.0
212,Gln338Ala,96.1
213,Val339Ala,84.7
214,Leu340Ala,51.8
215,Ser341Ala,97.9
216,Thr342Ala,95.0
217,Phe343Ala,87.7
218,Met344Ala,86.2
219,Phe345Ala,112.0
220,Val346Ala,108.3
221,Val346Ile,111.6
222,Leu347Ala,92.3
223,Met348Ala,108.3
224,Leu349Ala,116.3
225,Leu349Arg,-1.6
226,Leu350Ala,98.7
227,Ser351Ala,101.2
228,Leu352Ala,107.0
229,Thr353Ala,105.7
230,Tyr354Ala,7.5
231,Tyr354Phe,99.1
232,Tyr354Cys,-0.4
233,Arg355Ala,73.1
234,Pro356Ala,73.1
235,Leu357Ala,73.1
236,Leu357Arg,102.0
237,Leu358Ala,73.1
238,Pro359Ala,104.9
239,Ser360Ala,113.5
240,Ser360Asp,106.4
241,Ser361Ala,104.9
242,Gln362Ala,104.9
243,Asp363Ala,97.0
244,Thr364Ala,97.0
245,Pro365Ala,97.0
246,Ser366Ala,108.3
247,Ser366Asp,109.4
248,Lys367Ala,83.3
249,Arg368Ala,102.5
250,Gly369Ala,102.5
251,Val370Ala,102.5
252,Arg371Ala,102.5
253,Arg376Ala,82.2
254,Phe377Ala,82.2
255,Leu378Ala,82.2
256,Gln380Ala,87.6
257,Leu381Ala,87.6
258,Arg382Ala,87.6
259,Lys383Ala,100.5
260,Tyr384Ala,90.2
261,Phe385Ala,90.2
262,Asn386Ala,90.2
263,Met387Ala,107.8
264,Arg388Ala,98.7
265,Arg388Gln,102.6
266,Val389Ala,115.3
267,Phe390Ala,101.1
268,Arg391Ala,106.2
269,Gln392Ala,108.8
270,Arg393Ala,100.3
271,Thr394Ala,99.8
272,Tyr395Ala,75.8
273,Arg396Ala,88.5
274,Ile397Ala,95.4
275,Trp398Ala,88.0
276,Trp398Arg,0.7
277,Phe400Ala,98.9
278,Gly401Ala,93.9
279,Gly401Glu,25.0
280,Gly401Arg,2.5
281,Ile402Ala,72.3
282,Leu407Ala,88.5
283,Gly408Ala,82.2
284,Tyr409Ala,59.3
285,Phe410Ala,64.7
286,Val411Ala,82.7
287,Pro412Ala,77.9
288,Tyr413Ala,65.4
289,Val414Ala,42.9
290,His415Ala,62.3
291,Leu416Ala,40.1
292,Met417Ala,83.1
293,Lys418Ala,83.1
294,Tyr419Ala,100.4
295,Val420Ala,119.8
296,Glu421Ala,121.2
297,Glu422Ala,101.6
298,Glu423Ala,93.1
299,Phe424Ala,86.1
300,Ser425Ala,105.1
301,Glu426Ala,103.2
302,Ile427Ala,92.3
303,Lys428Ala,104.5
304,Glu429Ala,106.3
305,Thr430Ala,108.8
306,Trp431Ala,75.7
307,Val432Ala,92.0
308,Leu433Ala,61.3
309,Leu433Val,80.2
310,Leu433His,10.8
311,Leu434Ala,60.6
312,Leu434Trp,20.6
313,Val435Ala,96.5
314,Cys436Ala,85.8
315,Ile437Ala,57.5
316,Gly438Ala,98.8
317,Thr440Ala,111.7
318,Ser441Ala,50.9
319,Ser441Thr,81.2
320,Ser441Pro,1.0
321,Ser441Leu,0.2
322,Gly442Ala,90.2
323,Leu443Ala,93.2
324,Gly444Ala,97.3
325,Arg445Ala,0.3
326,Arg445Ser,5.7
327,Arg445Lys,70.2
328,Arg445Leu,0.7
329,Arg445Cys,4.6
330,Leu446Ala,63.9
331,Val447Ala,90.8
332,Ser448Ala,87.9
333,Gly449Ala,21.3
334,Gly449Asp,-2.6
335,His450Ala,112.4
336,Ile451Ala,94.9
337,Ser452Ala,1.6
338,Asp453Ala,7.0
339,Asp453Val,6.8
340,Asp453Glu,7.5
341,Asp453Asn,6.0
342,Ser454Ala,91.6
343,Ile455Ala,73.9
344,Pro456Ala,75.5
345,Gly457Ala,75.5
346,Leu458Ala,77.1
347,Lys459Ala,83.7
348,Lys460Ala,34.2
349,Ile461Ala,81.3
350,Tyr462Ala,64.4
351,Leu463Ala,91.9
352,Gln464Ala,58.9
353,Val465Ala,113.0
354,Leu466Ala,98.3
355,Ser467Ala,102.8
356,Phe468Ala,97.8
357,Leu469Ala,94.4
358,Leu469Pro,18.2
359,Leu470Ala,96.5
360,Leu471Ala,74.2
361,Leu471Pro,-1.1
362,Leu471Arg,0.3
363,Gly472Ala,74.5
364,Leu473Ala,103.1
365,Met474Ala,101.0
366,Ser475Ala,85.6
367,Met476Ala,6.0
368,Met476Ile,104.5
369,Met477Ala,95.8
370,Asp483Ala,94.6
371,Phe484Ala,74.6
372,Gly485Ala,101.4
373,Gly486Ala,93.9
374,Leu487Ala,55.3
375,Leu487Arg,6.9
376,Ile488Ala,86.8
377,Val489Ala,107.9
378,Val489Asp,40.1
379,Val490Ala,86.4
380,Cys491Ala,90.5
381,Cys491Tyr,8.6
382,Leu492Ala,103.1
383,Leu492Pro,18.5
384,Phe493Ala,97.2
385,Leu494Ala,68.0
386,Leu494Pro,0.7
387,Gly495Ala,5.1
388,Leu496Ala,91.9
389,Cys497Ala,85.2
390,Asp498Ala,-2.7
391,Asp498Glu,104.0
392,Asp498Asn,4.8
393,Gly499Ala,40.9
394,Gly499Asp,0.2
395,Phe500Ala,42.9
396,Phe501Ala,87.5
397,Ile502Ala,91.4
398,Thr503Ala,102.5
399,Ile504Ala,102.8
400,Met505Ala,67.3
401,Pro507Ala,59.1
402,Ile508Ala,78.5
403,Phe510Ala,35.3
404,Glu511Ala,88.4
405,Leu512Ala,76.6
406,Leu512Pro,-0.5
407,Val513Ala,112.3
408,Gly514Ala,88.6
409,Pro515Ala,109.1
410,Met516Ala,89.6
411,Gln517Ala,85.5
412,Ser519Ala,65.9
413,Ser519Thr,72.9
414,Ser519Leu,2.7
415,Gln520Ala,86.9
416,Ile522Ala,25.5
417,Gly523Ala,75.3
418,Tyr524Ala,93.9
419,Leu525Ala,90.4
420,Leu526Ala,55.6
421,Gly527Ala,45.3
422,Gly527Ser,21.9
423,Met528Ala,90.5
424,Met529Ala,58.1
425,Leu531Ala,81.7
426,Pro532Ala,31.9
427,Met533Ala,62.5
428,Ile534Ala,93.7
429,Gly536Ala,81.7
430,Gly536Arg,-1.5
431,Pro537Ala,31.9
432,Pro537Leu,6.9
433,Pro538Ala,62.5
434,Ile539Ala,93.7
435,Gly541Ala,74.4
436,Gly541Cys,71.0
437,Leu542Ala,92.6
438,Leu543Ala,86.1
439,Leu543Pro,23.8
440,Arg544Ala,109.6
441,Asn545Ala,102.9
442,Cys546Ala,111.4
443,Phe547Ala,63.5
444,Gly548Ala,63.5
445,Asp549Ala,63.5
446,Tyr550Ala,84.8
447,His551Ala,84.8
448,Val552Ala,106.1
449,Ala553Asp,18.1
450,Ala553Asn,48.2
451,Phe554Ala,14.5
452,Tyr555Ala,78.9
453,Phe556Ala,98.7
454,Gly558Ala,86.3
455,Gly558Asp,5.9
456,Val559Ala,92.7
457,Pro560Ala,84.8
458,Pro561Ala,95.3
459,Ile562Ala,77.1
460,Ile563Ala,85.7
461,Gly564Ala,104.3
462,Gly564Glu,9.1
463,Gly564Arg,-1.4
464,Val566Ala,108.6
465,Ile567Ala,87.7
466,Leu568Ala,89.1
467,Leu568Pro,11.9
468,Phe569Ala,104.9
469,Phe570Ala,91.8
470,Val571Ala,92.6
471,Pro572Ala,101.0
472,Leu573Ala,109.8
473,Met574Ala,109.5
474,His575Ala,109.2
475,His575Arg,100.8
476,Lys580Ala,106.6
477,Lys581Ala,104.0
478,Ser586Ala,108.9
479,Ser586Asp,94.7
480,Ser587Ala,113.1
481,Ser587Asp,110.8
482,Lys588Ala,101.3
483,Lys590Ala,101.3
484,Asn599Ala,99.9
485,Asn599Ser,108.5
