,Residue,ShortPosition,LongPosition,TMD,ICL,ECL,membrane facing,channel facing,Burried,Membrane interacting Surface area (higher score indicates stronger interaction with membrane),Solvent accessible Surface area (A2) (lower score indicates residue is burried),Substrate channel Surface area (higher score indicates residue is facing substrate channel),Substrate interaction surface (higher score indicates stronger substrate interation),Substrate interaction Outward-open,Mean distance to substrate at SBC (lower score indicates shorter distance),RMSD,Solvent accessible Surface area (A2),Membrane interacting Surface area,Substrate channel Surface area,Substrate interaction surface,Substrate interaction Inward-open,substrate interaction,orientation of substrate interacting res,TMD binder,helix structure,Loop conformation,CS vs All MCT8 (extracted with WASABI),CS vs Mammal MCT8,"CS vs functionally tested MCT8s (mus musculus, rattus norvegicus, danio rerio, gallus gallus, xenopus laevis)","CS vs other hMCTs (MCT1, MCT2, MCT3, MCT4, MCT5, MCT6, MCT7, MCT9, MCT10, MCT11, MCT12, MCT13, MCT14)",AAnumber,dCOM_AF_OW,dCOM_HM_IW,dCOM_HM_OW
160,Gly,87,161,0.0,1.0,0.0,0.0,0.0,0.0,0.0,33.86,0.0,0.0,0.0,30.536,8.9024,40.25,41.77,0.0,0.0,0.0,0.0,0.0,0.0,0.0,0.0,1.402,0.59,1.652,1.294,Gly161,40.99127581565426,43.974030000048806,24.78175181581077
161,Thr,88,162,0.0,1.0,0.0,0.0,0.0,0.0,0.08,29.02,0.0,0.0,0.0,29.589,5.8408,19.05,59.87,0.0,0.0,0.0,0.0,0.0,0.0,0.0,0.0,1.378,0.874,1.782,1.757,Thr162,38.00665586366094,41.56807180788538,24.184929030601236
162,Ala,89,163,0.0,1.0,0.0,0.0,0.0,0.0,0.0,38.04,0.0,0.0,0.0,32.711,6.0636,34.92,26.07,0.0,0.0,0.0,0.0,0.0,0.0,0.0,0.0,2.369,2.979,1.0,1.377,Ala163,35.161901446094404,39.15280132463041,26.777751543104
163,Arg,90,164,0.0,1.0,0.0,0.0,0.0,0.0,0.0,125.37,0.0,0.0,0.0,35.612,13.2682,63.82,83.46,0.0,0.0,0.0,0.0,0.0,0.0,0.0,0.0,2.47,0.173,2.298,1.644,Arg164,34.68459691771804,35.602309518176156,29.092914896063043
164,Gly,91,165,0.0,1.0,0.0,0.0,0.0,0.0,0.0,27.66,0.0,0.0,0.0,35.75,5.2417,6.6,24.45,0.0,0.0,0.0,0.0,0.0,0.0,0.0,0.0,2.453,0.054,2.0,2.344,Gly165,31.091275571794167,33.306258659375516,30.381776619174456
165,Phe,92,166,0.0,1.0,0.0,0.0,0.0,0.0,0.0,109.98,0.0,0.0,0.0,34.93,7.6038,21.79,86.46,0.0,0.0,0.0,0.0,0.0,0.0,0.0,0.0,-0.123,0.296,1.0,1.557,Phe166,28.687813594839625,30.295549262172845,28.591882121085423
166,Gln,93,167,0.0,1.0,0.0,0.0,0.0,0.0,0.0,66.35,0.0,0.0,0.0,34.363,6.0458,31.62,44.26,0.0,0.0,0.0,0.0,0.0,0.0,0.0,0.0,-0.143,0.089,1.0,1.371,Gln167,27.91393096455298,31.469971211745115,26.959611330753074
167,Pro,94,168,0.0,1.0,0.0,0.0,0.0,0.0,0.0,64.18,0.0,0.0,0.0,34.086,6.6188,14.67,35.2,0.0,0.0,0.0,0.0,0.0,0.0,0.0,0.0,-0.322,0.084,0.287,0.191,Pro168,25.05819565315036,29.468031450045647,25.843143893098983
168,Pro,95,169,0.0,1.0,0.0,0.0,0.0,0.0,0.0,36.39,0.0,0.0,0.0,30.152,3.677,41.42,0.09,0.0,0.0,0.0,0.0,0.0,0.0,0.0,0.0,-0.834,-0.043,-0.904,-0.804,Pro169,26.72187414979504,31.47883322369395,22.14537123406926
169,Glu,96,170,0.0,1.0,0.0,0.0,0.0,0.0,0.0,21.95,0.0,0.0,0.0,29.503,2.9194,91.49,11.55,0.0,0.0,0.0,0.0,0.0,0.0,0.0,0.0,-0.728,-0.107,-0.175,-1.963,Glu170,25.0351160584428,33.24007272399173,22.217668017483586
170,Gly,97,171,0.0,1.0,0.0,0.0,0.0,0.0,0.0,25.7,0.0,0.0,0.0,29.257,2.2022,33.16,0.0,0.0,0.0,0.0,0.0,0.0,0.0,0.0,0.0,-0.95,-0.356,-0.853,-1.787,Gly171,25.10973886454706,32.419724053016516,23.758239751798275
171,Gly,98,172,0.0,1.0,0.0,0.0,0.0,0.0,16.69,28.54,0.0,0.0,0.0,29.58,1.3604,34.71,0.0,0.0,0.0,0.0,0.0,0.0,0.0,0.0,0.0,-0.794,-0.35,-0.853,-1.482,Gly172,26.99277137000145,29.00321286015915,24.153347222203156
172,Phe,99,173,1.0,0.0,0.0,1.0,0.0,0.0,5.96,63.7,0.0,0.0,0.0,29.656,3.3831,21.92,0.62,0.0,0.0,0.0,0.0,0.0,1.0,0.0,0.0,0.823,0.27,-0.845,-1.428,Phe173,25.23124834565179,27.468864697882474,23.194035898069497
173,Gly,100,174,1.0,0.0,0.0,0.0,0.0,1.0,0.0,12.57,0.0,0.0,0.0,25.958,1.6515,18.74,0.0,0.0,0.0,0.0,0.0,0.0,1.0,1.0,0.0,-0.751,-0.272,-0.853,-1.153,Gly174,22.018301914674637,24.356089058063095,19.68498028860193
174,Trp,101,175,1.0,0.0,0.0,1.0,0.0,0.0,88.64,35.9,0.0,0.0,0.0,24.336,2.1995,43.18,79.12,0.0,0.0,0.0,0.0,0.0,1.0,0.0,0.0,-0.944,-0.052,-0.594,-1.762,Trp175,21.703131700919545,23.200227297951653,19.37910776901693
175,Val,102,176,1.0,0.0,0.0,1.0,0.0,0.0,22.95,28.56,0.0,0.0,0.0,26.181,1.362,31.11,9.27,0.0,0.0,0.0,0.0,0.0,0.0,0.0,0.0,0.224,0.741,-0.289,-0.074,Val176,22.079264029224166,22.894580616748392,20.044165029754197
176,Val,103,177,1.0,0.0,0.0,0.0,0.0,1.0,0.0,2.55,0.0,0.0,0.0,23.235,1.7571,0.0,0.0,0.0,0.0,0.0,0.0,0.0,1.0,0.0,0.0,-0.996,-0.55,-1.107,-1.439,Val177,19.118027187143113,20.377246764211865,17.005980736360552
177,Val,104,178,1.0,0.0,0.0,1.0,0.0,0.0,11.15,0.0,0.0,0.0,0.0,20.276,2.6398,0.0,7.33,0.0,0.0,0.0,0.0,0.0,1.0,0.0,0.0,-0.842,-0.502,-1.107,-0.827,Val178,17.197193271365222,18.413092567401772,14.942689215310333
178,Phe,105,179,1.0,0.0,0.0,1.0,0.0,0.0,75.97,0.0,0.0,0.0,0.0,21.104,2.3667,0.11,66.74,0.0,0.0,0.0,0.0,0.0,1.0,0.0,0.0,0.633,0.973,0.09,2.371,Phe179,18.419675091090298,18.44402676099794,16.305424385998332
179,Ala,106,180,1.0,0.0,0.0,0.0,0.0,0.0,0.0,0.0,0.0,0.0,0.0,20.603,1.4439,0.0,0.31,0.0,0.0,0.0,0.0,0.0,1.0,0.0,0.0,-0.997,-0.518,-1.124,0.002,Ala180,17.38997859711183,17.698232047354807,15.614262380948256
180,Ala,107,181,1.0,0.0,0.0,0.0,0.0,1.0,0.0,0.25,0.0,0.0,0.0,17.554,1.9457,1.01,0.0,0.0,0.0,0.0,0.0,0.0,1.0,0.0,0.0,-0.849,-0.549,-1.124,-0.058,Ala181,13.78391244866611,14.60321435057721,12.002219184770938
181,Thr,108,182,1.0,0.0,0.0,1.0,0.0,0.0,0.83,0.0,0.0,0.0,0.0,15.542,1.9453,9.44,17.49,0.0,0.0,0.0,0.0,0.0,1.0,1.0,0.0,-0.853,-0.785,-0.443,-1.116,Thr182,13.898069801208601,13.684569563365919,11.549885286322084
182,Trp,109,183,1.0,0.0,0.0,1.0,0.0,0.0,58.27,0.0,0.0,0.0,0.0,17.694,1.7363,0.0,89.62,0.0,0.0,0.0,0.0,0.0,1.0,0.0,0.0,-0.785,-0.619,-0.594,0.273,Trp183,15.199717911509488,14.295922153130203,13.144252412295067
183,Cys,110,184,1.0,0.0,0.0,0.0,0.0,1.0,0.0,9.42,0.0,0.0,0.0,15.866,1.8625,0.0,0.0,0.0,0.0,0.0,0.0,0.0,1.0,1.0,0.0,-0.793,-0.695,-0.807,0.05,Cys184,12.583582139671762,12.4065615823543,11.23004703828637
184,Asn,111,185,1.0,0.0,0.0,0.0,1.0,0.0,0.0,0.0,5.7,0.0,0.0,11.612,1.9242,13.91,0.0,13.58,0.0,0.0,0.0,0.0,1.0,0.0,0.0,-0.717,-0.529,-0.461,-0.359,Asn185,9.637623842633676,9.0988642830747,7.64831899519621
185,Gly,112,186,1.0,0.0,0.0,0.0,0.0,1.0,0.0,0.0,0.0,0.0,0.0,10.728,0.7832,9.89,0.0,3.31,0.0,0.0,0.0,0.0,1.0,0.0,0.0,-0.95,-0.71,-0.853,0.673,Gly186,12.29710276618985,10.021888626449263,9.244514825590025
186,Ser,113,187,1.0,0.0,0.0,0.0,0.0,1.0,0.0,0.0,0.0,0.0,0.0,12.132,0.8244,0.0,0.65,0.0,0.0,0.0,0.0,0.0,1.0,0.0,0.0,-0.884,-0.786,-1.19,-0.379,Ser187,13.627855590876473,10.85508672865296,11.014677526519522
187,Ile,114,188,1.0,0.0,0.0,0.0,1.0,0.0,0.0,15.03,0.0,0.0,0.0,9.978,1.0776,0.0,0.0,0.0,7.61,1.0,1.0,1.0,1.0,0.0,0.0,-1.002,-0.306,-1.122,0.194,Ile188,10.663336701934265,8.148561918305447,8.375121023459014
188,Phe,115,189,1.0,0.0,0.0,0.0,1.0,0.0,0.0,50.95,59.34,30.47,1.0,5.61,1.0679,60.23,0.0,75.14,48.32,1.0,1.0,1.0,1.0,0.0,0.0,-0.865,-0.237,-0.845,0.261,Phe189,9.066761204682775,5.755784249894633,8.160202122290352
189,Gly,116,190,1.0,0.0,0.0,0.0,0.0,1.0,0.0,7.61,0.0,0.79,0.0,8.344,0.5692,1.57,0.0,5.5,0.0,0.0,0.0,0.0,1.0,0.0,0.0,-0.8,-0.256,-0.853,-0.905,Gly190,12.791219950864956,9.081841042526447,11.710842808275428
190,Ile,117,191,1.0,0.0,0.0,0.0,0.0,1.0,0.0,0.61,0.0,0.0,0.0,11.795,1.2102,0.0,0.0,0.0,0.0,0.0,0.0,0.0,1.0,0.0,0.0,-1.002,-0.076,-1.122,-0.4,Ile191,13.886798235524322,11.393601646743926,13.574121719371057
191,His,118,192,1.0,0.0,0.0,0.0,1.0,0.0,0.0,66.19,45.85,41.92,1.0,7.944,2.9413,18.96,0.0,22.0,10.83,1.0,1.0,1.0,1.0,0.0,0.0,-0.427,-0.03,0.416,0.361,His192,11.395025744627445,10.707550343566023,12.896755227447203
192,Asn,119,193,1.0,0.0,0.0,0.0,1.0,0.0,0.0,46.04,30.88,44.77,1.0,7.2,1.7965,30.65,0.0,41.08,0.21,1.0,1.0,0.0,1.0,0.0,0.0,-0.951,-0.282,-1.145,-0.757,Asn193,11.99046054941409,9.56467934293086,13.892380282878607
193,Ser,120,194,1.0,0.0,0.0,0.0,0.0,1.0,0.0,0.0,0.0,0.0,0.0,11.358,0.6145,0.04,0.0,0.0,0.0,0.0,0.0,0.0,1.0,0.0,0.0,-0.947,-0.794,-1.19,-0.419,Ser194,15.648261420829593,12.463131681378211,16.826037550930675
194,Val,121,195,1.0,0.0,0.0,0.0,1.0,0.0,0.0,15.09,21.57,0.31,0.0,12.52,1.2828,11.41,0.0,0.0,0.0,0.0,0.0,0.0,1.0,0.0,0.0,-0.412,0.821,0.149,0.731,Val195,15.869473472506222,14.651091661663502,17.857309783827255
195,Gly,122,196,1.0,0.0,0.0,0.0,1.0,0.0,0.0,32.88,31.28,16.36,1.0,10.72,0.9085,2.23,0.0,0.0,0.0,0.0,1.0,0.0,0.0,1.0,0.0,-0.656,-0.316,-0.853,-0.736,Gly196,18.384442857804995,14.371981959544211,17.694352357622545
196,Ile,123,197,1.0,0.0,0.0,0.0,1.0,0.0,0.0,47.99,41.63,0.0,0.0,13.486,2.507,13.43,0.0,0.0,0.0,0.0,0.0,0.0,1.0,0.0,0.0,-0.799,-0.035,-1.122,-1.058,Ile197,20.790419039602046,17.06672271945679,20.726273869015053
197,Leu,124,198,1.0,0.0,0.0,0.0,0.0,1.0,0.0,5.93,0.0,0.0,0.0,16.358,2.8316,16.57,0.0,0.0,0.0,0.0,0.0,0.0,1.0,0.0,0.0,-0.41,0.135,0.103,-1.33,Leu198,20.48075882971358,19.37811190023023,22.305047978046115
198,Tyr,125,199,1.0,0.0,0.0,0.0,1.0,0.0,0.0,50.82,47.08,0.0,1.0,15.274,4.6169,51.75,0.0,0.0,0.0,0.0,1.0,0.0,1.0,0.0,0.0,-0.811,1.037,0.025,-1.105,Tyr199,21.183399998127655,19.48482908263928,22.42328025926392
199,Ser,126,200,0.0,0.0,1.0,0.0,0.0,0.0,0.0,44.33,7.1,0.0,0.0,18.095,3.1961,34.62,0.0,0.0,0.0,0.0,0.0,0.0,0.0,0.0,0.0,1.563,0.283,1.768,0.062,Ser200,24.25769400452965,22.47764799305222,25.5046067578589
200,Met,127,201,0.0,0.0,1.0,0.0,0.0,0.0,0.0,62.58,0.0,0.0,0.0,20.999,1.7005,76.53,0.0,0.0,0.0,0.0,0.0,0.0,0.0,0.0,1.0,-0.673,0.699,-0.375,-0.755,Met201,25.564420771812333,24.237045419504337,27.246952841761846
201,Leu,128,202,0.0,0.0,1.0,0.0,1.0,0.0,0.0,32.58,23.76,0.0,0.0,18.594,4.2389,25.45,0.0,0.0,0.0,0.0,0.0,0.0,1.0,0.0,1.0,-0.869,0.167,-0.855,-0.104,Leu202,25.052228418671106,23.243954179001207,26.06017610431785
202,Leu,129,203,0.0,0.0,1.0,0.0,0.0,0.0,0.0,39.49,0.0,0.0,0.0,20.353,3.5528,23.52,0.0,0.0,0.0,0.0,0.0,1.0,0.0,0.0,1.0,1.023,0.892,1.0,-0.218,Leu203,26.925503947118145,24.70739838089708,27.63196728883217
203,Glu,130,204,0.0,0.0,1.0,0.0,0.0,0.0,0.0,74.96,0.0,0.0,0.0,24.077,2.9123,74.64,0.0,0.0,0.0,0.0,0.0,0.0,0.0,0.0,0.0,1.526,0.979,1.0,-0.089,Glu204,29.71327334221807,27.909847131553533,30.93262747000668
204,Glu,131,205,0.0,0.0,1.0,0.0,0.0,0.0,0.0,43.53,0.0,0.0,0.0,25.065,3.0257,69.15,0.0,0.0,0.0,0.0,0.0,0.0,0.0,0.0,1.0,0.123,0.938,1.0,0.705,Glu205,30.199692424472065,28.558705415946864,31.063873206535362
205,Glu,132,206,0.0,0.0,1.0,0.0,1.0,0.0,0.0,35.53,13.6,0.0,0.0,21.888,2.633,36.38,0.0,0.0,0.0,0.0,0.0,0.0,0.0,0.0,1.0,0.38,0.277,2.597,-1.679,Glu206,30.05108695916239,27.396100774232963,28.880480491795524
206,Lys,133,207,0.0,0.0,1.0,0.0,0.0,0.0,0.0,35.92,0.0,0.0,0.0,23.18,2.5698,59.6,0.0,0.0,0.0,0.0,0.0,0.0,0.0,0.0,1.0,1.721,2.984,1.818,1.624,Lys207,32.182827764552044,28.733621221261807,29.514265222031796
207,Glu,134,208,0.0,0.0,1.0,0.0,0.0,0.0,0.0,63.83,0.0,0.0,0.0,26.885,2.1793,66.62,0.0,0.0,0.0,0.0,0.0,0.0,0.0,0.0,0.0,2.706,1.969,1.0,0.113,Glu208,34.93455108940223,31.785608361918154,33.193031255364
208,Lys,135,209,0.0,0.0,1.0,0.0,0.0,0.0,0.0,98.47,0.0,0.0,0.0,28.376,3.3784,92.9,0.0,0.0,0.0,0.0,0.0,0.0,0.0,0.0,1.0,2.841,2.769,0.27,0.743,Lys209,34.774589444448125,33.98825605359329,34.22488621642588
209,Asn,136,210,0.0,0.0,1.0,0.0,0.0,0.0,0.0,47.26,0.0,0.0,0.0,26.853,3.5869,65.86,0.0,0.0,0.0,0.0,0.0,0.0,0.0,0.0,1.0,-0.011,1.292,0.752,-0.08,Asn210,34.06775088046317,31.683215696369682,33.06890269432967
210,Arg,137,211,0.0,0.0,1.0,0.0,0.0,0.0,0.0,109.55,0.0,0.0,0.0,30.65,4.0035,104.51,0.0,0.0,0.0,0.0,0.0,0.0,0.0,0.0,1.0,1.652,2.411,0.724,0.664,Arg211,33.913289108180365,30.213790174733287,34.28613575073588
211,Gln,138,212,0.0,0.0,1.0,0.0,0.0,0.0,11.73,38.08,0.0,0.0,0.0,24.314,3.1883,54.04,0.0,0.0,0.0,0.0,0.0,0.0,0.0,0.0,1.0,0.645,1.79,2.077,-0.019,Gln212,31.598147847239762,26.583957757391364,31.046241581544376
212,Val,139,213,0.0,0.0,1.0,0.0,0.0,0.0,0.0,61.33,0.0,0.0,0.0,22.998,3.7271,18.35,0.0,0.0,0.0,0.0,0.0,0.0,0.0,0.0,1.0,-0.083,1.192,2.109,0.15,Val213,28.519787624452796,24.52921471704886,29.565174907846288
213,Glu,140,214,0.0,0.0,1.0,0.0,1.0,0.0,0.0,43.87,9.32,0.0,0.0,19.776,3.2586,13.36,0.0,0.0,0.0,0.0,0.0,0.0,0.0,0.0,1.0,-0.628,1.13,0.688,0.261,Glu214,26.3317467491486,21.051537937806483,26.99095461924292
214,Phe,141,215,1.0,0.0,0.0,0.0,1.0,0.0,0.0,53.09,43.7,0.0,0.0,16.778,3.9547,21.27,25.51,0.0,0.0,0.0,0.0,0.0,1.0,0.0,0.0,-0.865,0.417,-0.845,-0.662,Phe215,24.516592860586023,19.874157888842728,24.371336201687896
215,Gln,142,216,1.0,0.0,0.0,1.0,0.0,0.0,26.86,31.86,0.0,0.0,0.0,20.847,4.1732,21.3,25.98,0.0,0.0,0.0,0.0,0.0,0.0,0.0,1.0,-0.389,2.787,0.82,-0.096,Gln216,24.17488457618711,20.76548436999123,24.708369239152663
216,Ala,143,217,1.0,0.0,0.0,0.0,1.0,0.0,0.0,20.6,8.9,0.0,0.0,18.106,3.5894,12.62,0.0,0.0,0.0,0.0,0.0,0.0,1.0,0.0,0.0,-0.265,0.095,1.0,-0.853,Ala217,22.877794986303677,19.072662601254706,23.8697123605129
217,Ala,144,218,1.0,0.0,0.0,0.0,1.0,0.0,0.0,37.1,38.34,0.0,0.0,14.283,3.9459,0.98,0.0,0.0,0.0,0.0,0.0,1.0,1.0,0.0,0.0,-0.63,-0.147,-1.124,-1.133,Ala218,20.007543453596554,15.951886598419868,20.722007803649912
218,Trp,145,219,1.0,0.0,0.0,1.0,0.0,0.0,34.6,42.97,16.87,0.0,0.0,15.97,3.3088,0.0,47.77,0.0,0.0,0.0,0.0,0.0,1.0,0.0,0.0,-0.052,-0.647,-1.0,-1.762,Trp219,18.68833549025672,16.408610699435947,19.741229921539695
219,Val,146,220,1.0,0.0,0.0,1.0,0.0,0.0,24.33,33.73,8.42,0.0,0.0,17.158,4.9718,18.99,0.0,0.0,0.0,0.0,0.0,0.0,1.0,0.0,0.0,-0.778,-0.786,-1.107,-1.488,Val220,18.454425558200168,16.137238990196114,20.166532064865084
220,Gly,147,221,1.0,0.0,0.0,0.0,1.0,0.0,0.0,18.0,19.07,0.0,0.0,13.202,4.6416,9.4,0.0,0.0,0.0,0.0,0.0,0.0,1.0,1.0,0.0,-0.648,-0.381,-0.853,-0.161,Gly221,15.600102971567187,12.46383335474001,17.871889986574736
221,Ala,148,222,1.0,0.0,0.0,0.0,1.0,0.0,0.0,21.03,42.28,0.0,0.0,10.829,3.0147,18.27,0.0,0.0,0.0,0.0,0.0,0.0,0.0,0.0,0.0,-0.494,-0.787,0.0,-1.977,Ala222,13.8899963025908,11.838960123833548,15.196567754648727
222,Leu,149,223,1.0,0.0,0.0,1.0,0.0,0.0,9.08,16.47,2.94,0.0,0.0,14.911,2.221,0.0,16.02,0.0,0.0,0.0,0.0,0.0,1.0,0.0,0.0,-0.557,-0.735,-0.855,-1.72,Leu223,14.386745241076248,13.228016606816377,15.726958523997181
223,Ala,150,224,1.0,0.0,0.0,0.0,0.0,1.0,0.0,0.36,0.13,0.0,0.0,12.233,1.7222,0.0,0.0,0.0,0.0,0.0,0.0,0.0,1.0,0.0,0.0,-0.384,-0.593,-1.124,0.313,Ala224,12.83284235404094,10.978272966831312,14.143761986949528
224,Met,151,225,1.0,0.0,0.0,0.0,1.0,0.0,0.0,26.74,36.96,19.67,1.0,8.285,2.2155,39.62,0.0,36.61,31.35,1.0,1.0,1.0,1.0,0.0,0.0,-0.758,-0.557,-1.117,0.348,Met225,9.455609200231358,7.9116132112944735,10.732761392667
225,Gly,152,226,1.0,0.0,0.0,0.0,0.0,1.0,0.0,0.0,3.8,0.0,0.0,12.642,1.7985,0.0,0.0,0.0,0.0,0.0,0.0,0.0,1.0,1.0,0.0,-0.953,-0.732,-0.853,-0.943,Gly226,9.845743765836175,10.119441047363665,12.722030044432787
226,Met,153,227,1.0,0.0,0.0,1.0,0.0,0.0,29.48,0.0,0.0,0.0,0.0,16.455,1.6776,0.0,27.66,0.0,0.0,0.0,0.0,0.0,1.0,0.0,0.0,-0.882,-0.784,-1.117,-1.259,Met227,10.828489752610368,11.56301944259976,13.868102365217888
227,Ile,154,228,1.0,0.0,0.0,0.0,1.0,0.0,0.0,12.02,0.0,0.0,0.0,12.036,1.6088,0.08,0.0,17.14,19.03,1.0,1.0,1.0,1.0,0.0,0.0,-0.406,-0.561,-1.122,0.102,Ile228,7.676865145843602,8.769977038211012,10.563851833897639
228,Phe,155,229,1.0,0.0,0.0,0.0,1.0,0.0,0.0,23.58,10.19,0.0,0.0,11.692,1.4834,33.52,0.0,40.61,42.74,1.0,1.0,1.0,1.0,0.0,0.0,-0.76,-0.731,-0.845,0.084,Phe229,6.371301477320324,8.544475052204643,10.160907243332206
229,Phe,156,230,1.0,0.0,0.0,1.0,0.0,0.0,72.26,0.0,0.0,0.0,0.0,17.104,1.3268,0.0,66.1,0.0,0.0,0.0,0.0,0.0,1.0,0.0,0.0,0.067,-0.367,-0.845,1.27,Phe230,10.144375190913586,12.038354160041061,13.942419707575471
230,Cys,157,231,1.0,0.0,0.0,1.0,0.0,0.0,28.79,0.0,0.0,0.0,0.0,18.218,1.043,0.0,16.55,0.0,0.0,0.0,0.0,0.0,1.0,1.0,0.0,-0.631,-0.719,-0.807,0.071,Cys231,11.374647128756404,13.507706936283782,14.21345299936968
231,Ser,158,232,1.0,0.0,0.0,0.0,0.0,1.0,0.0,0.0,0.0,0.0,0.0,17.024,1.0909,9.93,0.0,4.52,0.0,0.0,0.0,0.0,1.0,0.0,0.0,-0.951,-0.797,-1.19,-0.124,Ser232,9.401065790337356,12.117722716013807,11.618988992938139
232,Pro,159,233,1.0,0.0,0.0,1.0,0.0,0.0,16.57,0.0,0.0,0.0,0.0,20.4,1.0751,32.42,18.72,16.86,0.0,0.0,0.0,0.0,1.0,1.0,0.0,-0.841,-0.744,-0.904,-1.906,Pro233,12.549597975999966,14.980939540820748,14.474330796599874
233,Ile,160,234,1.0,0.0,0.0,1.0,0.0,0.0,72.88,0.0,0.0,0.0,0.0,22.791,1.338,34.82,40.57,0.0,0.0,0.0,0.0,0.0,1.0,0.0,0.0,-0.514,-0.788,-0.407,0.137,Ile234,14.815908446824674,17.311230521011385,16.667795900492703
234,Val,161,235,1.0,0.0,0.0,1.0,0.0,0.0,16.44,0.0,0.0,0.0,0.0,20.067,1.0596,0.0,0.0,0.0,0.0,0.0,0.0,0.0,1.0,0.0,0.0,-0.763,-0.786,-1.107,0.912,Val235,13.301454206384335,16.377676286719264,14.480288677485657
235,Ser,162,236,1.0,0.0,0.0,0.0,0.0,1.0,0.0,0.0,0.0,0.0,0.0,22.46,0.696,34.63,0.0,18.7,0.0,0.0,0.0,0.0,1.0,0.0,0.0,-0.951,-0.797,-1.19,-1.767,Ser236,13.806855547426338,17.447878743280754,15.081897999074462
236,Ile,163,237,1.0,0.0,0.0,1.0,0.0,0.0,46.26,0.0,0.0,0.0,0.0,26.468,1.3456,46.97,0.0,0.0,0.0,0.0,0.0,0.0,0.0,0.0,0.0,-0.612,-0.788,-0.339,-0.302,Ile237,17.41075493740771,20.802477151376227,18.742937428174454
237,Phe,164,238,1.0,0.0,0.0,1.0,0.0,0.0,81.59,0.47,0.0,0.0,0.0,25.212,3.8176,50.88,4.62,0.0,0.0,0.0,0.0,0.0,1.0,0.0,1.0,-0.644,-0.731,-0.845,-0.301,Phe238,18.04212529480479,21.03607359455885,18.56878779811715
238,Thr,165,239,1.0,0.0,0.0,0.0,0.0,1.0,0.0,7.31,0.0,0.0,0.0,23.845,1.3077,18.38,0.0,0.0,0.0,0.0,0.0,0.0,1.0,0.0,0.0,-0.86,-0.792,-1.158,-0.928,Thr239,16.665698610055376,20.38711011852685,17.163392323197012
239,Asp,166,240,1.0,0.0,0.0,0.0,0.0,0.0,0.0,29.63,0.0,0.0,0.0,28.132,1.7804,54.47,0.0,0.0,0.0,0.0,0.0,0.0,0.0,0.0,1.0,-0.913,-0.774,-1.041,-1.086,Asp240,19.140811919918402,23.255504332417665,19.724859506045313
240,Arg,167,241,1.0,0.0,0.0,1.0,0.0,0.0,74.5,37.83,0.0,0.0,0.0,30.545,2.1508,82.59,9.87,0.0,0.0,0.0,0.0,0.0,0.0,0.0,1.0,0.226,-0.528,-0.246,-0.118,Arg241,21.87828387300135,25.527031634816975,22.46540989246253
241,Leu,168,242,0.0,1.0,0.0,1.0,0.0,0.0,52.19,39.8,0.0,0.0,0.0,29.203,1.2606,44.26,42.51,0.0,0.0,0.0,0.0,0.0,0.0,0.0,1.0,-0.402,-0.45,1.0,-0.116,Leu242,21.950452586135693,24.86127043436398,21.607161389172454
242,Gly,169,243,0.0,1.0,0.0,0.0,0.0,0.0,0.0,28.56,0.0,0.0,0.0,26.856,0.7623,16.11,0.0,0.0,0.0,0.0,0.0,0.0,0.0,0.0,1.0,-0.953,-0.732,-0.853,-1.482,Gly243,20.298556797809507,23.813724186671973,19.211601548003376
243,Cys,170,244,0.0,1.0,0.0,0.0,0.0,0.0,0.0,29.05,0.0,0.0,0.0,23.482,1.522,22.44,0.0,0.0,0.0,0.0,0.0,0.0,0.0,0.0,1.0,-0.771,-0.719,-0.807,0.574,Cys244,17.4412634749458,20.596597668005284,16.013412223043776
244,Arg,171,245,0.0,1.0,0.0,0.0,0.0,0.0,15.73,73.43,0.0,0.0,0.0,27.099,0.4486,35.78,45.63,0.0,0.0,0.0,0.0,0.0,0.0,0.0,1.0,-0.994,-0.773,-1.042,-1.746,Arg245,19.738796434342753,21.78713245751305,18.051328345729882
245,Ile,172,246,1.0,0.0,0.0,1.0,0.0,0.0,39.03,47.66,0.0,0.0,0.0,27.688,1.2936,41.6,63.62,0.0,0.0,0.0,0.0,0.0,1.0,0.0,1.0,-0.216,-0.575,1.0,1.715,Ile246,20.849948555217576,23.076155024483874,19.675409244971057
246,Thr,173,247,1.0,0.0,0.0,1.0,0.0,0.0,28.48,12.77,0.0,0.0,0.0,22.594,1.4702,0.0,0.43,0.0,0.0,0.0,0.0,0.0,1.0,0.0,1.0,-0.786,-0.571,-1.158,-1.007,Thr247,17.5040803797581,19.996666262536504,16.581845028920206
247,Ala,174,248,1.0,0.0,0.0,0.0,0.0,1.0,0.0,15.93,0.0,0.0,0.0,20.86,1.0484,0.0,0.0,0.0,0.0,0.0,0.0,0.0,1.0,0.0,0.0,-0.849,-0.787,-0.383,-0.493,Ala248,15.833330272667734,17.933763979518837,14.74475593438016
248,Thr,175,249,1.0,0.0,0.0,1.0,0.0,0.0,23.06,0.0,0.0,0.0,0.0,24.048,1.0322,0.0,37.61,0.0,0.0,0.0,0.0,0.0,1.0,0.0,0.0,-0.543,-0.589,1.0,-0.935,Thr249,19.08205992058903,20.660562980578312,17.97517895611196
249,Ala,176,250,1.0,0.0,0.0,1.0,0.0,0.0,44.98,0.0,0.0,0.0,0.0,23.61,1.2104,0.0,40.53,0.0,0.0,0.0,0.0,0.0,1.0,0.0,0.0,1.107,0.084,3.468,0.985,Ala250,19.486759150629563,20.828579436132973,18.678384401172266
250,Gly,177,251,1.0,0.0,0.0,0.0,0.0,1.0,0.22,0.0,0.0,0.0,0.0,19.938,0.5994,0.0,0.0,0.0,0.0,0.0,0.0,0.0,1.0,1.0,0.0,-0.799,-0.732,-0.853,-1.48,Gly251,15.935352308933053,17.11987299354585,15.388474556855245
251,Ala,178,252,1.0,0.0,0.0,0.0,0.0,1.0,0.0,0.0,0.0,0.0,0.0,19.692,0.6885,0.0,0.0,0.0,0.0,0.0,0.0,0.0,1.0,0.0,0.0,-0.786,-0.787,-1.124,-1.233,Ala252,16.668978031007235,17.461407204496798,16.03715216803776
252,Ala,179,253,1.0,0.0,0.0,1.0,0.0,0.0,28.67,0.0,0.0,0.0,0.0,23.07,1.3865,0.0,30.89,0.0,0.0,0.0,0.0,0.0,1.0,0.0,0.0,1.296,-0.787,0.011,0.22,Ala253,20.135743738260327,20.761181360137048,19.636937913804083
253,Val,180,254,1.0,0.0,0.0,1.0,0.0,0.0,19.37,0.0,0.0,0.0,0.0,21.696,1.0215,0.0,35.78,0.0,0.0,0.0,0.0,0.0,1.0,0.0,0.0,0.399,0.764,0.795,-0.676,Val254,18.91714199583728,19.48113059603744,19.05071524533461
254,Ala,181,255,1.0,0.0,0.0,0.0,0.0,1.0,0.0,0.0,0.0,0.0,0.0,17.983,1.3957,0.0,0.0,0.0,0.0,0.0,0.0,0.0,1.0,0.0,0.0,-0.93,-0.787,-1.124,-0.383,Ala255,16.627831373144943,16.75491768242887,16.677428722365146
255,Phe,182,256,1.0,0.0,0.0,1.0,0.0,0.0,43.38,0.0,0.0,0.0,0.0,22.479,1.2372,0.0,38.65,0.0,0.0,0.0,0.0,0.0,1.0,0.0,0.0,-0.872,-0.731,-0.845,-0.978,Phe256,19.81488142594344,19.729423051894663,19.662324224616494
256,Ile,183,257,1.0,0.0,0.0,1.0,0.0,0.0,48.75,0.0,0.0,0.0,0.0,23.775,1.4858,0.0,63.51,0.0,0.0,0.0,0.0,0.0,1.0,0.0,0.0,0.186,-0.136,-1.122,1.676,Ile257,22.038375314734882,21.7065593585924,21.975978575461006
257,Gly,184,258,1.0,0.0,0.0,0.0,0.0,1.0,0.0,0.0,0.0,0.0,0.0,20.096,1.7938,0.0,0.0,0.0,0.0,0.0,0.0,0.0,1.0,0.0,0.0,-0.655,-0.732,-0.853,-1.787,Gly258,19.959806871327935,19.187154232394377,20.23463909822053
258,Leu,185,259,1.0,0.0,0.0,0.0,0.0,1.0,0.0,0.0,0.0,0.0,0.0,17.631,1.625,0.0,0.0,0.0,0.0,0.0,0.0,0.0,1.0,0.0,0.0,-0.756,-0.735,-0.855,-0.734,Leu259,19.865198292989945,19.30250431003451,20.394894431595183
259,His,186,260,1.0,0.0,0.0,1.0,0.0,0.0,30.24,0.0,0.0,0.0,0.0,24.133,2.4075,0.0,44.91,0.0,0.0,0.0,0.0,0.0,1.0,0.0,0.0,-0.544,-0.507,0.097,0.281,His260,23.448316094535468,23.02790798625253,23.784959331218023
260,Thr,187,261,1.0,0.0,0.0,1.0,0.0,0.0,8.62,15.5,0.0,0.0,0.0,24.179,2.3946,0.0,37.09,0.0,0.0,0.0,0.0,0.0,1.0,0.0,0.0,0.091,0.033,0.0,0.924,Thr261,24.902778267846948,23.706677089878465,25.270086341010575
261,Ser,188,262,1.0,0.0,0.0,0.0,0.0,1.0,0.0,23.26,0.89,0.0,0.0,21.058,2.3978,0.0,0.0,0.0,0.0,0.0,0.0,0.0,1.0,0.0,0.0,-0.413,-0.607,-1.19,-1.735,Ser262,23.47499638199085,21.6438586827129,24.124922904878932
262,Ser,189,263,1.0,0.0,0.0,1.0,0.0,0.0,22.39,0.0,0.0,0.0,0.0,24.323,3.0912,14.34,0.0,0.0,0.0,0.0,0.0,0.0,1.0,0.0,0.0,-0.703,-0.797,-1.19,-1.979,Ser263,25.92409500991147,24.00503319182562,26.783604253905114
263,Phe,190,264,1.0,0.0,0.0,1.0,0.0,0.0,93.05,12.91,0.0,0.0,0.0,27.461,3.5529,46.84,52.64,0.0,0.0,0.0,0.0,0.0,0.0,0.0,0.0,-0.977,-0.731,-0.845,-1.428,Phe264,28.839273425296376,27.00221949991746,29.43162627520878
264,Thr,191,265,1.0,0.0,0.0,1.0,0.0,0.0,21.1,18.39,0.0,0.0,0.0,24.734,3.6009,20.36,23.11,0.0,0.0,0.0,0.0,0.0,1.0,0.0,0.0,-0.623,-0.792,-0.446,-0.621,Thr265,27.937548977203665,25.840031806108673,28.64034182901339
265,Ser,192,266,0.0,0.0,1.0,0.0,0.0,0.0,7.09,36.49,0.0,0.0,0.0,27.179,4.5926,55.22,4.52,0.0,0.0,0.0,0.0,0.0,0.0,0.0,0.0,-0.142,-0.598,1.0,0.192,Ser266,30.21681219934439,28.27262231922289,30.42774381259057
266,Ser,193,267,0.0,0.0,1.0,0.0,0.0,0.0,7.92,28.6,0.0,0.0,0.0,25.887,3.7209,32.3,0.0,0.0,0.0,0.0,0.0,0.0,0.0,0.0,1.0,-0.701,-0.797,-0.492,-0.938,Ser267,29.231999862554243,26.310180726839143,29.65031520930081
267,Leu,194,268,0.0,0.0,1.0,0.0,0.0,0.0,35.26,35.71,0.53,0.0,0.0,22.051,3.8566,35.09,0.0,0.0,0.0,0.0,0.0,0.0,1.0,0.0,1.0,-0.868,-0.735,-0.855,-0.005,Leu268,26.307389581137294,22.989201155387356,26.943964311163818
268,Ser,195,269,0.0,0.0,1.0,0.0,0.0,0.0,34.1,17.02,0.0,0.0,0.0,25.176,5.2887,35.76,24.46,0.0,0.0,0.0,0.0,0.0,0.0,0.0,0.0,1.32,-0.368,1.0,2.596,Ser269,26.240159105769596,23.815223040858726,27.523026705545387
269,Leu,196,270,1.0,0.0,0.0,1.0,0.0,0.0,60.78,1.82,0.0,0.0,0.0,26.191,4.2389,30.72,48.94,0.0,0.0,0.0,0.0,0.0,0.0,0.0,1.0,-0.368,0.033,1.0,-0.397,Leu270,25.744495776270597,23.87551247792032,27.163312909332266
270,Arg,197,271,1.0,0.0,0.0,0.0,1.0,0.0,0.0,54.16,21.86,0.0,0.0,21.77,3.2638,42.5,0.0,0.0,0.0,0.0,0.0,0.0,1.0,0.0,1.0,-0.644,-0.773,0.0,-1.148,Arg271,22.887673242392697,20.661554191374098,24.299728242980283
271,Tyr,198,272,1.0,0.0,0.0,1.0,0.0,0.0,52.62,34.26,4.54,0.0,0.0,19.564,2.999,9.37,52.09,0.0,0.0,0.0,0.0,0.0,1.0,0.0,0.0,-0.663,-0.346,-0.824,-1.346,Tyr272,21.002226262195865,18.520341082509386,22.370973345052054
272,Phe,199,273,1.0,0.0,0.0,1.0,0.0,0.0,67.17,21.96,0.0,0.0,0.0,23.513,2.5864,0.0,68.74,0.0,0.0,0.0,0.0,0.0,0.0,0.0,0.0,-0.626,-0.731,-0.845,0.264,Phe273,21.43390832917153,20.092458712328582,23.17775248029414
273,Thr,200,274,1.0,0.0,0.0,1.0,0.0,0.0,1.73,12.04,1.37,0.0,0.0,21.348,2.6542,0.0,8.26,0.0,0.0,0.0,0.0,0.0,1.0,0.0,0.0,-0.932,-0.792,-1.158,-1.109,Thr274,21.005661020041103,19.88674884168511,22.097781861886048
274,Tyr,201,275,1.0,0.0,0.0,0.0,1.0,0.0,0.0,31.45,27.76,0.0,0.0,14.873,1.8459,21.69,0.0,0.0,0.0,0.0,0.0,1.0,1.0,0.0,0.0,-0.979,-0.725,-0.824,0.864,Tyr275,18.31430827068647,16.65591363510398,18.968668394558836
275,Gly,202,276,1.0,0.0,0.0,0.0,0.0,1.0,0.0,0.81,2.07,0.0,0.0,16.359,1.9887,0.0,0.0,0.0,0.0,0.0,0.0,0.0,1.0,1.0,0.0,-0.8,-0.732,-0.853,-1.787,Gly276,16.642176208983397,15.103411575623793,18.105695760337742
276,Ile,203,277,1.0,0.0,0.0,1.0,0.0,0.0,34.87,4.85,0.0,0.0,0.0,19.895,2.4261,0.0,48.18,0.0,0.0,0.0,0.0,0.0,1.0,0.0,0.0,-0.512,-0.788,-1.122,-0.277,Ile277,16.759345840119067,16.227680420268477,18.715561405826033
277,Leu,204,278,1.0,0.0,0.0,1.0,0.0,0.0,44.02,0.0,0.0,0.0,0.0,21.427,2.2232,0.0,36.3,0.0,0.0,0.0,0.0,0.0,1.0,0.0,0.0,-0.544,-0.374,-0.855,-0.471,Leu278,17.759968892386734,17.612949078268763,19.17680079136919
278,Phe,205,279,1.0,0.0,0.0,0.0,0.0,1.0,0.0,9.81,0.0,0.0,0.0,14.826,1.5419,0.0,0.0,0.0,0.0,0.0,0.0,0.0,1.0,0.0,0.0,-0.874,-0.731,-0.845,0.046,Phe279,15.66248130909078,14.956656158521689,16.37355285011849
279,Gly,206,280,1.0,0.0,0.0,0.0,0.0,1.0,0.0,0.88,0.0,0.0,0.0,14.892,1.7482,0.0,0.0,0.0,0.0,0.0,0.0,0.0,1.0,0.0,0.0,-0.953,-0.732,-0.853,-1.466,Gly280,12.417842863269836,12.102946146624827,13.965243898013812
280,Cys,207,281,1.0,0.0,0.0,1.0,0.0,0.0,19.9,0.0,0.0,0.0,0.0,18.162,1.2394,0.0,25.11,0.0,0.0,0.0,0.0,0.0,0.0,1.0,0.0,-0.497,-0.329,-0.807,-1.025,Cys281,13.373156470862488,14.097308750244009,15.177861013661056
281,Gly,208,282,1.0,0.0,0.0,0.0,0.0,1.0,0.0,0.0,0.0,0.0,0.0,18.01,0.8966,0.0,0.0,0.0,0.0,0.0,0.0,0.0,1.0,0.0,0.0,-0.794,-0.732,-0.853,-1.787,Gly282,14.336339731628877,15.00338778676444,15.232242066350082
282,Cys,209,283,1.0,0.0,0.0,0.0,0.0,1.0,0.0,8.67,0.0,0.0,0.0,14.353,1.235,0.0,0.0,0.0,0.0,0.0,0.0,0.0,1.0,0.0,0.0,-0.465,-0.38,1.0,0.446,Cys283,11.032626872872758,11.474193874954105,11.666089159540403
283,Ser,210,284,1.0,0.0,0.0,0.0,0.0,1.0,0.0,0.0,0.0,0.0,0.0,16.027,0.8884,0.0,0.0,0.0,0.0,0.0,0.0,0.0,1.0,0.0,0.0,-1.008,-0.797,-1.19,-1.179,Ser284,9.44347195775178,11.266756709876462,10.729426160464708
284,Phe,211,285,1.0,0.0,0.0,1.0,0.0,0.0,52.9,0.0,0.0,0.0,0.0,19.963,0.8536,0.0,16.97,0.0,0.0,0.0,0.0,0.0,1.0,0.0,0.0,-0.743,-0.731,-0.845,-0.476,Phe285,12.541888030133126,14.705844544703819,12.80574982557801
285,Ala,212,286,1.0,0.0,0.0,0.0,0.0,1.0,0.0,10.8,0.0,0.0,0.0,16.192,0.506,0.0,0.0,0.0,0.0,0.0,0.0,0.0,1.0,0.0,0.0,-0.786,-0.579,-1.124,-0.186,Ala286,12.356348793006399,13.876189997467243,11.171871471338658
286,Phe,213,287,1.0,0.0,0.0,0.0,1.0,0.0,0.0,26.77,17.72,0.0,0.0,11.866,1.1717,19.12,0.0,20.26,32.79,1.0,1.0,1.0,1.0,0.0,0.0,-0.872,-0.731,-0.845,-1.053,Phe287,8.81364960137666,10.79370877401196,7.402525525975625
287,Gln,214,288,1.0,0.0,0.0,0.0,0.0,1.0,0.0,0.0,0.0,0.0,0.0,16.987,1.6463,37.43,0.0,22.82,0.0,0.0,0.0,0.0,1.0,0.0,0.0,-0.89,-0.775,-1.059,-0.848,Gln288,8.914063756544635,12.54815136061762,8.421436691318457
288,Pro,215,289,1.0,0.0,0.0,0.0,0.0,1.0,0.0,9.02,0.0,0.0,0.0,18.95,0.9306,0.0,0.0,0.0,0.0,0.0,0.0,0.0,1.0,1.0,0.0,-0.843,-0.744,-0.904,-0.954,Pro289,12.545507028155779,15.820759137927055,11.148385500083638
289,Ser,216,290,1.0,0.0,0.0,0.0,0.0,1.0,0.0,19.54,0.0,0.0,0.0,16.429,2.3413,0.0,0.0,0.0,0.0,0.0,0.0,0.0,1.0,0.0,0.0,-0.773,-0.797,-1.19,-0.818,Ser290,11.902611800605406,14.582105606599225,9.665116457956353
290,Leu,217,291,1.0,0.0,0.0,0.0,1.0,0.0,0.0,16.08,26.65,0.0,0.0,14.834,2.651,54.37,0.0,46.12,23.19,1.0,1.0,0.0,1.0,0.0,0.0,-0.874,-0.735,-0.855,-0.306,Leu291,10.294243977496643,13.83357118221399,8.160248242059318
291,Val,218,292,1.0,0.0,0.0,0.0,0.0,1.0,0.0,4.55,0.0,0.0,0.0,20.259,1.4438,60.12,0.0,5.89,0.0,0.0,0.0,0.0,1.0,0.0,0.0,-0.923,-0.786,-1.107,-0.468,Val292,13.147712264202944,17.2228195398807,11.178343202275045
292,Ile,219,293,1.0,0.0,0.0,0.0,1.0,0.0,0.0,18.26,0.0,0.0,0.0,22.258,1.7854,24.44,0.0,0.0,0.0,0.0,0.0,0.0,1.0,0.0,0.0,-0.806,-0.788,-1.122,-0.334,Ile293,15.888401605512874,19.236697787604744,13.701846750147407
293,Leu,220,294,1.0,0.0,0.0,0.0,0.0,1.0,0.0,0.0,0.0,0.0,0.0,19.529,2.0821,10.35,0.0,0.0,0.0,0.0,0.0,0.0,1.0,0.0,0.0,-0.873,-0.735,-0.855,-0.349,Leu294,15.705963977995136,18.03920645296722,13.074823376085885
294,Gly,221,295,1.0,0.0,0.0,0.0,1.0,0.0,0.0,17.09,0.0,0.0,0.0,22.685,1.8095,22.48,0.0,0.0,0.0,0.0,0.0,0.0,1.0,0.0,0.0,-0.807,-0.732,-0.853,0.033,Gly295,17.03191549768983,19.13550518456152,14.122688822596874
295,His,222,296,0.0,1.0,0.0,0.0,0.0,0.0,0.0,70.68,0.0,0.0,0.0,25.623,1.7268,69.54,0.0,0.0,0.0,0.0,0.0,0.0,0.0,0.0,1.0,-0.836,-0.781,-1.1,0.389,His296,19.861578641827176,22.49834964080965,17.27981943674281
296,Tyr,223,297,0.0,1.0,0.0,0.0,0.0,0.0,0.0,46.49,0.0,0.0,0.0,25.445,3.7379,45.25,0.0,0.0,0.0,0.0,0.0,0.0,1.0,0.0,1.0,-0.742,-0.725,-0.824,-1.991,Tyr297,21.105167387715696,23.39502865822675,17.957239093467003
297,Phe,224,298,0.0,1.0,0.0,0.0,0.0,0.0,0.0,11.47,0.0,0.0,0.0,24.126,2.4659,23.79,0.0,0.0,0.0,0.0,0.0,0.0,1.0,0.0,1.0,-0.871,-0.731,-0.845,-1.982,Phe298,20.412915416769025,23.151668883494622,17.645334897166116
298,Gln,225,299,0.0,1.0,0.0,0.0,0.0,0.0,0.0,74.25,0.0,0.0,0.0,28.09,2.1913,72.71,0.0,0.0,0.0,0.0,0.0,0.0,0.0,0.0,1.0,-0.501,-0.521,0.773,0.774,Gln299,21.066491783268514,23.478410836820846,19.225910387554368
299,Arg,226,300,0.0,1.0,0.0,0.0,0.0,0.0,0.0,77.24,0.0,0.0,0.0,30.016,6.155,125.45,0.0,0.0,0.0,0.0,0.0,0.0,0.0,0.0,1.0,-0.132,-0.385,0.715,-0.392,Arg300,22.721008957125683,25.432318961211784,21.151309105886696
300,Arg,227,301,0.0,1.0,0.0,0.0,0.0,0.0,13.59,27.63,0.0,0.0,0.0,25.527,2.6328,87.43,5.23,0.0,0.0,0.0,0.0,0.0,1.0,0.0,1.0,-0.586,-0.773,-1.042,-1.953,Arg301,20.62673381727658,22.982183698793264,18.598075683890592
301,Leu,228,302,1.0,0.0,0.0,0.0,0.0,0.0,0.0,41.45,0.0,0.0,0.0,22.329,1.6864,60.58,0.0,0.99,0.0,0.0,0.0,0.0,1.0,0.0,0.0,-0.763,-0.735,-0.855,-1.394,Leu302,17.217509799371683,19.693382429999815,15.426307409963233
302,Gly,229,303,1.0,0.0,0.0,0.0,0.0,1.0,0.0,7.04,0.0,0.0,0.0,20.415,1.7775,36.54,0.0,15.03,0.0,0.0,0.0,0.0,1.0,0.0,0.0,-0.62,-0.732,-0.853,-0.075,Gly303,15.895170615585572,18.553038897126758,14.283020069921214
303,Leu,230,304,1.0,0.0,0.0,1.0,0.0,0.0,23.92,0.0,0.0,0.0,0.0,21.473,1.8792,54.59,14.43,0.2,0.0,0.0,0.0,0.0,1.0,0.0,0.0,-0.656,-0.735,-0.855,-1.135,Leu304,17.52962660361154,19.407373785711354,15.232358396680805
304,Ala,231,305,1.0,0.0,0.0,0.0,0.0,1.0,0.0,0.0,0.0,0.0,0.0,19.858,1.4187,0.0,0.0,0.0,0.0,0.0,0.0,0.0,1.0,0.0,0.0,-0.489,-0.787,-0.39,-1.605,Ala305,16.291744059714546,17.87875135137413,13.674620097757645
305,Asn,232,306,1.0,0.0,0.0,0.0,1.0,0.0,0.0,0.0,3.51,0.0,0.0,16.84,1.8271,57.5,0.0,39.78,1.89,1.0,1.0,0.0,1.0,0.0,0.0,-0.84,-0.789,-1.145,-0.689,Asn306,12.56226866921916,14.434213971210035,10.072803862799443
306,Gly,233,307,1.0,0.0,0.0,0.0,0.0,1.0,0.0,0.0,0.0,0.0,0.0,15.685,1.191,20.0,7.65,17.08,0.0,0.0,0.0,0.0,1.0,0.0,0.0,-0.667,-0.732,-0.853,-0.833,Gly307,13.544615910301093,15.113217486996527,11.302676767194225
307,Val,234,308,1.0,0.0,0.0,1.0,0.0,0.0,35.75,0.0,0.0,0.0,0.0,17.423,2.0643,15.61,47.42,0.0,0.0,0.0,0.0,0.0,1.0,0.0,0.0,-0.108,-0.36,0.323,-0.722,Val308,15.256760090737114,16.043872861768588,12.742703024448893
308,Val,235,309,1.0,0.0,0.0,0.0,0.0,1.0,0.0,0.0,0.04,0.0,0.0,15.056,1.9197,32.38,0.0,7.46,1.57,1.0,1.0,0.0,1.0,0.0,0.0,-0.769,-0.786,-1.107,-1.492,Val309,12.547341785698615,13.149996144813148,10.061989918571252
309,Ser,236,310,1.0,0.0,0.0,0.0,1.0,0.0,0.0,0.04,6.54,0.0,0.0,11.496,1.1445,23.01,0.0,39.66,0.0,0.0,0.0,1.0,1.0,0.0,0.0,-0.579,-0.406,0.475,-0.1,Ser310,9.923073599107541,10.626514323369982,7.569296798810711
310,Ala,237,311,1.0,0.0,0.0,0.0,1.0,0.0,22.78,0.0,0.0,0.0,0.0,12.608,1.9146,0.0,37.66,0.26,0.0,0.0,0.0,1.0,1.0,0.0,0.0,-0.326,-0.561,0.847,-1.191,Ala311,13.010194832571807,13.05630796575979,10.864133692593935
311,Gly,238,312,1.0,0.0,0.0,0.0,0.0,1.0,0.0,0.0,0.0,0.0,0.0,11.545,1.6298,0.56,17.32,0.0,0.0,0.0,0.0,0.0,1.0,1.0,0.0,0.718,-0.117,0.042,-1.787,Gly312,13.87453394223294,13.685627637209425,10.874198160711268
312,Ser,239,313,1.0,0.0,0.0,0.0,1.0,0.0,0.0,25.44,13.53,25.21,1.0,7.755,1.4812,15.75,0.0,17.9,0.12,1.0,1.0,1.0,1.0,0.0,0.0,-0.821,-0.797,-1.19,-0.659,Ser313,10.917232260334554,10.216632344306456,8.226123564067807
313,Ser,240,314,1.0,0.0,0.0,0.0,1.0,0.0,17.78,10.98,20.13,0.0,0.0,8.207,1.7052,0.0,16.53,4.2,0.0,0.0,0.0,0.0,1.0,0.0,0.0,-0.654,-0.797,0.803,-0.282,Ser314,12.765596134049053,11.532828846584385,11.13562354107927
314,Ile,241,315,1.0,0.0,0.0,1.0,0.0,0.0,77.91,0.0,0.0,0.0,0.0,12.759,1.3544,0.0,52.58,0.0,0.0,0.0,0.0,0.0,1.0,0.0,0.0,0.638,1.537,1.156,0.372,Ile315,16.058626941954063,14.693627062514757,13.9105385333367
315,Phe,242,316,1.0,0.0,0.0,1.0,0.0,0.0,31.05,0.0,0.0,0.0,0.0,12.047,0.9962,0.0,16.36,0.72,0.0,0.0,0.0,0.0,1.0,0.0,0.0,-0.874,-0.731,0.144,-0.269,Phe316,15.227032987240467,13.32276628799819,13.345873875600692
316,Ser,243,317,1.0,0.0,0.0,0.0,1.0,0.0,0.0,8.51,20.9,18.24,1.0,7.772,1.3547,5.81,0.0,19.88,0.04,1.0,1.0,0.0,1.0,0.0,0.0,-0.71,-0.797,-0.492,-0.574,Ser317,13.84833137377067,11.673483796334134,13.34504086260037
317,Met,244,318,1.0,0.0,0.0,1.0,0.0,0.0,37.55,5.73,4.74,2.97,1.0,12.032,2.5054,0.0,48.14,0.0,0.0,0.0,1.0,1.0,1.0,0.0,0.0,-0.105,-0.575,-0.361,0.123,Met318,17.253697871603816,15.218377304485937,16.64690337268117
318,Ser,245,319,1.0,0.0,0.0,1.0,0.0,0.0,43.19,0.0,0.0,0.0,0.0,14.673,2.0201,0.0,34.81,0.0,0.0,0.0,0.0,0.0,0.0,1.0,0.0,1.205,-0.614,1.693,0.977,Ser319,19.324977181695967,17.288851048802883,18.682610588341632
319,Phe,246,320,1.0,0.0,0.0,1.0,0.0,0.0,38.74,0.0,0.0,0.0,0.0,14.554,1.3077,0.0,39.39,0.0,0.0,0.0,0.0,0.0,1.0,0.0,0.0,-0.077,-0.731,0.104,0.133,Phe320,18.21330654203429,16.157890319054154,18.514674664929473
320,Pro,247,321,1.0,0.0,0.0,0.0,0.0,1.0,0.0,4.54,0.0,0.0,0.0,11.753,0.7792,0.0,0.0,0.0,0.0,0.0,0.0,1.0,1.0,1.0,0.0,-0.596,-0.744,-0.904,-1.24,Pro321,19.573718101680402,16.28894819973481,18.6067834656809
321,Phe,248,322,1.0,0.0,0.0,1.0,1.0,0.0,48.83,45.98,30.42,0.0,0.0,17.24,3.9032,16.09,39.61,0.0,0.0,0.0,0.0,0.0,1.0,0.0,0.0,-0.204,0.706,0.254,-0.266,Phe322,22.889816513750333,19.977966333668338,21.761235283650006
322,Leu,249,323,1.0,0.0,0.0,1.0,0.0,0.0,61.06,1.45,0.0,0.0,0.0,18.422,2.685,0.0,35.38,0.0,0.0,0.0,0.0,0.0,0.0,1.0,0.0,0.005,-0.388,0.107,0.101,Leu323,22.920870101538494,20.627077445372294,23.420811706974412
323,Ile,250,324,1.0,0.0,0.0,0.0,0.0,1.0,0.0,1.16,0.0,0.0,0.0,16.141,2.6604,0.0,0.0,0.0,0.0,0.0,0.0,0.0,1.0,0.0,0.0,-0.578,-0.098,0.057,1.129,Ile324,22.333888241056137,19.264283755041543,22.906456784075683
324,Arg,251,325,1.0,0.0,0.0,0.0,1.0,0.0,2.06,90.12,21.88,0.0,0.0,19.43,3.4516,39.29,0.0,0.0,0.0,0.0,0.0,0.0,0.0,0.0,1.0,1.075,0.67,-0.082,-1.163,Arg325,24.932378714926998,21.210510998630316,25.36881581767444
325,Met,252,326,1.0,0.0,0.0,1.0,0.0,0.0,51.36,49.11,0.4,0.0,0.0,21.881,1.9362,56.21,33.58,0.0,0.0,0.0,0.0,0.0,0.0,1.0,0.0,0.578,0.575,-0.275,2.595,Met326,27.431786235377977,24.28264719567448,27.69420802917334
326,Leu,253,327,1.0,0.0,0.0,1.0,0.0,0.0,34.86,0.38,0.0,0.0,0.0,21.609,2.8365,0.23,19.61,0.0,0.0,0.0,0.0,0.0,1.0,0.0,0.0,0.369,-0.397,1.047,-1.732,Leu327,26.98951539379354,24.269536410278636,27.62598376172266
327,Gly,254,328,1.0,0.0,0.0,0.0,0.0,0.0,0.0,23.26,0.0,0.0,0.0,21.993,3.5587,11.34,0.0,0.0,0.0,0.0,0.0,0.0,0.0,0.0,1.0,1.113,-0.388,0.212,1.033,Gly328,27.35029419219885,24.540066179901125,28.05897020506952
328,Asp,255,329,0.0,0.0,1.0,0.0,0.0,0.0,0.0,50.41,0.0,0.0,0.0,24.879,5.6207,70.36,0.0,0.0,0.0,0.0,0.0,0.0,0.0,0.0,1.0,2.791,1.825,2.257,0.004,Asp329,30.6269033580016,27.384858688713003,31.495661745755033
329,Lys,256,330,0.0,0.0,1.0,0.0,0.0,0.0,61.28,42.01,0.0,0.0,0.0,26.407,6.3501,88.01,30.8,0.0,0.0,0.0,0.0,0.0,0.0,0.0,0.0,0.497,-0.06,2.107,2.029,Lys330,32.0743102470258,29.135165097964695,32.43209232151855
330,Ile,257,331,0.0,0.0,1.0,0.0,0.0,0.0,41.4,28.31,0.0,0.0,0.0,25.044,1.957,30.7,25.93,0.0,0.0,0.0,0.0,0.0,0.0,0.0,1.0,-0.383,-0.571,-0.265,0.515,Ile331,30.62337343305766,29.490071429732996,31.129710659949716
331,Lys,258,332,0.0,0.0,1.0,0.0,0.0,0.0,0.22,91.69,0.0,0.0,0.0,27.8,4.3021,70.93,0.0,0.0,0.0,0.0,0.0,0.0,0.0,0.0,0.0,-0.416,0.109,0.316,-0.344,Lys332,29.683200406392746,27.4121233044204,30.440917625639766
332,Leu,259,333,0.0,0.0,1.0,0.0,0.0,0.0,0.0,26.66,0.0,0.0,0.0,21.437,3.3371,14.04,0.0,0.0,0.0,0.0,0.0,0.0,0.0,0.0,1.0,-0.765,-0.735,-0.855,-1.074,Leu333,26.26023109469507,24.153234056095794,26.85851663692694
333,Ala,260,334,1.0,0.0,0.0,0.0,0.0,0.0,5.63,7.93,0.0,0.0,0.0,23.778,2.2321,27.1,0.0,0.0,0.0,0.0,0.0,0.0,0.0,0.0,1.0,-0.021,-0.787,-0.297,-0.457,Ala334,27.128700995574896,25.390930002275077,27.32201123564202
334,Gln,261,335,1.0,0.0,0.0,1.0,0.0,0.0,61.05,10.56,0.0,0.0,0.0,25.484,3.0197,40.58,4.48,0.0,0.0,0.0,0.0,0.0,0.0,1.0,1.0,0.256,-0.533,0.523,0.027,Gln335,27.7834952124486,25.629057804542448,27.735486692121484
335,Thr,262,336,1.0,0.0,0.0,0.0,0.0,1.0,0.0,0.85,0.0,0.0,0.0,19.842,0.8621,0.0,0.0,0.0,0.0,0.0,0.0,0.0,1.0,0.0,0.0,-0.507,-0.586,-1.158,-0.585,Thr336,24.58091076848468,22.383868133611067,24.646472288539808
336,Phe,263,337,1.0,0.0,0.0,0.0,1.0,0.0,0.0,21.3,11.99,0.0,0.0,18.745,1.5215,22.29,0.0,0.0,0.0,0.0,0.0,0.0,1.0,0.0,0.0,-0.498,-0.37,-0.845,-1.14,Phe337,22.618041293356573,20.628372833576584,22.55475587603563
337,Gln,264,338,1.0,0.0,0.0,1.0,0.0,0.0,48.28,0.0,0.0,0.0,0.0,24.231,2.4407,21.42,37.72,0.0,0.0,0.0,0.0,0.0,1.0,1.0,0.0,-0.773,-0.289,-1.059,-1.18,Gln338,24.866336594931926,23.27246576410109,24.54324185550866
338,Val,265,339,1.0,0.0,0.0,1.0,0.0,0.0,50.32,0.0,0.0,0.0,0.0,21.378,1.3043,0.0,45.55,0.0,0.0,0.0,0.0,0.0,1.0,0.0,0.0,-0.504,-0.786,-0.382,-0.709,Val339,24.13302969861534,22.7964697701345,23.72297365250572
339,Leu,266,340,1.0,0.0,0.0,0.0,0.0,1.0,0.0,0.0,0.0,0.0,0.0,16.466,1.3437,0.0,0.0,0.0,0.0,0.0,0.0,0.0,1.0,0.0,0.0,-0.979,-0.735,-0.855,-0.063,Leu340,20.312282163890348,19.045575407806435,19.978640416347066
340,Ser,267,341,1.0,0.0,0.0,0.0,0.0,1.0,2.9,0.0,0.0,0.0,0.0,20.387,1.7133,0.0,0.0,0.0,0.0,0.0,0.0,0.0,1.0,0.0,0.0,-0.95,-0.797,-1.19,-0.815,Ser341,20.93541399790781,20.242641974867464,20.56099100758497
341,Thr,268,342,1.0,0.0,0.0,1.0,0.0,0.0,58.73,0.0,0.0,0.0,0.0,22.474,2.1183,0.0,42.64,0.0,0.0,0.0,0.0,0.0,0.0,0.0,0.0,0.972,-0.147,1.548,-0.239,Thr342,22.568853511010037,22.02107073546059,22.32913123150944
342,Phe,269,343,1.0,0.0,0.0,1.0,0.0,0.0,31.5,0.0,0.0,0.0,0.0,17.362,1.2722,0.0,48.84,0.0,0.0,0.0,0.0,0.0,1.0,0.0,0.0,-0.38,-0.731,0.09,-0.181,Phe343,19.297698666556254,19.014012936619515,19.330522794253476
343,Met,270,344,1.0,0.0,0.0,0.0,0.0,1.0,0.0,0.0,0.0,0.0,0.0,17.035,1.2724,0.0,0.0,0.0,0.0,0.0,0.0,0.0,1.0,0.0,0.0,-0.723,-0.568,-1.117,0.266,Met344,17.922550450912095,17.439924383077834,17.303845779410924
344,Phe,271,345,1.0,0.0,0.0,1.0,0.0,0.0,73.33,0.0,0.0,0.0,0.0,24.235,0.5829,0.0,78.56,0.0,0.0,0.0,0.0,0.0,1.0,0.0,0.0,-0.336,-0.004,0.809,-1.73,Phe345,21.387341741838345,21.00954300106506,20.4260631653106
345,Val,272,346,1.0,0.0,0.0,1.0,0.0,0.0,44.29,0.0,0.0,0.0,0.0,21.73,1.207,0.0,53.32,0.0,0.0,0.0,0.0,0.0,1.0,0.0,0.0,0.063,2.075,0.323,-1.497,Val346,21.16004934588197,20.88580338571094,20.087960274359705
346,Leu,273,347,1.0,0.0,0.0,0.0,0.0,1.0,0.0,1.15,0.0,0.0,0.0,17.951,1.5674,0.0,0.0,0.0,0.0,0.0,0.0,0.0,1.0,0.0,0.0,-0.881,-0.735,-0.217,-0.737,Leu347,17.773609987393407,18.21607767534731,16.64222975669732
347,Met,274,348,1.0,0.0,0.0,1.0,0.0,0.0,33.06,0.0,0.0,0.0,0.0,23.336,1.0188,0.0,49.71,0.0,0.0,0.0,0.0,0.0,1.0,0.0,0.0,-0.422,-0.156,2.027,0.859,Met348,19.753162357870615,20.81813504070791,18.46381415349027
348,Leu,275,349,1.0,0.0,0.0,1.0,0.0,0.0,69.19,13.32,0.0,0.0,0.0,25.44,0.9835,0.0,79.18,0.0,0.0,0.0,0.0,0.0,0.0,0.0,0.0,-0.047,-0.367,1.058,0.099,Leu349,22.444680628436835,23.350277830431626,20.955087044262267
349,Leu,276,350,1.0,0.0,0.0,1.0,0.0,0.0,25.41,0.07,0.0,0.0,0.0,21.976,2.2443,0.0,34.02,0.0,0.0,0.0,0.0,0.0,1.0,0.0,0.0,-0.979,-0.735,-0.855,-0.062,Leu350,20.273511823408857,21.228246994772462,18.54888290194247
350,Ser,277,351,1.0,0.0,0.0,0.0,0.0,1.0,0.0,0.0,0.0,0.0,0.0,22.517,0.865,0.0,0.0,0.0,0.0,0.0,0.0,0.0,1.0,0.0,0.0,-0.666,-0.797,-0.473,-0.803,Ser351,18.516238890498297,20.448744026840153,17.319069295173087
351,Leu,278,352,1.0,0.0,0.0,0.0,0.0,0.0,20.7,58.61,0.0,0.0,0.0,27.0,1.3072,9.19,61.69,0.0,0.0,0.0,0.0,0.0,1.0,0.0,0.0,-0.328,-0.735,0.069,-0.961,Leu352,22.14559252200415,24.215026162519308,21.008426405027148
352,Thr,279,353,1.0,0.0,0.0,0.0,0.0,0.0,0.0,38.27,0.0,0.0,0.0,25.868,1.1412,19.1,27.01,0.0,0.0,0.0,0.0,0.0,0.0,1.0,0.0,-0.246,-0.792,-0.446,-1.11,Thr353,22.03577969581945,23.911997698971692,20.91783788446899
353,Tyr,280,354,1.0,0.0,0.0,0.0,0.0,0.0,0.0,25.28,0.0,0.0,0.0,23.153,2.0109,0.0,0.0,0.0,0.0,0.0,0.0,0.0,1.0,0.0,0.0,-0.545,-0.725,1.046,-1.111,Tyr354,19.695681975492793,22.250556282396957,19.116303362704816
354,Arg,281,355,0.0,1.0,0.0,0.0,0.0,0.0,0.0,88.97,0.0,0.0,0.0,32.075,2.6723,77.22,5.93,0.0,0.0,0.0,0.0,0.0,0.0,0.0,1.0,-0.342,-0.773,0.577,-1.935,Arg355,22.836633421684393,25.752867301091563,22.459295644701548
355,Pro,282,356,0.0,1.0,0.0,0.0,0.0,0.0,0.08,56.21,0.0,0.0,0.0,29.998,2.1534,66.03,0.0,0.0,0.0,0.0,0.0,0.0,0.0,0.0,1.0,-0.827,-0.744,-0.904,-1.906,Pro356,22.122784566592742,25.82222659351561,21.736939039873278
356,Leu,283,357,0.0,1.0,0.0,0.0,0.0,0.0,0.0,51.81,0.0,0.0,0.0,30.364,5.1905,67.47,0.0,0.0,0.0,0.0,0.0,0.0,0.0,0.0,0.0,0.052,-0.735,0.18,0.132,Leu357,24.274399517586595,27.494677015361475,23.170237009105808
357,Leu,284,358,0.0,1.0,0.0,0.0,0.0,0.0,0.0,60.54,0.0,0.0,0.0,34.628,2.706,100.76,0.0,0.0,0.0,0.0,0.0,0.0,0.0,0.0,1.0,-0.098,-0.735,-0.855,2.185,Leu358,23.80525652586245,30.35754822830017,25.99165778804777
358,Pro,285,359,0.0,1.0,0.0,0.0,0.0,0.0,0.0,23.47,0.0,0.0,0.0,37.574,4.3675,30.52,0.0,0.0,0.0,0.0,0.0,0.0,0.0,0.0,1.0,-0.475,-0.744,-0.904,1.67,Pro359,26.069527622002024,33.23081538684857,29.42626769673416
359,Ser,286,360,0.0,1.0,0.0,0.0,0.0,0.0,0.0,37.12,0.0,0.0,0.0,38.535,3.2046,62.51,0.0,0.0,0.0,0.0,0.0,0.0,0.0,0.0,1.0,0.925,-0.388,0.641,0.719,Ser360,24.471825540601948,35.27094292434864,30.850773676922948
360,Ser,287,361,0.0,1.0,0.0,0.0,0.0,0.0,0.0,50.35,0.0,0.0,0.0,34.991,2.5731,54.64,0.0,0.0,0.0,0.0,0.0,0.0,0.0,0.0,0.0,0.775,-0.603,0.523,2.268,Ser361,25.371293077959354,35.56991447582672,28.402443122749474
361,Gln,288,362,0.0,1.0,0.0,0.0,0.0,0.0,0.0,62.17,0.0,0.0,0.0,34.532,3.008,52.69,0.0,0.0,0.0,0.0,0.0,0.0,0.0,0.0,0.0,2.128,0.054,2.563,1.206,Gln362,27.724104608422348,36.09984515775975,27.996765820164217
362,Asp,289,363,0.0,1.0,0.0,0.0,0.0,0.0,0.0,70.36,0.0,0.0,0.0,39.549,3.1641,78.22,0.0,0.0,0.0,0.0,0.0,0.0,0.0,0.0,0.0,0.952,-0.53,0.238,0.636,Asp363,31.17322377388234,38.932676580110574,31.79941758717949
363,Thr,290,364,0.0,1.0,0.0,0.0,0.0,0.0,0.0,40.41,0.0,0.0,0.0,39.128,4.3883,62.71,0.0,0.0,0.0,0.0,0.0,0.0,0.0,0.0,1.0,2.854,-0.361,1.613,1.359,Thr364,32.574660520679124,38.354505209901916,32.28822116927545
364,Pro,291,365,0.0,1.0,0.0,0.0,0.0,0.0,0.0,52.17,0.0,0.0,0.0,42.998,3.427,56.86,0.0,0.0,0.0,0.0,0.0,0.0,0.0,0.0,1.0,2.705,-0.417,2.415,1.944,Pro365,35.34525774678904,35.49042951643209,34.34560304502719
365,Ser,292,366,0.0,1.0,0.0,0.0,0.0,0.0,0.0,51.0,0.0,0.0,0.0,44.459,2.7964,49.87,0.0,0.0,0.0,0.0,0.0,0.0,0.0,0.0,0.0,1.697,-0.384,1.786,0.942,Ser366,34.88310676281478,36.71829248252615,36.03920243813396
366,Lys,293,367,0.0,1.0,0.0,0.0,0.0,0.0,0.0,58.29,0.0,0.0,0.0,39.451,4.5711,92.59,0.0,0.0,0.0,0.0,0.0,0.0,0.0,0.0,1.0,1.541,-0.424,-0.073,1.984,Lys367,38.36041176139192,37.03659774928506,32.75513185736679
367,Arg,294,368,0.0,1.0,0.0,0.0,0.0,0.0,0.0,75.94,0.0,0.0,0.0,42.339,5.9467,115.34,0.0,0.0,0.0,0.0,0.0,0.0,0.0,0.0,1.0,2.292,-0.201,2.468,2.131,Arg368,39.58934085811215,37.92998054751266,32.62371480769973
368,Gly,295,369,0.0,1.0,0.0,0.0,0.0,0.0,0.0,31.18,0.0,0.0,0.0,43.28,4.6892,31.39,0.0,0.0,0.0,0.0,0.0,0.0,0.0,0.0,0.0,1.111,0.123,1.144,1.919,Gly369,40.6242556086268,34.52695966755072,34.984150760560446
369,Val,296,370,0.0,1.0,0.0,0.0,0.0,0.0,0.0,62.06,0.0,0.0,0.0,41.592,4.2208,62.0,0.0,0.0,0.0,0.0,0.0,0.0,0.0,0.0,0.0,2.778,0.634,1.582,1.986,Val370,41.15989589812437,32.805754927486966,33.09051517625657
370,Arg,297,371,0.0,1.0,0.0,0.0,0.0,0.0,0.0,61.58,0.0,0.0,0.0,35.679,3.1831,101.32,0.0,0.0,0.0,0.0,0.0,0.0,0.0,0.0,1.0,1.036,2.916,1.957,1.14,Arg371,38.486278442647766,34.93148680466903,29.779776774304185
371,Thr,298,372,0.0,1.0,0.0,0.0,0.0,0.0,0.0,54.72,0.0,0.0,0.0,41.028,4.5033,49.25,0.0,0.0,0.0,0.0,0.0,0.0,0.0,0.0,0.0,0.168,0.064,-0.483,2.274,Thr372,38.54562225225958,34.118878764931175,31.637649422854068
372,Leu,299,373,0.0,1.0,0.0,0.0,0.0,0.0,0.0,67.01,0.0,0.0,0.0,43.668,4.6326,82.38,0.0,0.0,0.0,0.0,0.0,0.0,0.0,0.0,0.0,1.937,1.63,2.657,-0.036,Leu373,35.86644093923549,30.350021581503977,33.36751853421873
373,His,300,374,0.0,1.0,0.0,0.0,0.0,0.0,0.0,47.67,0.0,0.0,0.0,37.465,3.7809,73.59,0.0,0.0,0.0,0.0,0.0,0.0,0.0,0.0,0.0,2.164,2.545,2.377,0.99,His374,34.05547142508264,30.948365914671353,30.35125332520423
374,Gln,301,375,0.0,1.0,0.0,0.0,0.0,0.0,0.0,58.23,0.0,0.0,0.0,35.794,5.0812,58.81,0.0,0.0,0.0,0.0,0.0,0.0,0.0,0.0,0.0,0.12,0.0,-1.059,0.084,Gln375,34.288713356830044,33.038824433578455,28.213208675119976
375,Arg,302,376,0.0,1.0,0.0,0.0,0.0,0.0,0.0,107.67,0.0,0.0,0.0,42.238,4.8191,92.74,0.0,0.0,0.0,0.0,0.0,0.0,0.0,0.0,0.0,0.783,0.037,0.799,2.038,Arg376,32.97534670432966,30.304014485579547,31.106264110464654
376,Phe,303,377,0.0,1.0,0.0,0.0,0.0,0.0,0.0,46.81,0.0,0.0,0.0,40.151,7.1792,45.69,0.0,0.0,0.0,0.0,0.0,0.0,0.0,0.0,0.0,2.762,1.611,1.436,2.907,Phe377,29.972940460779384,27.846599502110095,30.879556670407066
377,Leu,304,378,0.0,1.0,0.0,0.0,0.0,0.0,0.0,46.02,0.0,0.0,0.0,34.127,4.2407,51.45,0.0,0.0,0.0,0.0,0.0,0.0,0.0,0.0,0.0,1.281,0.316,0.15,2.675,Leu378,29.438468441443618,30.516438586568103,27.07747789527303
378,Ala,305,379,0.0,1.0,0.0,0.0,0.0,0.0,0.0,46.74,0.0,0.0,0.0,36.218,2.9058,28.76,0.0,0.0,0.0,0.0,0.0,0.0,0.0,0.0,0.0,1.731,0.39,-0.392,0.389,Ala379,30.1719323012463,30.92721068352161,27.332834612187785
379,Gln,306,380,0.0,1.0,0.0,0.0,0.0,0.0,0.0,75.55,0.0,0.0,0.0,39.172,3.476,67.06,7.54,0.0,0.0,0.0,0.0,0.0,0.0,0.0,0.0,1.202,-0.29,0.626,1.689,Gln380,27.726898907271906,27.235019280943014,29.605228921374678
380,Leu,307,381,0.0,1.0,0.0,0.0,0.0,0.0,0.0,49.47,0.0,0.0,0.0,36.548,4.7794,79.23,19.02,0.0,0.0,0.0,0.0,0.0,0.0,0.0,0.0,1.511,-0.037,2.593,2.81,Leu381,25.031138963060545,27.5747244546989,28.11767741653014
381,Arg,308,382,0.0,1.0,0.0,0.0,0.0,0.0,0.0,69.71,0.0,0.0,0.0,30.904,3.3555,79.7,0.0,0.0,0.0,0.0,0.0,0.0,0.0,0.0,1.0,-0.112,0.009,-1.042,0.114,Arg382,25.924623462506617,30.30113121774333,24.51355277624539
382,Lys,309,383,0.0,1.0,0.0,0.0,0.0,0.0,0.0,83.49,0.0,0.0,0.0,35.871,4.987,91.36,1.45,0.0,0.0,0.0,0.0,0.0,0.0,0.0,0.0,-0.152,-0.493,-0.176,0.334,Lys383,25.99112500666333,29.75632082443556,25.99038783183861
383,Tyr,310,384,0.0,1.0,0.0,0.0,0.0,0.0,0.0,100.5,0.0,0.0,0.0,36.477,6.0926,98.48,0.0,0.0,0.0,0.0,0.0,0.0,0.0,0.0,0.0,-0.325,-0.725,-0.824,1.934,Tyr384,22.47964694507271,30.902386424625252,27.171496589721194
384,Phe,311,385,0.0,1.0,0.0,0.0,0.0,0.0,0.0,35.79,0.0,0.0,0.0,34.07,4.1506,40.52,0.88,0.0,0.0,0.0,0.0,0.0,0.0,0.0,0.0,0.022,-0.349,-0.845,-0.516,Phe385,20.918508091043826,27.558811510507105,24.703197742219043
385,Asn,312,386,0.0,1.0,0.0,0.0,0.0,0.0,0.0,22.08,0.0,0.0,0.0,29.529,3.6258,26.34,25.21,0.0,0.0,0.0,0.0,0.0,0.0,0.0,1.0,-0.648,-0.789,-1.145,-0.308,Asn386,21.39996354411079,25.865773244149523,21.775274744803234
386,Met,313,387,0.0,1.0,0.0,0.0,0.0,0.0,0.0,71.15,0.0,0.0,0.0,32.172,5.5875,65.67,0.0,0.0,0.0,0.0,0.0,0.0,0.0,0.0,0.0,-0.031,-0.553,0.608,1.281,Met387,21.122793856847856,28.574747601038307,23.759557170266348
387,Arg,314,388,0.0,1.0,0.0,0.0,0.0,0.0,0.0,73.14,0.0,0.0,0.0,33.084,3.578,69.23,0.0,0.0,0.0,0.0,0.0,0.0,0.0,0.0,0.0,-0.335,-0.511,-0.218,-0.893,Arg388,22.541859663865107,27.725028901553838,23.61327479161716
388,Val,315,389,0.0,1.0,0.0,0.0,0.0,0.0,0.0,28.01,0.0,0.0,0.0,26.573,3.1388,0.0,0.0,0.0,0.0,0.0,0.0,0.0,0.0,0.0,0.0,-0.695,-0.575,-1.107,-0.47,Val389,19.125608024561664,24.052796964808646,19.809942108038513
389,Phe,316,390,0.0,1.0,0.0,1.0,0.0,0.0,60.65,17.98,0.0,0.0,0.0,27.128,5.5223,54.83,33.02,0.0,0.0,0.0,0.0,0.0,0.0,0.0,0.0,-0.736,-0.731,-0.845,-0.7,Phe390,19.773454897950444,25.451557242297635,20.343728814782995
390,Arg,317,391,0.0,1.0,0.0,1.0,0.0,0.0,45.89,72.56,0.0,0.0,0.0,31.464,5.9347,102.05,0.0,0.0,0.0,0.0,0.0,0.0,0.0,0.0,0.0,0.784,-0.48,-0.157,1.154,Arg391,23.380820822691927,28.048251012239547,22.988720437958353
391,Gln,318,392,0.0,1.0,0.0,0.0,0.0,0.0,0.0,26.0,0.0,0.0,0.0,27.881,3.2202,52.09,0.0,0.0,0.0,0.0,0.0,0.0,0.0,0.0,1.0,0.31,-0.281,2.106,0.117,Gln392,22.262824498595712,25.46507764009858,21.536334944993108
392,Arg,319,393,0.0,1.0,0.0,1.0,0.0,0.0,56.21,24.62,0.0,0.0,0.0,30.762,8.2808,55.83,4.45,0.0,0.0,0.0,0.0,0.0,0.0,0.0,1.0,0.625,-0.523,1.318,-0.115,Arg393,22.90326425102622,25.895114097975537,22.11224145227483
393,Thr,320,394,1.0,0.0,0.0,0.0,0.0,1.0,0.0,19.07,0.0,0.0,0.0,25.335,4.6778,49.95,0.0,0.0,0.0,0.0,0.0,0.0,1.0,0.0,0.0,-0.787,-0.792,-1.158,1.416,Thr394,20.827534295337458,22.988646027089736,19.238906027771737
394,Tyr,321,395,1.0,0.0,0.0,0.0,0.0,1.0,0.0,15.93,0.0,0.0,0.0,22.973,3.2579,13.22,0.0,0.0,0.0,0.0,0.0,0.0,1.0,0.0,0.0,-0.872,-0.725,-0.824,-1.468,Tyr395,17.596229042440452,20.54778380724172,16.70832621302843
395,Arg,322,396,1.0,0.0,0.0,1.0,0.0,0.0,62.38,0.0,0.0,0.0,0.0,24.885,4.5791,9.98,21.84,0.0,0.0,0.0,0.0,0.0,1.0,0.0,0.0,-0.738,-0.509,-0.112,2.031,Arg396,18.333727894541312,21.76020131130257,18.57335138937234
396,Ile,323,397,1.0,0.0,0.0,1.0,0.0,0.0,26.63,0.0,0.0,0.0,0.0,24.591,5.2924,0.0,1.62,0.0,0.0,0.0,0.0,0.0,1.0,0.0,0.0,0.055,-0.372,-1.122,0.606,Ile397,19.00434799965702,21.58213816872449,18.7696320701531
397,Trp,324,398,1.0,0.0,0.0,0.0,0.0,1.0,0.0,31.63,0.0,0.0,0.0,17.833,3.3055,0.0,0.0,0.36,0.0,0.0,0.0,0.0,1.0,0.0,0.0,-0.948,-0.647,-0.594,-0.292,Trp398,16.0218300881077,18.03229204319575,15.00836652976192
398,Ala,325,399,1.0,0.0,0.0,1.0,0.0,0.0,29.15,0.0,0.0,0.0,0.0,20.093,1.88,0.0,0.0,0.0,0.0,0.0,0.0,0.0,1.0,0.0,0.0,-0.705,-0.357,-1.124,-0.175,Ala399,13.465093263248434,16.76247770186612,14.819365157980364
399,Phe,326,400,1.0,0.0,0.0,1.0,0.0,0.0,104.56,0.0,0.0,0.0,0.0,21.489,4.8323,0.0,46.24,0.0,0.0,0.0,0.0,0.0,1.0,0.0,0.0,-0.653,-0.731,-0.845,0.902,Phe400,15.40695201381517,18.76911865832697,17.04601475743398
400,Gly,327,401,1.0,0.0,0.0,1.0,0.0,0.0,5.72,0.0,0.0,0.0,0.0,17.961,1.553,0.0,0.04,0.0,0.0,0.0,0.0,0.0,1.0,1.0,0.0,-0.638,-0.732,-0.853,1.291,Gly401,15.55774908515428,17.44489588394847,15.2222408136564
401,Ile,328,402,1.0,0.0,0.0,0.0,0.0,1.0,0.0,7.75,2.58,0.0,0.0,14.555,1.6124,17.9,0.0,11.35,0.0,0.0,0.0,0.0,1.0,0.0,0.0,-0.57,-0.788,-0.407,1.297,Ile402,11.756183106209704,13.719225881958554,11.698377063232279
402,Ala,329,403,1.0,0.0,0.0,1.0,0.0,0.0,29.22,0.0,0.0,0.0,0.0,16.329,1.5923,0.0,21.21,0.0,0.0,0.0,0.0,0.0,1.0,0.0,0.0,-0.927,-0.787,-1.124,0.796,Ala403,11.79437912610392,14.722234862207484,13.673206835636595
403,Ala,330,404,1.0,0.0,0.0,1.0,0.0,0.0,29.52,0.0,0.0,0.0,0.0,16.498,1.8174,0.0,37.57,0.0,0.0,0.0,0.0,0.0,1.0,0.0,0.0,-0.715,-0.57,-0.441,0.562,Ala404,14.862934962391824,16.733741255770777,15.601882341438314
404,Ala,331,405,1.0,0.0,0.0,0.0,0.0,1.0,0.0,2.83,0.09,0.0,0.0,12.783,1.5923,0.0,0.0,0.0,0.0,0.0,0.0,1.0,1.0,0.0,0.0,-0.929,-0.787,-0.389,-0.374,Ala405,13.493842454760943,14.331187540432348,12.639629229177373
405,Ala,332,406,1.0,0.0,0.0,0.0,0.0,1.0,0.0,18.26,8.8,0.0,0.0,11.477,1.025,0.0,0.05,6.59,0.0,0.0,0.0,0.0,1.0,0.0,0.0,-0.536,-0.787,-0.354,2.16,Ala406,10.560394522165893,11.322121116881789,11.485672448600578
406,Leu,333,407,1.0,0.0,0.0,1.0,0.0,0.0,36.45,0.0,0.0,0.0,0.0,15.011,1.7456,0.0,57.82,0.0,0.0,0.0,0.0,0.0,1.0,0.0,0.0,-0.979,-0.735,-0.855,1.177,Leu407,13.535060290115739,13.912380522868661,15.128702628041015
407,Gly,334,408,1.0,0.0,0.0,0.0,0.0,1.0,0.0,4.56,0.0,0.0,0.0,12.288,1.5008,0.0,0.0,0.0,0.0,0.0,0.0,1.0,1.0,1.0,0.0,-0.803,-0.732,-0.853,-1.154,Gly408,14.900550828786546,14.257807197036952,15.61707649240168
408,Tyr,335,409,1.0,0.0,0.0,0.0,1.0,0.0,0.0,71.95,45.84,18.73,1.0,8.636,0.7014,18.03,0.0,11.31,7.61,1.0,1.0,1.0,1.0,0.0,0.0,-0.77,-0.725,-0.824,-0.107,Tyr409,12.027526512678483,11.320844873822203,12.653881603134149
409,Phe,336,410,1.0,0.0,0.0,0.0,1.0,0.0,0.0,52.5,79.54,15.69,1.0,6.461,4.5627,34.35,0.0,44.96,19.75,1.0,1.0,1.0,1.0,0.0,0.0,-0.539,-0.731,-0.845,-0.991,Phe410,11.489529270707564,9.218077446131977,11.985499941183866
410,Val,337,411,1.0,0.0,0.0,0.0,0.0,1.0,0.0,0.0,0.0,0.0,0.0,10.805,2.4153,4.13,0.0,0.0,0.0,0.0,0.0,0.0,1.0,0.0,0.0,-0.613,-0.359,-1.107,0.111,Val411,15.315920435261933,12.629471688635617,15.663327938555007
411,Pro,338,412,1.0,0.0,0.0,0.0,1.0,0.0,0.0,28.61,18.07,0.0,0.0,9.81,1.3773,25.88,0.0,0.0,0.0,0.0,0.0,0.0,1.0,1.0,0.0,-0.968,-0.744,-0.904,-1.609,Pro412,16.526029963130906,13.675391528975254,17.07169304873269
412,Tyr,339,413,1.0,0.0,0.0,0.0,1.0,0.0,0.0,71.46,59.27,30.7,1.0,7.649,1.3486,66.79,0.0,51.33,19.05,1.0,1.0,1.0,1.0,0.0,0.0,-0.753,-0.725,-0.824,1.703,Tyr413,14.36558485353349,10.854832738929803,16.315076414566995
413,Val,340,414,1.0,0.0,0.0,0.0,1.0,0.0,0.0,55.26,65.21,0.0,0.0,9.298,2.6908,20.01,0.0,0.0,0.0,0.0,0.0,0.0,1.0,0.0,0.0,1.005,-0.786,-0.262,-0.006,Val414,15.703400465498705,11.914131681646953,17.411961762779775
414,His,341,415,1.0,0.0,0.0,0.0,1.0,0.0,0.0,0.0,7.01,0.0,0.0,13.008,1.6162,8.09,0.0,0.0,0.0,0.0,0.0,0.0,1.0,0.0,0.0,-0.583,-0.781,-1.1,-0.83,His415,19.25338153639131,15.478544606316309,20.613381155108506
415,Leu,342,416,1.0,0.0,0.0,0.0,0.0,0.0,0.0,20.61,0.0,0.0,0.0,12.519,1.7724,35.48,0.0,0.0,0.0,0.0,0.0,1.0,1.0,0.0,0.0,-0.756,-0.735,-0.855,-1.178,Leu416,20.255576703395803,16.768081792591786,21.019517396149602
416,Met,343,417,1.0,0.0,0.0,0.0,1.0,0.0,0.0,56.64,52.53,0.0,0.0,12.064,1.5389,29.01,0.0,0.0,0.0,0.0,0.0,1.0,1.0,0.0,0.0,0.826,1.08,1.508,-0.341,Met417,21.82117002238173,17.602404763590705,21.77194819539355
417,Lys,344,418,0.0,0.0,1.0,0.0,1.0,0.0,0.0,59.86,38.35,0.0,0.0,16.462,2.117,48.63,0.0,0.0,0.0,0.0,0.0,0.0,0.0,0.0,1.0,0.33,-0.489,-0.168,0.396,Lys418,23.944930441572204,20.032753103998424,24.55178215429961
418,Tyr,345,419,0.0,0.0,1.0,0.0,0.0,0.0,0.0,32.37,0.0,0.0,0.0,18.085,4.0632,33.92,0.0,0.0,0.0,0.0,0.0,0.0,0.0,0.0,1.0,-0.442,-0.725,1.046,-0.078,Tyr419,24.9530421015202,21.463122272774214,25.631822126280614
419,Val,346,420,0.0,0.0,1.0,0.0,0.0,0.0,0.0,24.52,0.0,0.0,0.0,17.459,2.4029,0.94,0.0,0.0,0.0,0.0,0.0,0.0,0.0,0.0,1.0,-0.39,-0.571,-1.107,-0.997,Val420,26.255943618353566,22.537610252203624,26.548071984608608
420,Glu,347,421,0.0,0.0,1.0,0.0,0.0,0.0,0.0,53.14,0.0,0.0,0.0,19.688,4.4228,48.22,0.0,0.0,0.0,0.0,0.0,0.0,0.0,0.0,1.0,0.208,-0.208,-0.116,0.572,Glu421,28.108465162753465,24.43728875704981,28.92157533824946
421,Glu,348,422,0.0,0.0,1.0,0.0,0.0,0.0,0.0,66.14,0.0,0.0,0.0,21.848,5.7831,61.46,0.0,0.0,0.0,0.0,0.0,0.0,0.0,0.0,1.0,0.15,-0.207,2.009,0.427,Glu422,29.777081073581066,25.994185652303287,30.590161815568514
422,Glu,349,423,0.0,0.0,1.0,0.0,0.0,0.0,0.0,58.56,0.0,0.0,0.0,22.218,5.3536,52.92,0.0,0.0,0.0,0.0,0.0,0.0,0.0,0.0,1.0,0.888,-0.218,2.346,1.772,Glu423,30.66325774691807,27.523416966284042,31.160084911069088
423,Phe,350,424,0.0,0.0,1.0,0.0,0.0,0.0,0.0,112.56,0.0,0.0,0.0,25.185,6.0318,104.36,0.0,0.0,0.0,0.0,0.0,0.0,0.0,0.0,0.0,-0.87,-0.731,-0.845,0.054,Phe424,31.08250840423455,28.268005294119053,32.3777191645089
424,Ser,351,425,0.0,0.0,1.0,0.0,0.0,0.0,0.0,39.68,0.0,0.0,0.0,21.673,5.1541,33.01,0.0,0.0,0.0,0.0,0.0,0.0,0.0,0.0,0.0,0.727,2.876,2.633,0.731,Ser425,32.61258273355514,28.065688901153088,30.600940714596096
425,Glu,352,426,0.0,0.0,1.0,0.0,0.0,0.0,0.0,58.55,0.0,0.0,0.0,22.386,6.7183,66.37,0.0,0.0,0.0,0.0,0.0,0.0,0.0,0.0,0.0,0.665,0.152,-0.199,0.121,Glu426,34.3553660167883,27.43570417067271,30.114943916449846
426,Ile,353,427,0.0,0.0,1.0,0.0,0.0,0.0,0.0,64.89,15.54,0.0,0.0,18.98,5.7159,50.86,0.0,0.0,0.0,0.0,0.0,0.0,0.0,0.0,0.0,0.265,-0.22,0.483,0.908,Ile427,31.11279085986734,25.631468848214762,27.369079591230193
427,Lys,354,428,0.0,0.0,1.0,0.0,0.0,0.0,0.0,85.88,0.0,0.0,0.0,20.647,3.6471,68.97,15.32,0.0,0.0,0.0,0.0,0.0,0.0,0.0,1.0,1.143,-0.19,0.909,0.389,Lys428,30.47933171199189,24.28551006335939,27.090991846732855
428,Glu,355,429,0.0,0.0,1.0,0.0,0.0,0.0,0.0,47.98,0.0,0.0,0.0,18.293,2.3047,64.2,26.63,0.0,0.0,0.0,0.0,0.0,0.0,0.0,1.0,0.327,0.712,1.799,1.751,Glu429,27.929967269423205,23.412422260189835,25.589417614601206
429,Thr,356,430,1.0,0.0,0.0,0.0,1.0,0.0,0.0,8.64,16.74,0.0,0.0,14.243,1.9244,14.08,0.0,0.0,0.0,0.0,0.0,0.0,1.0,0.0,0.0,0.159,-0.575,1.162,-0.873,Thr430,25.10780356834831,20.307994341636494,22.55302350638665
430,Trp,357,431,1.0,0.0,0.0,0.0,1.0,0.0,0.0,82.7,39.83,0.0,0.0,13.062,3.884,19.97,25.82,0.0,0.0,0.0,0.0,1.0,1.0,0.0,0.0,-0.948,-0.647,-0.594,-0.996,Trp431,22.527914368052528,18.59995999675783,21.311058244487864
431,Val,358,432,1.0,0.0,0.0,1.0,0.0,0.0,19.97,52.96,0.0,0.0,0.0,16.334,2.0392,30.99,24.46,0.0,0.0,0.0,0.0,0.0,1.0,0.0,0.0,0.037,-0.786,0.76,-0.486,Val432,23.46809247741372,20.320085268970182,22.78182955244427
432,Leu,359,433,1.0,0.0,0.0,0.0,0.0,1.0,0.0,25.61,0.0,0.0,0.0,14.204,1.829,1.15,0.0,0.0,0.0,0.0,0.0,0.0,1.0,0.0,0.0,-0.665,-0.735,-0.855,-1.397,Leu433,21.25130121691077,18.43157007054162,21.008402718781596
433,Leu,360,434,1.0,0.0,0.0,0.0,1.0,0.0,0.0,58.0,40.36,38.3,1.0,8.602,1.5541,0.0,0.0,0.0,0.0,0.0,1.0,0.0,1.0,0.0,0.0,-0.768,-0.735,0.101,-0.135,Leu434,18.030576210407826,14.923099608872832,17.603250046770828
434,Val,361,435,1.0,0.0,0.0,1.0,0.0,0.0,16.34,27.12,0.73,0.0,0.0,13.076,2.031,0.0,22.02,0.0,0.0,0.0,0.0,0.0,1.0,0.0,0.0,-0.627,-0.786,-1.107,-1.48,Val435,19.318365136458027,16.38269234694461,18.634625496465663
435,Cys,362,436,1.0,0.0,0.0,1.0,0.0,0.0,17.38,1.62,0.0,0.0,0.0,13.738,1.3105,0.0,14.77,0.0,0.0,0.0,0.0,0.0,1.0,0.0,0.0,-0.801,-0.719,-0.807,-0.866,Cys436,19.99988461832744,17.482039984944613,19.619793986498227
436,Ile,363,437,1.0,0.0,0.0,0.0,1.0,0.0,0.0,48.28,35.76,0.08,0.0,9.43,0.7331,10.44,0.0,15.63,8.95,1.0,1.0,1.0,1.0,0.0,0.0,-0.664,-0.581,-0.292,0.217,Ile437,16.490550589938568,14.118250705602192,16.208586272392807
437,Gly,364,438,1.0,0.0,0.0,0.0,1.0,0.0,0.0,18.57,14.38,2.04,1.0,9.761,1.0587,0.0,0.0,0.0,0.78,1.0,1.0,0.0,1.0,1.0,0.0,-0.953,-0.732,-0.853,-0.646,Gly438,14.974978122495111,12.988824101046466,14.580831777977062
438,Ala,365,439,1.0,0.0,0.0,1.0,0.0,0.0,39.5,0.0,0.0,0.0,0.0,13.621,1.7073,0.0,32.12,0.0,0.0,0.0,0.0,0.0,1.0,0.0,0.0,-0.708,-0.787,-0.332,-1.01,Ala439,17.692517499417264,16.368999167390626,17.18337253545448
439,Thr,366,440,1.0,0.0,0.0,1.0,0.0,0.0,33.89,0.0,0.0,0.0,0.0,14.116,1.8249,0.0,34.97,0.0,0.0,0.0,0.0,0.0,1.0,1.0,0.0,-0.638,-0.792,0.374,0.739,Thr440,17.4492340706114,16.290559884674643,17.178740043603618
440,Ser,367,441,1.0,0.0,0.0,0.0,1.0,0.0,0.0,7.18,1.81,0.36,0.0,10.587,0.8095,14.31,0.0,0.05,16.55,1.0,1.0,0.0,1.0,1.0,0.0,-1.008,-0.797,-1.19,-0.66,Ser441,13.638740179941877,12.732914367620623,13.476289595344252
441,Gly,368,442,1.0,0.0,0.0,1.0,0.0,0.0,16.34,0.0,0.0,0.0,0.0,12.549,1.0374,0.06,0.0,0.0,0.0,0.0,0.0,0.0,1.0,1.0,0.0,-0.475,-0.732,-0.853,0.192,Gly442,14.492174324052723,13.678254815473705,13.556966589245024
442,Leu,369,443,1.0,0.0,0.0,1.0,0.0,0.0,77.35,0.0,0.0,0.0,0.0,16.908,3.7011,0.0,73.73,0.0,0.0,0.0,0.0,0.0,0.0,0.0,0.0,-0.299,-0.117,1.196,0.991,Leu443,17.404040053847133,16.746154286072038,16.581196222452395
443,Gly,370,444,1.0,0.0,0.0,0.0,0.0,1.0,0.04,0.0,0.0,0.0,0.0,15.346,1.2171,0.0,13.18,0.0,0.0,0.0,0.0,0.0,1.0,1.0,0.0,-0.809,-0.732,-0.853,-0.657,Gly444,15.655890989247744,15.341623466532127,15.470073148304381
444,Arg,371,445,1.0,0.0,0.0,0.0,1.0,0.0,0.0,12.29,20.27,20.95,1.0,11.109,1.2676,70.05,0.0,51.43,40.25,1.0,1.0,1.0,1.0,0.0,0.0,-0.994,-0.773,-1.042,-1.353,Arg445,13.270307483597609,13.18205379625921,12.525130272323844
445,Leu,372,446,1.0,0.0,0.0,1.0,0.0,0.0,60.93,0.0,0.0,0.0,0.0,18.793,2.2316,34.72,45.16,8.38,0.0,0.0,0.0,0.0,1.0,0.0,0.0,-0.979,-0.388,-0.855,-0.043,Leu446,16.570723574098267,16.47808057506052,15.210595421005083
446,Val,373,447,1.0,0.0,0.0,1.0,0.0,0.0,40.53,0.0,0.0,0.0,0.0,20.028,1.8767,0.0,54.73,0.0,0.0,0.0,0.0,0.0,1.0,0.0,0.0,0.719,-0.078,1.631,0.507,Val447,18.626157903993,19.057933136551192,17.643905564233165
447,Ser,374,448,1.0,0.0,0.0,0.0,0.0,1.0,0.0,0.0,0.0,0.0,0.0,17.59,1.4989,0.0,0.0,0.0,0.0,0.0,0.0,0.0,1.0,0.0,0.0,-0.82,-0.797,-0.406,1.674,Ser448,16.396446535368508,17.828924084043628,15.574159561061565
448,Gly,375,449,1.0,0.0,0.0,0.0,0.0,1.0,0.0,0.0,0.0,0.0,0.0,19.214,1.2591,22.88,0.0,11.54,0.0,0.0,0.0,0.0,1.0,1.0,0.0,-0.953,-0.732,-0.853,-1.787,Gly449,15.953336089548586,16.600822665910883,14.702259127340144
449,His,376,450,1.0,0.0,0.0,1.0,0.0,0.0,57.34,33.54,0.0,0.0,0.0,24.191,2.6357,59.83,50.71,0.04,0.0,0.0,0.0,0.0,0.0,0.0,0.0,-0.181,-0.29,0.606,1.108,His450,19.777848000472282,20.245942642383902,18.489758317629267
450,Ile,377,451,1.0,0.0,0.0,1.0,0.0,0.0,46.67,0.0,0.0,0.0,0.0,22.242,2.871,0.95,54.74,0.0,0.0,0.0,0.0,0.0,1.0,0.0,0.0,-0.221,0.512,-0.361,0.095,Ile451,20.57112521538973,21.513841252915718,19.01226982397792
451,Ser,378,452,1.0,0.0,0.0,0.0,0.0,1.0,0.0,0.0,0.0,0.0,0.0,21.084,1.9201,8.1,0.0,0.15,0.0,0.0,0.0,0.0,1.0,1.0,0.0,-0.346,-0.597,-0.012,-1.247,Ser452,18.42227940293894,19.535151955031576,16.719488673443
452,Asp,379,453,1.0,0.0,0.0,0.0,0.0,0.0,0.0,26.93,0.0,0.0,0.0,24.559,2.1931,62.51,0.0,5.63,0.0,0.0,0.0,0.0,1.0,1.0,0.0,-0.994,-0.774,-1.041,-1.404,Asp453,20.642931139504384,21.132261142924854,19.02451590927908
453,Ser,380,454,1.0,0.0,0.0,1.0,0.0,0.0,14.15,42.51,0.0,0.0,0.0,26.705,2.9742,45.52,31.55,0.0,0.0,0.0,0.0,0.0,0.0,1.0,0.0,-0.126,-0.597,1.305,1.279,Ser454,23.752389968533397,24.520243498039967,22.088674340932176
454,Ile,381,455,1.0,0.0,0.0,1.0,0.0,0.0,26.13,21.14,0.0,0.0,0.0,25.7,2.2322,44.77,30.19,0.0,0.0,0.0,0.0,0.0,1.0,0.0,0.0,-0.721,-0.788,-1.122,2.228,Ile455,22.989904441657472,24.5348196833998,21.647400234057994
455,Pro,382,456,0.0,1.0,0.0,0.0,0.0,0.0,0.69,55.0,0.0,0.0,0.0,29.147,2.4614,65.02,0.0,0.0,0.0,0.0,0.0,0.0,0.0,0.0,1.0,-0.052,-0.744,-0.904,2.45,Pro456,24.157355948677573,26.09403265814552,22.447139863308955
456,Gly,383,457,0.0,1.0,0.0,0.0,0.0,0.0,0.0,24.98,0.0,0.0,0.0,26.732,2.1993,24.5,0.0,0.0,0.0,0.0,0.0,0.0,0.0,0.0,1.0,-0.809,-0.732,-0.853,0.099,Gly457,22.484015792342667,23.826684500757978,20.154067901155322
457,Leu,384,458,0.0,1.0,0.0,0.0,0.0,0.0,0.0,50.71,0.0,0.0,0.0,29.748,3.7944,76.04,0.0,0.0,0.0,0.0,0.0,0.0,0.0,0.0,1.0,0.132,-0.735,0.119,0.165,Leu458,20.819505093172772,24.82472569028387,21.917859547518095
458,Lys,385,459,1.0,0.0,0.0,1.0,0.0,0.0,26.25,40.65,0.0,0.0,0.0,28.344,4.5947,64.84,7.26,0.0,0.0,0.0,0.0,0.0,0.0,0.0,1.0,0.428,-0.762,-0.981,0.262,Lys459,22.233742552933524,23.880119750176632,21.163937912064952
459,Lys,386,460,1.0,0.0,0.0,0.0,0.0,0.0,0.0,27.66,0.0,0.0,0.0,23.175,1.9442,34.36,0.0,0.0,0.0,0.0,0.0,0.0,0.0,0.0,1.0,-1.0,-0.762,-0.981,1.363,Lys460,18.891884832995956,20.222001574506713,17.43430866483113
460,Ile,387,461,1.0,0.0,0.0,0.0,0.0,0.0,0.0,40.17,0.0,0.0,0.0,23.163,1.976,0.19,0.0,0.0,0.0,0.0,0.0,0.0,1.0,0.0,0.0,-0.67,-0.788,-1.122,1.163,Ile461,17.66805693144,20.21077551620687,16.990650291880666
461,Tyr,388,462,1.0,0.0,0.0,1.0,0.0,0.0,40.17,8.54,0.0,0.0,0.0,24.672,2.2349,26.41,44.17,0.0,0.0,0.0,0.0,0.0,1.0,0.0,0.0,-0.663,-0.725,-0.824,-0.232,Tyr462,20.168529644976203,21.720045731869053,18.77030916124934
462,Leu,389,463,1.0,0.0,0.0,1.0,0.0,0.0,24.24,0.0,0.0,0.0,0.0,21.049,3.1735,0.0,16.51,0.0,0.0,0.0,0.0,0.0,1.0,0.0,0.0,-0.563,-0.735,0.023,0.123,Leu463,18.189660520043443,19.57055202652625,16.896602479628605
463,Gln,390,464,1.0,0.0,0.0,0.0,0.0,1.0,0.0,16.2,0.0,0.0,0.0,17.228,2.5115,0.0,0.0,0.0,0.0,0.0,0.0,0.0,1.0,0.0,0.0,-1.007,-0.775,-1.059,0.628,Gln464,15.178203147829318,16.536815039377327,13.875884158398135
464,Val,391,465,1.0,0.0,0.0,0.0,0.0,1.0,0.0,2.27,0.0,0.0,0.0,20.005,1.5983,0.0,21.34,0.0,0.0,0.0,0.0,0.0,1.0,0.0,0.0,-0.698,-0.786,-1.107,0.6,Val465,17.977545153922186,18.778645982390774,16.604408458648187
465,Leu,392,466,1.0,0.0,0.0,1.0,0.0,0.0,56.3,0.0,0.0,0.0,0.0,21.075,4.1735,0.0,57.81,0.0,0.0,0.0,0.0,0.0,1.0,0.0,0.0,0.631,-0.067,-0.132,0.341,Leu466,19.37641171238038,19.08408509079852,18.224408624087012
466,Ser,393,467,1.0,0.0,0.0,0.0,0.0,1.0,0.0,0.0,0.0,0.0,0.0,15.754,1.9035,0.0,0.0,0.0,0.0,0.0,0.0,0.0,1.0,0.0,0.0,-0.834,-0.59,-1.19,-0.844,Ser467,16.143719578615244,15.428171942218146,15.171885114637327
467,Phe,394,468,1.0,0.0,0.0,0.0,0.0,1.0,0.0,0.0,0.0,0.0,0.0,14.885,0.8826,0.0,0.0,0.0,0.0,0.0,0.0,0.0,1.0,0.0,0.0,-0.978,-0.731,-0.845,1.557,Phe468,15.771088387026069,15.342725681008037,14.5381739487076
468,Leu,395,469,1.0,0.0,0.0,1.0,0.0,0.0,36.3,0.0,0.0,0.0,0.0,19.613,2.6356,0.0,55.83,0.0,0.0,0.0,0.0,0.0,1.0,0.0,0.0,0.593,-0.396,1.165,1.887,Leu469,19.56677436517055,18.86137186447398,18.298004216623028
469,Leu,396,470,1.0,0.0,0.0,1.0,0.0,0.0,59.11,0.0,0.0,0.0,0.0,18.163,2.5068,0.0,58.96,0.0,0.0,0.0,0.0,0.0,1.0,0.0,0.0,0.644,-0.735,-0.855,0.605,Leu470,19.6494498468182,18.492871418553634,18.74484569030644
470,Leu,397,471,1.0,0.0,0.0,0.0,1.0,0.0,0.0,7.65,20.46,0.0,0.0,11.888,1.1288,0.2,0.0,7.5,0.0,0.0,0.0,1.0,1.0,0.0,0.0,-0.459,-0.735,0.107,-0.104,Leu471,16.73329037942204,15.580071869020866,16.05336620592214
471,Gly,398,472,1.0,0.0,0.0,0.0,0.0,1.0,0.0,0.0,0.0,0.0,0.0,15.122,1.4451,0.0,0.0,0.0,0.0,0.0,0.0,0.0,1.0,0.0,0.0,-0.953,-0.732,-0.853,-0.887,Gly472,18.67904486067325,17.516407406042138,17.8632215701148
472,Leu,399,473,1.0,0.0,0.0,1.0,0.0,0.0,66.99,0.0,0.0,0.0,0.0,19.494,3.6621,0.0,63.53,0.0,0.0,0.0,0.0,0.0,1.0,0.0,0.0,0.11,-0.735,0.603,-0.807,Leu473,21.987681123929978,20.790962676009784,21.21007729076834
473,Met,400,474,1.0,0.0,0.0,1.0,0.0,0.0,26.74,0.76,0.0,0.0,0.0,16.922,1.592,0.0,51.02,0.0,0.0,0.0,0.0,0.0,1.0,0.0,0.0,-0.459,-0.784,-0.357,0.095,Met474,20.974305203363933,19.688934692091998,20.79986133183255
474,Ser,401,475,1.0,0.0,0.0,0.0,1.0,0.0,0.0,14.67,1.79,0.0,0.0,13.939,1.7006,7.98,0.0,0.0,0.0,0.0,0.0,0.0,1.0,0.0,0.0,-0.721,-0.103,-0.46,0.478,Ser475,19.790848112499877,18.76140120178614,19.484441140309134
475,Met,402,476,1.0,0.0,0.0,1.0,0.0,0.0,51.0,0.0,0.0,0.0,0.0,19.4,3.1091,0.0,39.98,0.0,0.0,0.0,0.0,0.0,1.0,0.0,0.0,0.081,-0.568,-1.117,0.236,Met476,23.282124238442258,22.082200401038232,22.727962526233014
476,Met,403,477,1.0,0.0,0.0,1.0,0.0,0.0,68.34,0.07,0.0,0.0,0.0,20.65,2.6308,0.0,93.11,0.0,0.0,0.0,0.0,0.0,1.0,0.0,0.0,-0.219,-0.784,-1.117,0.954,Met477,24.9491062628002,24.18738365183241,24.831581892236425
477,Ile,404,478,1.0,0.0,0.0,0.0,0.0,0.0,0.0,28.31,0.0,0.0,0.0,16.068,1.7869,15.71,30.8,0.0,0.0,0.0,0.0,0.0,1.0,0.0,0.0,-0.566,-0.788,-0.283,0.661,Ile478,24.011105308354534,22.87104764386165,23.93882783229594
478,Pro,405,479,1.0,0.0,0.0,0.0,0.0,0.0,3.73,14.99,0.0,0.0,0.0,19.127,3.0331,28.66,0.0,0.0,0.0,0.0,0.0,0.0,1.0,1.0,0.0,-0.846,-0.744,-0.904,-0.438,Pro479,26.996890669949806,23.63010538485288,26.11404777442946
479,Leu,406,480,1.0,0.0,0.0,1.0,0.0,0.0,48.28,68.4,0.0,0.0,0.0,23.08,3.0689,59.08,55.43,0.0,0.0,0.0,0.0,0.0,0.0,0.0,0.0,-0.55,-0.379,0.366,1.049,Leu480,29.258616983291727,26.832645129981014,29.0694473566738
480,Cys,407,481,1.0,0.0,0.0,0.0,0.0,0.0,6.81,29.39,0.0,0.0,0.0,21.161,1.7586,10.36,25.65,0.0,0.0,0.0,0.0,0.0,1.0,0.0,0.0,-0.952,-0.719,-0.807,-0.407,Cys481,29.09082150813532,26.039812598469137,28.906604754331262
481,Arg,408,482,0.0,0.0,1.0,0.0,0.0,0.0,0.0,102.77,0.0,0.0,0.0,24.755,4.9333,120.02,39.57,0.0,0.0,0.0,0.0,0.0,0.0,0.0,1.0,0.721,0.283,-0.068,1.914,Arg482,32.53361542949725,29.712581236040112,31.734076565847943
482,Asp,409,483,0.0,0.0,1.0,0.0,0.0,0.0,13.88,51.01,0.0,0.0,0.0,24.011,0.8027,40.1,27.32,0.0,0.0,0.0,0.0,0.0,0.0,0.0,1.0,1.455,1.072,1.54,1.024,Asp483,31.99513846968506,29.410710881826493,31.323106947261145
483,Phe,410,484,0.0,0.0,1.0,0.0,0.0,0.0,8.82,119.6,0.0,0.0,0.0,22.659,4.7883,81.27,0.25,0.0,0.0,0.0,0.0,0.0,0.0,0.0,0.0,-0.978,-0.731,-0.845,-0.494,Phe484,29.411640281603283,27.125255505210962,29.33078659804728
484,Gly,411,485,1.0,0.0,0.0,1.0,0.0,0.0,20.92,12.28,0.0,0.0,0.0,22.252,0.6052,11.5,22.72,0.0,0.0,0.0,0.0,0.0,0.0,1.0,0.0,-0.502,2.166,-0.061,1.818,Gly485,29.69461462893783,27.048646624500506,29.229053285903284
485,Gly,412,486,1.0,0.0,0.0,0.0,0.0,0.0,0.77,15.78,0.0,0.0,0.0,21.337,0.7284,0.0,18.5,0.0,0.0,0.0,0.0,0.0,0.0,1.0,0.0,1.15,-0.732,0.035,2.067,Gly486,28.533596499585094,25.834023559520592,28.18593447109156
486,Leu,413,487,1.0,0.0,0.0,0.0,0.0,0.0,0.0,24.65,0.0,0.0,0.0,18.065,1.5051,12.62,0.0,0.0,0.0,0.0,0.0,0.0,1.0,0.0,0.0,-0.694,-0.374,1.026,-1.732,Leu487,25.52892995861367,22.679733029686822,25.171506358796975
487,Ile,414,488,1.0,0.0,0.0,1.0,0.0,0.0,25.34,42.36,0.0,0.0,0.0,18.359,1.4409,25.82,27.68,0.0,0.0,0.0,0.0,0.0,1.0,0.0,0.0,0.044,-0.151,-0.407,-0.53,Ile488,24.557367683964625,22.063101022613285,24.206209685616003
488,Val,415,489,1.0,0.0,0.0,1.0,0.0,0.0,19.22,40.75,0.0,0.0,0.0,20.215,0.2839,0.0,44.47,0.0,0.0,0.0,0.0,0.0,0.0,0.0,0.0,-0.394,-0.36,-1.107,0.851,Val489,24.773631763051572,22.640639357404527,24.773537476586508
489,Val,416,490,1.0,0.0,0.0,1.0,0.0,0.0,21.22,4.12,0.0,0.0,0.0,17.054,1.0393,16.97,0.0,0.0,0.0,0.0,0.0,0.0,1.0,0.0,0.0,-0.704,-0.786,-0.318,0.979,Val490,22.466337619038377,20.09790210978861,22.586876559926747
490,Cys,417,491,1.0,0.0,0.0,0.0,0.0,1.0,0.0,1.84,0.0,0.0,0.0,13.837,0.527,5.83,0.0,0.0,0.0,0.0,0.0,0.0,1.0,0.0,0.0,-0.519,-0.719,0.275,-0.009,Cys491,19.89477872564607,17.437187263817286,19.81822129936287
491,Leu,418,492,1.0,0.0,0.0,1.0,0.0,0.0,37.24,15.81,0.0,0.0,0.0,16.73,1.1921,0.0,61.78,0.0,0.0,0.0,0.0,0.0,1.0,0.0,0.0,-0.123,-0.735,0.119,0.644,Leu492,20.23106093755448,18.307048402038077,20.101391164475494
492,Phe,419,493,1.0,0.0,0.0,1.0,0.0,0.0,78.48,0.0,0.0,0.0,0.0,18.135,1.3085,0.0,55.26,0.0,0.0,0.0,0.0,0.0,1.0,0.0,0.0,-0.538,-0.731,0.093,1.447,Phe493,19.560457123378413,18.240412110160406,19.779594846113064
493,Leu,420,494,1.0,0.0,0.0,0.0,1.0,0.0,0.0,39.49,16.52,0.0,0.0,12.148,0.8182,18.51,0.0,15.9,0.0,0.0,0.0,0.0,1.0,0.0,0.0,-0.706,-0.735,0.023,-0.407,Leu494,16.52381785456629,14.957074330622582,16.85365651041917
494,Gly,421,495,1.0,0.0,0.0,0.0,0.0,1.0,0.0,2.63,0.0,0.0,0.0,11.517,0.6047,0.41,0.0,2.49,0.35,1.0,1.0,0.0,1.0,1.0,0.0,-0.953,-0.732,-0.853,-1.157,Gly495,14.997622049457586,13.400429159306904,15.14426136122907
495,Leu,422,496,1.0,0.0,0.0,1.0,0.0,0.0,46.52,0.0,0.0,0.0,0.0,15.861,0.8894,0.0,54.96,0.0,0.0,0.0,0.0,0.0,1.0,0.0,0.0,-0.765,-0.735,-0.855,0.574,Leu496,16.233087107800987,15.199939051003232,16.105667078077737
496,Cys,423,497,1.0,0.0,0.0,1.0,0.0,0.0,18.13,0.0,0.0,0.0,0.0,13.505,0.5611,0.0,0.0,0.0,0.0,0.0,0.0,0.0,1.0,0.0,0.0,-0.803,-0.719,-0.807,0.357,Cys497,14.857653505046931,13.900243369887447,14.783080326640357
497,Asp,424,498,1.0,0.0,0.0,0.0,0.0,1.0,0.0,23.15,28.28,10.74,1.0,8.887,1.3772,39.14,0.0,37.36,41.89,1.0,1.0,1.0,1.0,0.0,0.0,-0.838,-0.774,-1.041,0.729,Asp498,11.285430980194148,10.130531511323934,11.490214389856318
498,Gly,425,499,1.0,0.0,0.0,0.0,0.0,0.0,0.0,0.0,0.0,0.0,0.0,11.068,1.438,2.52,0.0,0.0,0.99,1.0,1.0,1.0,1.0,1.0,0.0,-0.808,-0.732,-0.853,-1.482,Gly499,11.713387762641284,10.969811149512015,11.061251370364545
499,Phe,426,500,1.0,0.0,0.0,1.0,0.0,0.0,36.21,0.0,0.0,0.0,0.0,16.141,2.1107,0.0,17.6,0.0,0.0,0.0,0.0,0.0,1.0,0.0,0.0,-0.429,-0.731,0.58,1.402,Phe500,13.080608572413396,13.063284385403309,12.239709393774525
500,Phe,427,501,1.0,0.0,0.0,0.0,1.0,0.0,0.0,2.12,12.35,0.0,0.0,11.667,1.11,28.8,0.0,4.02,9.34,1.0,1.0,1.0,1.0,0.0,0.0,-0.525,-0.731,0.09,0.356,Phe501,10.44773320091814,11.1005814977331,10.10828414985541
501,Ile,428,502,1.0,0.0,0.0,0.0,1.0,0.0,0.0,48.83,57.84,14.72,1.0,9.155,1.6314,75.81,0.0,65.77,52.88,1.0,1.0,1.0,1.0,0.0,0.0,-0.616,-0.576,-0.361,-0.063,Ile502,7.425637928751088,8.77286572905116,6.6378040098701465
502,Thr,429,503,1.0,0.0,0.0,0.0,0.0,1.0,0.0,0.0,0.13,0.0,0.0,14.317,1.615,43.71,0.0,26.9,10.73,1.0,1.0,0.0,1.0,0.0,0.0,-0.794,-0.792,-0.456,-0.346,Thr503,10.10529438482904,11.722341216545543,9.07021409025744
503,Ile,430,504,1.0,0.0,0.0,0.0,1.0,0.0,0.0,0.0,0.0,0.0,0.0,16.91,1.6732,4.5,0.0,0.0,0.0,0.0,0.0,0.0,1.0,0.0,0.0,-0.186,-0.561,-0.338,-0.828,Ile504,11.900039298364213,13.67194110466804,10.533220022131404
504,Met,431,505,1.0,0.0,0.0,0.0,1.0,0.0,0.0,32.15,30.97,0.0,0.0,12.549,4.1192,17.16,0.0,37.06,0.0,0.0,0.0,1.0,1.0,0.0,0.0,-1.006,-0.784,-1.117,0.006,Met505,9.589465578418531,11.426756604331969,7.90914473089166
505,Ala,432,506,1.0,0.0,0.0,0.0,1.0,0.0,0.0,6.1,17.35,0.0,0.0,15.446,2.3456,29.37,0.0,37.45,0.0,0.0,0.0,0.0,1.0,0.0,0.0,-0.93,-0.787,-0.383,-0.683,Ala506,10.330774034742147,12.497355125995298,7.635567213347051
506,Pro,433,507,1.0,0.0,0.0,0.0,0.0,1.0,0.0,20.29,0.19,0.0,0.0,18.415,2.7524,39.56,0.0,10.8,0.0,0.0,0.0,0.0,1.0,1.0,0.0,-0.968,-0.744,-0.904,0.319,Pro507,13.971383733501467,16.13924446828443,11.360282679105945
507,Ile,434,508,1.0,0.0,0.0,0.0,0.0,0.0,0.0,31.25,0.0,0.0,0.0,19.647,2.878,18.43,0.0,0.0,0.0,0.0,0.0,0.0,1.0,0.0,0.0,-0.79,-0.571,-0.36,-1.563,Ile508,14.570271434103494,16.452364439196018,12.54584148758508
508,Ala,435,509,1.0,0.0,0.0,0.0,0.0,0.0,0.0,18.42,0.0,0.0,0.0,19.624,1.9883,0.4,0.0,17.79,0.0,0.0,0.0,0.0,1.0,0.0,0.0,-0.711,-0.787,-1.124,-0.63,Ala509,13.594125401769764,15.407840187915372,11.93372150039147
509,Phe,436,510,1.0,0.0,0.0,0.0,0.0,0.0,0.0,46.8,0.0,0.0,0.0,21.205,2.3594,71.48,0.0,0.0,0.0,0.0,0.0,0.0,1.0,0.0,0.0,-0.978,-0.731,-0.845,-0.256,Phe510,16.067912274556353,18.39165364164486,14.225666917333879
510,Glu,437,511,0.0,1.0,0.0,0.0,0.0,0.0,0.0,25.38,0.0,0.0,0.0,24.02,3.9954,74.07,0.0,0.0,0.0,0.0,0.0,0.0,0.0,0.0,1.0,-0.875,-0.766,-0.996,-0.575,Glu511,18.648042533035987,20.540422845417766,16.597281248243235
511,Leu,438,512,0.0,1.0,0.0,0.0,0.0,0.0,0.0,25.85,0.0,0.0,0.0,23.94,3.0252,65.15,0.0,0.0,0.0,0.0,0.0,0.0,0.0,0.0,1.0,-0.764,-0.735,-0.855,0.036,Leu512,18.5200510230956,20.668383132238795,17.271353812885128
512,Val,439,513,0.0,1.0,0.0,0.0,0.0,1.0,0.0,4.54,0.0,0.0,0.0,24.932,1.9254,32.69,0.0,0.0,0.0,0.0,0.0,0.0,0.0,0.0,1.0,-0.925,-0.786,-1.107,-1.752,Val513,18.985263103817015,21.49560661168538,17.355283732342695
513,Gly,440,514,0.0,1.0,0.0,0.0,0.0,0.0,0.0,17.9,0.0,0.0,0.0,25.836,1.9539,12.2,0.0,0.0,0.0,0.0,0.0,0.0,0.0,0.0,1.0,-0.657,-0.732,-0.853,-0.996,Gly514,20.167342086742316,22.902563916100025,17.72313452232295
514,Pro,441,515,0.0,1.0,0.0,0.0,0.0,0.0,0.0,48.11,0.0,0.0,0.0,25.229,2.7583,61.79,0.0,0.0,0.0,0.0,0.0,0.0,0.0,0.0,1.0,-0.712,-0.744,-0.904,1.073,Pro515,19.176999224840717,21.691112818324232,16.027231561119972
515,Met,442,516,0.0,1.0,0.0,0.0,0.0,0.0,0.0,60.34,0.0,0.0,0.0,29.066,2.2264,89.48,0.0,0.0,0.0,0.0,0.0,0.0,0.0,0.0,0.0,-0.696,-0.784,-1.117,1.569,Met516,20.64409752146493,23.278684610403314,18.590039344176432
516,Gln,443,517,0.0,1.0,0.0,0.0,0.0,1.0,0.0,19.75,0.0,0.0,0.0,27.527,2.027,12.79,0.0,0.0,0.0,0.0,0.0,0.0,0.0,0.0,1.0,-0.635,-0.775,-1.059,0.829,Gln517,18.354868319353262,22.00633937233742,17.496323637304457
517,Ala,444,518,1.0,0.0,0.0,0.0,0.0,1.0,0.0,16.43,0.0,0.0,0.0,22.276,1.8789,0.0,0.0,0.0,0.0,0.0,0.0,0.0,1.0,0.0,0.0,-0.999,-0.787,-1.124,-0.016,Ala518,15.129143276469856,18.70444373909184,13.92359925450001
518,Ser,445,519,1.0,0.0,0.0,0.0,0.0,0.0,0.0,21.39,0.0,0.0,0.0,22.114,1.6917,34.94,0.0,0.0,0.0,0.0,0.0,0.0,1.0,0.0,0.0,-1.008,-0.797,-1.19,-0.801,Ser519,13.797828005723844,17.547116431252714,13.195874726382783
519,Gln,446,520,1.0,0.0,0.0,0.0,0.0,0.0,0.0,37.68,0.0,0.0,0.0,24.269,2.2185,62.97,0.0,0.0,0.0,0.0,0.0,0.0,1.0,0.0,0.0,-1.007,-0.775,-1.059,-0.569,Gln520,14.448407550591112,18.851465629379362,14.949468766532904
520,Ala,447,521,1.0,0.0,0.0,0.0,0.0,1.0,0.0,8.02,0.0,0.0,0.0,21.13,1.5979,0.0,0.0,0.0,0.0,0.0,0.0,0.0,1.0,0.0,0.0,-0.929,-0.787,-1.124,-1.746,Ala521,13.325227983227222,17.339213948860237,13.340665823231603
521,Ile,448,522,1.0,0.0,0.0,0.0,0.0,0.0,0.0,21.9,0.0,0.0,0.0,17.168,1.4959,41.55,0.0,56.04,0.0,0.0,0.0,0.0,1.0,0.0,0.0,-1.003,-0.788,-1.122,0.292,Ile522,9.724627600012283,13.79402194645887,9.665322311622498
522,Gly,449,523,1.0,0.0,0.0,0.0,0.0,1.0,0.0,0.0,0.0,0.0,0.0,18.301,1.5618,34.04,0.0,1.37,0.0,0.0,0.0,0.0,1.0,1.0,0.0,-0.953,-0.732,-0.853,-1.787,Gly523,9.948553550416014,14.868830803131425,11.110283069231166
523,Tyr,450,524,1.0,0.0,0.0,1.0,0.0,0.0,31.39,14.63,0.0,0.0,0.0,22.018,3.9933,37.42,22.18,0.0,0.0,0.0,0.0,0.0,1.0,0.0,0.0,-0.761,-0.725,-0.824,-0.428,Tyr524,11.633630238734172,16.16336767043069,13.321643935564191
524,Leu,451,525,1.0,0.0,0.0,0.0,0.0,1.0,0.0,21.98,0.0,0.0,0.0,17.416,2.0368,9.5,0.0,14.25,0.0,0.0,0.0,0.0,1.0,0.0,0.0,-0.666,-0.735,0.117,0.041,Leu525,9.433382353133526,13.30823892163756,11.112117684632333
525,Leu,452,526,1.0,0.0,0.0,0.0,0.0,1.0,0.0,26.84,0.0,0.0,0.0,13.509,0.9844,39.51,0.0,31.3,0.0,0.0,0.0,0.0,1.0,0.0,0.0,-0.776,-0.735,0.069,0.441,Leu526,6.249083024753209,10.899186267844863,8.931293623826393
526,Gly,453,527,1.0,0.0,0.0,1.0,0.0,0.0,16.36,0.0,0.0,0.0,0.0,16.879,1.9504,13.07,24.54,0.0,0.0,0.0,0.0,0.0,1.0,1.0,0.0,-0.953,-0.732,-0.853,-0.001,Gly527,9.24143162919198,13.612805022175344,12.468843441871488
527,Met,454,528,1.0,0.0,0.0,1.0,0.0,0.0,68.53,0.0,0.0,0.0,0.0,18.688,4.2115,24.72,60.87,0.0,0.0,0.0,0.0,0.0,1.0,0.0,0.0,-0.687,-0.784,0.025,0.984,Met528,10.902764854711442,14.940386177871325,13.83112499812977
528,Met,455,529,1.0,0.0,0.0,0.0,1.0,0.0,0.0,29.02,24.45,0.0,0.0,12.463,1.0515,15.87,23.47,16.46,0.0,0.0,0.0,0.0,1.0,0.0,0.0,-0.946,-0.569,-1.117,0.021,Met529,8.398073405256158,12.03646294645623,11.348170328405494
529,Ala,456,530,1.0,0.0,0.0,1.0,0.0,0.0,6.2,0.0,0.0,0.0,0.0,14.441,0.7067,0.0,0.0,0.63,0.0,0.0,0.0,0.0,1.0,0.0,0.0,-0.205,-0.573,-0.383,-0.09,Ala530,8.593524130708946,10.797018720158373,12.498893971796983
530,Leu,457,531,1.0,0.0,0.0,1.0,0.0,0.0,70.99,0.0,0.0,0.0,0.0,17.842,1.0861,0.0,69.79,0.0,0.0,0.0,0.0,0.0,1.0,0.0,0.0,0.083,-0.735,0.752,0.901,Leu531,12.29252578917431,13.89757914708132,15.890580382409459
531,Pro,458,532,1.0,0.0,0.0,1.0,0.0,0.0,29.64,0.0,0.0,0.0,0.0,14.973,0.9478,0.0,30.47,0.0,0.0,0.0,0.0,0.0,1.0,1.0,0.0,-0.968,-0.744,-0.904,-0.392,Pro532,12.446445992038887,13.628887084149625,15.513447169024076
532,Met,459,533,1.0,0.0,0.0,0.0,1.0,0.0,0.0,15.81,27.13,0.0,0.0,10.147,2.6874,25.77,0.0,39.91,5.64,1.0,1.0,1.0,1.0,0.0,0.0,-0.947,-0.557,-1.117,0.516,Met533,10.01972803125021,10.143546422832873,12.70646311592937
533,Ile,460,534,1.0,0.0,0.0,0.0,1.0,0.0,2.36,14.06,17.08,0.0,0.0,13.665,1.1316,0.0,41.92,0.0,0.0,0.0,0.0,0.0,1.0,0.0,0.0,-0.725,-0.578,-0.435,-1.077,Ile534,12.333845598264048,12.120877427077065,15.407364019602182
534,Ala,461,535,1.0,0.0,0.0,1.0,0.0,0.0,26.29,0.0,0.0,0.0,0.0,15.719,0.9642,0.0,35.8,0.0,0.0,0.0,0.0,0.0,0.0,0.0,0.0,-0.929,-0.787,-1.124,0.683,Ala535,15.39924859055523,15.066585642785206,18.269899478954034
535,Gly,462,536,1.0,0.0,0.0,0.0,0.0,1.0,0.0,0.0,0.0,0.0,0.0,13.605,1.1754,0.0,0.0,0.0,0.0,0.0,0.0,0.0,1.0,1.0,0.0,-0.953,-0.732,-0.853,-1.156,Gly536,15.204789916920744,14.034214645452112,17.298579039551136
536,Pro,463,537,1.0,0.0,0.0,0.0,1.0,0.0,0.0,0.0,17.4,0.0,0.0,11.622,1.4399,0.45,0.0,0.0,0.0,0.0,0.0,0.0,1.0,1.0,0.0,-0.848,-0.744,0.045,-1.906,Pro537,16.229694487662808,14.194012119579916,18.004603509150893
537,Pro,464,538,1.0,0.0,0.0,1.0,0.0,0.0,29.53,28.91,3.93,0.0,0.0,15.68,1.2948,0.0,24.73,0.0,0.0,0.0,0.0,0.0,1.0,1.0,0.0,-0.968,-0.744,-0.904,-1.906,Pro538,18.95952469219428,17.104644925702136,21.252040640130332
538,Ile,465,539,1.0,0.0,0.0,1.0,0.0,0.0,42.84,35.03,0.0,0.0,0.0,18.096,1.971,0.0,61.58,0.0,0.0,0.0,0.0,0.0,1.0,0.0,0.0,-0.793,-0.788,-1.122,-1.333,Ile539,20.35736588865055,19.114117669928714,22.46790317129128
539,Ala,466,540,1.0,0.0,0.0,0.0,0.0,1.0,0.0,0.0,0.0,0.0,0.0,15.876,1.8177,0.0,0.0,0.0,0.0,0.0,0.0,0.0,1.0,0.0,0.0,-0.93,-0.787,-1.124,-1.339,Ala540,20.601195395367828,18.672790025241323,21.96778527185167
540,Gly,467,541,1.0,0.0,0.0,0.0,0.0,0.0,0.0,8.9,0.0,0.0,0.0,17.622,1.5696,0.0,0.0,0.0,0.0,0.0,0.0,0.0,1.0,1.0,0.0,-0.953,-0.732,-0.853,-1.787,Gly541,22.360842132036694,19.8096389767674,23.88096335980546
541,Leu,468,542,1.0,0.0,0.0,0.0,0.0,0.0,9.36,80.92,0.0,0.0,0.0,21.059,3.215,18.47,45.27,0.0,0.0,0.0,0.0,0.0,0.0,0.0,0.0,0.101,-0.28,0.375,1.044,Leu542,24.726583223906765,22.80351624446486,26.55938709094637
542,Leu,469,543,1.0,0.0,0.0,0.0,0.0,0.0,22.07,43.01,0.0,0.0,0.0,21.025,2.4,0.0,45.59,0.0,0.0,0.0,0.0,0.0,1.0,0.0,0.0,-0.764,-0.735,0.107,-1.45,Leu543,25.534178227653644,23.839257171156135,27.07461238500553
543,Arg,470,544,0.0,0.0,1.0,0.0,0.0,0.0,0.0,42.15,0.0,0.0,0.0,21.26,2.3563,0.0,0.0,0.0,0.0,0.0,0.0,0.0,0.0,0.0,1.0,0.122,0.532,1.006,0.953,Arg544,26.378109504127398,24.106068381716476,27.760909039988256
544,Asn,471,545,0.0,0.0,1.0,0.0,0.0,0.0,0.0,62.16,0.0,0.0,0.0,23.189,3.475,0.64,0.0,0.0,0.0,0.0,0.0,0.0,0.0,0.0,0.0,-0.235,-0.37,-0.282,-1.946,Asn545,28.700227612650334,25.882442897889653,30.348819547386523
545,Cys,472,546,0.0,0.0,1.0,0.0,0.0,0.0,0.0,65.67,0.0,0.0,0.0,25.534,2.6883,41.99,0.0,0.0,0.0,0.0,0.0,0.0,0.0,0.0,1.0,0.967,-0.332,0.999,2.407,Cys546,30.398133857708668,28.420079097092792,31.960879465341765
546,Phe,473,547,0.0,0.0,1.0,0.0,0.0,0.0,15.6,83.69,0.0,0.0,0.0,24.956,2.7037,49.66,58.84,0.0,0.0,0.0,0.0,0.0,0.0,0.0,1.0,0.07,-0.009,0.091,-0.957,Phe547,31.04663568710644,29.128110376043363,31.90919460253765
547,Gly,474,548,0.0,0.0,1.0,0.0,0.0,0.0,0.0,32.16,0.0,0.0,0.0,25.076,2.7058,29.58,0.0,0.0,0.0,0.0,0.0,0.0,0.0,0.0,1.0,0.098,-0.028,0.306,0.839,Gly548,31.604991476737542,29.25192834775427,32.510286809002636
548,Asp,475,549,0.0,0.0,1.0,0.0,0.0,0.0,0.0,36.97,0.0,0.0,0.0,22.782,2.823,36.7,0.0,0.0,0.0,0.0,0.0,0.0,0.0,0.0,0.0,-0.267,-0.295,1.122,0.702,Asp549,29.19932207727992,27.575262807881366,29.86395362928988
549,Tyr,476,550,0.0,0.0,1.0,0.0,0.0,0.0,0.0,47.82,0.0,0.0,0.0,18.05,2.4776,37.43,0.0,0.0,0.0,0.0,0.0,0.0,0.0,0.0,1.0,-0.872,-0.725,-0.824,-1.484,Tyr550,25.571612047956553,23.895442905288697,26.05511936117858
550,His,477,551,1.0,0.0,0.0,0.0,0.0,0.0,1.75,50.79,0.0,0.0,0.0,21.255,2.6702,58.94,2.25,0.0,0.0,0.0,0.0,0.0,0.0,0.0,1.0,0.226,-0.781,-0.279,0.192,His551,26.846457324297702,24.036400895603528,26.696362574007804
551,Val,478,552,1.0,0.0,0.0,0.0,0.0,0.0,0.0,24.43,0.0,0.0,0.0,20.831,2.4169,0.0,24.97,0.0,0.0,0.0,0.0,0.0,1.0,0.0,0.0,-0.013,-0.552,0.717,0.261,Val552,26.433860007772676,23.808058451719866,26.240999217938352
552,Ala,479,553,1.0,0.0,0.0,0.0,0.0,1.0,0.0,0.0,0.0,0.0,0.0,16.452,2.4928,0.0,0.0,0.0,0.0,0.0,0.0,0.0,1.0,0.0,0.0,-0.769,-0.787,-0.332,-0.526,Ala553,22.91487057828071,20.150390913931595,22.82705926938467
553,Phe,480,554,1.0,0.0,0.0,0.0,0.0,1.0,0.0,3.31,0.0,0.0,0.0,15.249,2.3103,32.68,0.0,0.0,0.0,0.0,0.0,0.0,1.0,0.0,0.0,-0.977,-0.731,-0.845,-1.735,Phe554,21.82387144558415,19.482152617947857,21.82476917797629
554,Tyr,481,555,1.0,0.0,0.0,1.0,0.0,0.0,42.13,28.51,0.0,0.0,0.0,21.117,2.1223,17.55,41.44,0.0,0.0,0.0,0.0,0.0,1.0,0.0,0.0,-0.82,-0.725,-0.824,0.119,Tyr555,23.8394025618547,21.813208777631164,23.668584007893063
555,Phe,482,556,1.0,0.0,0.0,1.0,0.0,0.0,31.63,8.37,0.0,0.0,0.0,16.689,2.209,0.0,44.07,0.0,0.0,0.0,0.0,0.0,1.0,0.0,0.0,-0.325,-0.731,1.062,1.115,Phe556,22.197304714620984,19.903429534405593,21.374913455743854
556,Ala,483,557,1.0,0.0,0.0,0.0,0.0,1.0,0.0,0.13,0.0,0.0,0.0,13.728,2.4376,0.0,0.0,0.0,0.0,0.0,0.0,0.0,1.0,0.0,0.0,-0.927,-0.787,-1.124,0.173,Ala557,18.637449930929044,16.649174121442694,18.393474259425325
557,Gly,484,558,1.0,0.0,0.0,0.0,0.0,1.0,0.0,0.0,0.0,0.0,0.0,16.58,2.3919,0.0,0.0,0.0,0.0,0.0,0.0,0.0,1.0,1.0,0.0,-0.952,-0.732,-0.853,-1.158,Gly558,19.424074689714452,18.360978840906302,20.18582108977955
558,Val,485,559,1.0,0.0,0.0,1.0,0.0,0.0,38.51,1.69,0.0,0.0,0.0,20.591,3.585,0.0,51.0,0.0,0.0,0.0,0.0,0.0,0.0,0.0,0.0,-0.543,-0.575,-0.354,0.83,Val559,20.668162037574348,20.375266372758666,22.318953357617204
559,Pro,486,560,1.0,0.0,0.0,1.0,0.0,0.0,45.24,0.0,0.0,0.0,0.0,18.08,2.5945,0.0,30.57,0.0,0.0,0.0,0.0,0.0,1.0,1.0,0.0,-0.966,-0.744,-0.904,2.316,Pro560,17.57050322754688,18.02895463922108,20.24606818375304
560,Pro,487,561,1.0,0.0,0.0,0.0,0.0,1.0,0.11,0.0,0.0,0.0,0.0,15.696,1.7903,0.0,0.0,0.0,0.0,0.0,0.0,0.0,1.0,1.0,0.0,-0.547,-0.744,-0.904,0.947,Pro561,16.000725305769723,16.177609695841955,17.58847572910862
561,Ile,488,562,1.0,0.0,0.0,1.0,0.0,0.0,29.58,0.0,0.0,0.0,0.0,20.137,1.8432,0.0,45.22,0.0,0.0,0.0,0.0,0.0,1.0,0.0,0.0,0.179,-0.354,-0.283,0.75,Ile562,19.606799641676044,19.772977028335617,20.70116409932526
562,Ile,489,563,1.0,0.0,0.0,1.0,0.0,0.0,77.82,0.0,0.0,0.0,0.0,22.388,2.9065,0.0,68.15,0.0,0.0,0.0,0.0,0.0,0.0,0.0,0.0,-0.381,0.362,-0.407,0.425,Ile563,20.006677727431438,20.94137159271574,22.200635611339038
563,Gly,490,564,1.0,0.0,0.0,1.0,0.0,0.0,22.73,0.0,0.0,0.0,0.0,20.017,2.0634,0.0,0.0,0.0,0.0,0.0,0.0,0.0,1.0,0.0,0.0,-0.952,-0.732,-0.853,-1.058,Gly564,16.825598630129253,18.248018151010008,19.121704211504344
564,Ala,491,565,1.0,0.0,0.0,0.0,0.0,1.0,0.0,0.0,0.0,0.0,0.0,20.184,1.5035,0.0,12.35,0.0,0.0,0.0,0.0,0.0,1.0,0.0,0.0,-0.128,-0.528,0.503,1.126,Ala565,18.303202465107834,19.53429207834164,19.104452327544998
565,Val,492,566,1.0,0.0,0.0,1.0,0.0,0.0,58.95,0.0,0.0,0.0,0.0,24.758,2.8952,0.0,54.07,0.0,0.0,0.0,0.0,0.0,1.0,0.0,0.0,0.835,1.362,1.163,0.144,Val566,21.679040872380586,23.06069941192896,22.754334764105838
566,Ile,493,567,1.0,0.0,0.0,1.0,0.0,0.0,62.16,0.0,0.0,0.0,0.0,24.121,3.3162,0.0,38.22,0.0,0.0,0.0,0.0,0.0,0.0,0.0,0.0,-0.595,-0.788,-0.332,1.925,Ile567,20.36065930355117,22.352115433835905,22.18666826170257
567,Leu,494,568,1.0,0.0,0.0,0.0,0.0,1.0,2.91,0.0,0.0,0.0,0.0,20.619,1.8947,0.0,0.0,0.0,0.0,0.0,0.0,0.0,1.0,0.0,0.0,-0.882,-0.735,0.023,-0.925,Leu568,18.613485126503114,20.660452570929415,19.300780854487247
568,Phe,495,569,1.0,0.0,0.0,1.0,0.0,0.0,63.19,0.0,0.0,0.0,0.0,25.598,3.1358,3.88,51.33,0.0,0.0,0.0,0.0,0.0,1.0,0.0,0.0,-0.15,1.574,1.072,2.456,Phe569,21.850420037017972,23.568877081346862,21.673334397484616
569,Phe,496,570,1.0,0.0,0.0,1.0,0.0,0.0,64.91,0.0,0.0,0.0,0.0,29.973,5.0199,6.04,73.74,0.0,0.0,0.0,0.0,0.0,0.0,0.0,0.0,0.054,-0.731,1.251,0.14,Phe570,23.862840009270425,26.663784323513646,24.82120995011654
570,Val,497,571,1.0,0.0,0.0,1.0,0.0,0.0,38.74,0.0,0.0,0.0,0.0,27.69,3.8437,0.0,26.78,0.0,0.0,0.0,0.0,0.0,1.0,0.0,0.0,-0.924,-0.786,-1.107,0.94,Val571,21.66018764340057,25.911120736057942,24.093567272867162
571,Pro,498,572,1.0,0.0,0.0,0.0,0.0,1.0,0.0,1.93,0.0,0.0,0.0,25.963,1.5703,13.3,0.0,0.0,0.0,0.0,0.0,0.0,1.0,1.0,0.0,-0.966,-0.744,-0.904,0.803,Pro572,23.197903238603335,24.89088447286419,22.19128075103374
572,Leu,499,573,1.0,0.0,0.0,1.0,0.0,0.0,33.48,22.76,0.0,0.0,0.0,29.686,3.633,10.0,19.91,0.0,0.0,0.0,0.0,0.0,1.0,0.0,0.0,0.08,-0.735,-0.855,1.653,Leu573,26.63751294830967,27.821432143947376,24.600071175066983
573,Met,500,574,1.0,0.0,0.0,1.0,0.0,0.0,39.77,18.59,0.0,0.0,0.0,32.979,4.2986,0.13,66.52,0.0,0.0,0.0,0.0,0.0,0.0,0.0,0.0,0.263,-0.232,1.008,1.827,Met574,26.454653570437912,30.004599520788457,27.442336223086834
574,His,501,575,1.0,0.0,0.0,1.0,0.0,0.0,16.23,3.33,0.0,0.0,0.0,30.634,2.8175,0.56,0.0,0.0,0.0,0.0,0.0,0.0,1.0,0.0,0.0,-0.582,-0.781,-1.1,0.783,His575,25.45538938882385,28.28105072271288,25.90714203187719
575,Gln,502,576,1.0,0.0,0.0,0.0,0.0,0.0,0.0,54.77,0.0,0.0,0.0,31.012,3.7291,41.82,0.0,0.0,0.0,0.0,0.0,0.0,1.0,0.0,0.0,1.063,-0.524,-0.281,2.075,Gln576,28.428465230884992,29.15260513162299,25.70552347181325
576,Arg,503,577,1.0,0.0,0.0,1.0,0.0,0.0,34.92,81.14,0.0,0.0,0.0,34.413,5.9891,76.19,34.97,0.0,0.0,0.0,0.0,0.0,0.0,0.0,0.0,-0.222,0.021,-1.042,0.881,Arg577,30.744033580327788,32.66813783578041,29.405008330027766
577,Met,504,578,1.0,0.0,0.0,1.0,0.0,0.0,30.62,52.62,0.0,0.0,0.0,35.763,4.2302,41.95,13.55,0.0,0.0,0.0,0.0,0.0,0.0,0.0,0.0,0.384,0.088,-0.16,1.549,Met578,29.8371405511926,32.85664520052121,30.072078886491376
578,Phe,505,579,0.0,1.0,0.0,0.0,0.0,0.0,0.0,98.07,0.0,0.0,0.0,36.338,4.0463,85.0,0.0,0.0,0.0,0.0,0.0,0.0,0.0,0.0,0.0,-0.121,0.031,1.169,1.951,Phe579,30.347725857828507,31.664576457267547,28.30704082679717
579,Lys,506,580,0.0,1.0,0.0,0.0,0.0,0.0,0.1,78.84,0.0,0.0,0.0,34.564,2.9901,43.1,0.0,0.0,0.0,0.0,0.0,0.0,0.0,0.0,0.0,1.05,-0.079,-0.113,0.78,Lys580,33.67525830871431,34.387312979466046,26.132400847178747
580,Lys,507,581,0.0,1.0,0.0,0.0,0.0,0.0,0.0,13.59,0.0,0.0,0.0,28.356,3.0957,79.16,0.0,0.0,0.0,0.0,0.0,0.0,0.0,0.0,1.0,2.344,0.064,-0.176,-0.065,Lys581,34.75591839351332,36.97284874128146,22.902636067517232
581,Glu,508,582,0.0,1.0,0.0,0.0,0.0,0.0,0.0,69.1,0.0,0.0,0.0,31.475,2.8387,66.43,0.0,0.0,0.0,0.0,0.0,0.0,0.0,0.0,0.0,0.492,0.7,1.69,0.892,Glu582,34.10606969499591,36.07293429006635,23.258574411509855
582,Gln,509,583,0.0,1.0,0.0,0.0,0.0,0.0,0.0,46.09,0.0,0.0,0.0,29.017,2.0672,33.61,0.0,0.0,0.0,0.0,0.0,0.0,0.0,0.0,0.0,1.082,-0.245,0.698,0.755,Gln583,36.0277904116558,36.25030823562843,21.84058014984449
583,Arg,510,584,0.0,1.0,0.0,0.0,0.0,0.0,0.0,66.32,0.0,0.0,0.0,30.861,2.9029,73.94,0.0,0.0,0.0,0.0,0.0,0.0,0.0,0.0,1.0,1.263,0.43,1.87,1.497,Arg584,38.85281887471156,39.61986070482224,23.806502292805447
584,Asp,511,585,0.0,1.0,0.0,0.0,0.0,0.0,0.0,72.04,0.0,0.0,0.0,35.486,4.4972,62.77,0.0,0.0,0.0,0.0,0.0,0.0,0.0,0.0,1.0,-0.263,-0.532,2.707,0.662,Asp585,39.070575248617004,40.814702145047356,26.684395740378765
585,Ser,512,586,0.0,1.0,0.0,0.0,0.0,0.0,0.0,38.14,0.0,0.0,0.0,37.98,6.2343,45.94,0.0,0.0,0.0,0.0,0.0,0.0,0.0,0.0,0.0,0.142,-0.797,0.18,1.68,Ser586,39.08981493043808,40.071798839365314,29.60037693182734
586,Ser,513,587,0.0,1.0,0.0,0.0,0.0,0.0,0.0,45.83,0.0,0.0,0.0,41.436,6.6025,54.2,0.0,0.0,0.0,0.0,0.0,0.0,0.0,0.0,0.0,-0.265,-0.797,2.007,1.159,Ser587,41.80820368332273,42.155480614111546,32.4971537797566
587,Lys,514,588,0.0,1.0,0.0,0.0,0.0,0.0,0.0,80.64,0.0,0.0,0.0,43.873,7.6201,79.15,0.0,0.0,0.0,0.0,0.0,0.0,0.0,0.0,0.0,0.395,-0.477,1.424,0.318,Lys588,43.840711624805095,39.283908210352486,33.77536646453209
588,Asp,515,589,0.0,1.0,0.0,0.0,0.0,0.0,0.0,37.97,0.0,0.0,0.0,38.544,5.3726,73.99,0.0,0.0,0.0,0.0,0.0,0.0,0.0,0.0,0.0,-0.295,-0.774,0.966,-0.69,Asp589,43.60396294531507,39.20796234464054,30.716801265020347
589,Lys,516,590,0.0,1.0,0.0,0.0,0.0,0.0,0.0,92.0,0.0,0.0,0.0,38.417,5.919,68.93,0.0,0.0,0.0,0.0,0.0,0.0,0.0,0.0,0.0,0.21,-0.762,-0.059,1.5,Lys590,44.88647299509026,35.57824701834288,31.27417971240907
