Sequence	G	A	R	N	D	C	E	Q	H	I	L	K	M	F	P	S	T	W	Y	V
G161	0.0	0.1	0.2	0.2	0.0	0.1	0.1	0.1	0.2	0.2	0.1	0.2	0.0	0.6	0.1	0.1	0.2	0.1	0.7	0.3
T162	0.0	0.0	-0.3	-0.3	-0.8	0.0	-0.7	-0.5	-0.3	0.3	-0.1	0.0	0.0	0.0	-0.3	-0.5	0.0	0.1	0.0	0.2
A163	0.1	0.0	0.1	0.3	0.1	0.3	-0.4	-0.1	0.2	0.2	0.1	0.1	0.1	-0.1	-0.6	0.2	0.1	0.1	0.1	0.2
R164	0.6	0.0	0.0	-0.2	-0.7	0.0	0.2	0.3	0.1	0.0	-0.3	0.0	-0.2	0.3	0.0	0.7	0.2	0.4	0.3	0.3
G165	0.0	0.0	-0.2	0.0	-0.2	-0.3	-0.6	-0.6	0.3	-0.1	-0.7	-0.4	-0.5	-0.2	-1.3	0.1	0.5	0.2	-0.1	0.1
F166	0.2	0.0	-0.3	0.0	-0.2	0.3	-0.1	0.1	0.2	0.4	-0.1	-0.1	0.1	0.0	0.2	0.1	0.5	0.2	0.0	0.6
Q167	1.0	0.5	-0.6	-0.4	0.6	0.2	0.3	0.0	0.0	0.8	0.1	-0.1	0.1	0.0	3.0	0.4	0.8	0.1	0.0	1.3
P168	2.1	1.1	0.0	1.0	1.0	0.8	0.3	0.3	0.3	0.0	-0.6	-0.2	-0.7	-0.7	0.0	1.7	1.0	-0.5	-0.6	0.5
P169	1.9	1.7	2.1	2.4	2.0	2.3	1.8	2.3	2.7	3.2	2.0	2.1	1.4	2.2	0.0	2.0	2.9	1.9	1.8	2.7
E170	0.8	0.7	0.9	1.0	0.7	1.0	0.0	0.5	1.0	0.9	0.9	0.8	0.8	0.9	-0.3	0.9	0.9	0.9	0.9	0.9
G171	0.0	-0.1	-0.3	-0.2	-0.4	-0.3	-1.3	-0.6	0.0	-0.6	-0.4	-0.5	-0.3	-0.4	1.9	-0.2	-0.5	-0.3	-0.4	-0.4
G172	0.0	3.5	3.9	2.3	2.1	3.7	2.6	2.8	3.3	4.7	2.4	3.4	3.0	2.8	5.5	3.4	3.9	2.6	3.0	4.9
F173	3.1	2.2	2.1	2.3	2.3	2.6	1.4	2.2	2.4	1.1	1.1	1.8	0.6	0.0	1.2	2.7	2.6	2.8	-0.7	2.3
G174	0.0	0.6	8.4	5.1	4.9	2.7	1.8	3.7	71.8	8.7	5.7	5.2	3.9	8.0	1.0	3.5	6.9	8.9	6.0	6.7
W175	3.1	2.0	1.8	2.1	1.9	2.3	1.2	1.2	2.2	0.9	0.6	1.4	0.3	1.0	4.3	2.7	2.4	0.0	1.1	1.7
V176	2.7	1.2	0.5	1.0	1.8	1.1	0.9	0.6	1.5	-0.8	-1.0	0.5	-1.0	-0.3	0.8	1.7	0.3	-0.9	0.0	0.0
V177	4.3	2.6	14.3	3.9	3.3	2.4	3.0	4.2	6.0	-0.7	1.7	6.8	0.4	10.2	1.6	3.1	2.3	18.9	15.3	0.0
V178	4.5	2.5	6.5	2.6	3.8	2.7	3.4	3.4	6.0	-0.2	-0.3	4.7	-0.3	5.5	4.0	4.2	2.5	19.5	10.5	0.0
F179	2.2	1.5	0.9	1.8	1.8	2.1	1.3	1.1	1.5	0.6	0.6	1.0	0.1	0.1	4.3	1.4	1.2	0.1	0.2	1.7
A180	1.9	0.0	0.4	2.5	4.2	1.1	3.7	5.4	14.7	-0.2	0.9	4.4	-0.7	10.1	3.6	0.7	0.9	9.7	14.0	0.2
A181	2.0	0.0	4.0	2.3	3.8	0.0	4.5	5.6	2.8	-1.0	1.5	3.6	0.5	3.8	6.0	0.9	-0.6	6.0	6.3	-1.8
T182	0.9	-0.7	-1.2	0.5	1.1	-0.1	-0.3	-0.7	1.5	-1.8	-2.1	-1.1	-2.3	1.1	4.3	-0.3	0.0	-1.3	-0.2	-0.7
W183	3.5	2.1	1.1	1.8	2.7	2.4	2.0	1.8	1.5	1.6	0.8	1.2	0.6	0.6	5.7	2.3	2.1	0.0	1.3	2.1
C184	1.2	-0.4	2.8	-0.7	0.5	0.0	1.0	-0.6	-1.9	-3.0	-3.1	-0.6	-3.2	-4.0	2.7	0.7	-0.2	4.5	-1.6	-2.0
N185	0.7	-0.9	-0.7	0.1	0.2	-0.6	-0.5	-0.7	-0.7	-1.8	-3.2	-0.3	-2.9	-2.5	1.5	0.0	-1.7	-2.4	-0.7	-1.1
G186	0.0	1.0	7.1	7.6	9.5	4.7	10.6	8.1	59.2	10.2	11.2	7.4	4.3	27.2	6.6	3.5	6.7	22.0	30.4	8.7
S187	1.3	-0.5	6.3	2.9	4.0	-0.6	2.2	2.4	25.3	-1.2	-0.3	2.8	-1.3	2.3	3.8	0.0	2.8	22.1	4.3	0.4
I188	5.0	3.3	7.2	3.9	4.9	2.9	5.9	4.1	8.6	0.1	3.5	4.5	1.6	8.5	6.5	3.9	2.4	13.1	12.8	1.0
F189	1.3	1.5	1.4	0.8	2.4	0.9	1.8	0.8	1.0	1.9	0.2	1.0	-0.2	0.0	5.4	1.7	1.8	0.5	0.5	2.1
G190	0.0	3.3	9.2	2.9	3.9	3.9	7.0	7.9	31.4	7.5	4.9	9.3	4.4	25.8	10.9	4.8	3.2	31.4	30.1	4.8
I191	5.3	3.7	5.1	3.6	4.0	3.8	3.0	3.1	3.0	0.1	0.0	3.2	0.0	1.5	6.7	5.3	2.9	15.7	3.3	1.6
H192	0.1	-0.8	0.8	-0.3	0.3	-0.6	0.0	-0.8	0.0	1.0	-2.6	-0.7	-1.8	-1.6	-1.9	0.0	0.1	-0.2	0.7	-0.5
N193	0.4	0.5	-1.6	0.2	0.8	0.5	0.3	-0.4	-0.2	-1.3	-1.3	-1.2	-1.3	-1.3	-0.3	0.6	0.2	-1.0	-0.9	-0.7
S194	0.3	-1.5	-0.2	0.2	1.0	-0.8	0.8	0.0	6.8	0.3	-2.6	-2.1	-2.9	4.4	1.0	0.0	-1.2	9.3	9.3	1.3
V195	2.4	0.6	3.3	0.3	0.4	0.5	1.4	1.5	3.6	-0.7	-1.6	2.8	-0.9	0.8	4.4	1.3	0.6	-0.3	0.4	0.0
G196	0.0	-0.2	2.1	2.1	2.2	0.3	3.4	3.0	3.7	4.0	2.8	2.0	0.7	3.6	5.9	0.6	3.2	9.2	7.1	2.1
I197	3.8	2.2	10.2	4.0	4.9	2.1	5.1	4.6	18.9	0.0	1.5	6.2	1.4	14.2	6.1	3.7	2.7	31.0	19.2	0.7
L198	5.7	4.8	6.6	5.1	7.2	4.3	5.7	3.9	3.6	3.0	0.0	4.2	1.3	3.3	7.0	4.6	3.6	11.2	4.6	3.8
Y199	2.1	1.2	-0.5	0.9	3.3	1.0	2.5	1.3	2.3	0.2	0.1	0.0	0.1	0.4	3.2	1.6	0.7	0.3	0.0	0.4
S200	0.2	-0.7	-0.8	0.2	1.8	-0.5	0.8	-0.6	-0.4	-1.1	-0.4	-0.6	-0.9	-1.4	-1.2	0.0	-0.2	-1.0	-1.5	-0.9
M201	3.1	2.2	1.4	2.6	2.9	2.5	2.6	1.8	2.7	0.9	0.3	1.3	0.0	1.5	2.9	2.2	2.1	1.5	1.7	1.9
L202	3.6	2.0	3.4	1.8	2.7	2.1	1.8	1.4	1.1	-0.1	0.0	2.0	-0.8	-0.5	4.8	3.2	1.7	2.9	2.5	0.9
L203	1.2	2.2	1.1	1.0	1.8	1.7	2.5	1.9	3.5	1.3	0.0	2.9	-0.3	5.8	3.5	1.8	1.5	4.4	5.3	2.1
E204	-0.1	-0.1	-0.7	-0.1	0.1	-0.5	0.0	-0.4	0.0	0.3	0.0	-0.8	-0.3	0.1	0.4	-0.8	-0.7	0.3	0.1	0.3
E205	0.0	-0.1	-0.2	-0.2	-0.1	-0.1	0.0	-0.4	-0.5	-0.7	-1.3	-0.4	-1.1	-0.3	0.4	-0.5	0.3	-0.4	-0.2	0.2
E206	2.4	1.4	3.8	1.7	0.1	1.1	0.0	2.2	1.5	0.9	0.6	2.8	1.1	0.3	5.2	2.3	0.6	2.1	1.5	1.0
K207	2.1	1.8	0.2	2.3	2.7	1.1	1.3	0.9	1.1	2.1	-0.2	0.0	-0.3	-0.5	3.9	2.4	3.2	-0.4	0.7	2.9
E208	-0.1	-0.2	-1.1	-0.8	-0.2	0.3	0.0	-0.3	-0.3	-0.2	-0.3	-0.1	-0.1	-0.1	-1.0	-0.4	-0.4	0.2	0.0	0.2
K209	0.3	0.5	-0.4	0.1	0.4	0.4	0.2	0.1	0.2	0.3	0.2	0.0	0.3	0.0	0.9	0.5	0.4	0.2	0.0	0.5
N210	1.0	0.5	-0.3	0.0	0.1	-0.2	-0.1	-0.3	-0.1	0.1	-0.4	-0.6	-0.6	-0.4	3.8	0.1	0.5	-0.2	-0.1	0.1
R211	2.0	1.9	0.1	2.5	2.3	2.3	1.6	1.8	1.8	2.0	1.8	0.8	1.6	1.5	1.2	2.1	2.8	2.3	1.5	2.6
Q212	0.9	0.2	-0.1	0.3	0.0	0.2	0.2	0.0	0.6	-0.4	-1.2	-0.3	-1.4	0.1	-0.8	0.2	-0.1	-0.1	0.1	-0.1
V213	1.9	0.7	-0.7	0.5	0.5	0.4	0.6	0.7	2.0	-0.3	-0.4	0.5	-0.3	0.4	2.6	1.2	0.8	0.9	0.4	0.0
E214	-1.3	-1.9	4.7	0.9	-4.3	0.6	0.0	0.6	2.0	-0.7	-3.6	2.6	-3.4	-0.1	-0.3	-1.6	-2.6	4.0	0.3	-1.4
F215	3.0	1.7	1.7	2.7	2.1	2.2	1.3	1.6	2.2	2.0	0.4	1.3	0.2	0.0	1.4	3.0	3.4	0.2	0.2	2.5
Q216	1.6	0.8	0.7	1.2	0.3	1.0	-0.2	0.0	1.1	0.8	-0.7	0.0	-0.9	-0.7	6.1	0.8	1.3	-0.4	-0.3	0.9
A217	2.7	0.0	9.6	3.7	3.0	1.1	5.2	4.8	4.1	0.3	-1.7	6.9	-0.7	9.1	1.1	1.6	1.7	15.1	9.8	0.8
A218	1.9	0.0	3.7	3.6	3.4	1.5	2.9	2.3	7.2	1.2	0.5	3.0	-1.2	20.5	3.2	1.1	0.9	24.1	25.7	1.3
W219	4.2	3.1	3.0	3.8	3.7	3.7	2.6	2.8	2.1	3.4	2.0	2.5	1.7	1.5	9.9	4.1	3.7	0.0	1.8	4.3
V220	2.1	0.6	2.7	1.7	2.2	0.6	2.1	2.1	31.9	-0.1	-0.9	2.2	-0.8	13.4	-1.0	1.3	-0.3	16.7	13.2	0.0
G221	0.0	0.2	-0.1	2.2	1.1	0.2	1.9	1.6	3.3	2.5	0.9	1.6	-1.1	2.1	2.4	-1.2	1.2	1.3	1.2	1.4
A222	1.7	0.1	2.2	3.1	4.1	1.1	2.6	1.7	51.6	4.1	1.1	4.1	-0.1	19.6	3.8	2.0	3.0	20.7	24.9	2.8
L223	3.3	1.7	2.0	2.8	2.8	2.4	2.6	1.4	2.3	0.8	0.0	1.5	0.0	-0.1	7.0	2.9	3.2	0.6	0.2	1.4
A224	1.2	0.0	11.1	3.0	5.7	1.8	3.4	3.5	18.8	3.3	2.4	10.0	4.4	12.9	3.3	0.6	2.2	30.4	19.9	4.4
M225	2.4	1.8	1.2	2.1	2.7	2.2	2.2	1.3	1.3	1.1	0.3	0.9	0.1	-0.1	4.0	1.9	1.9	-0.6	1.0	1.7
G226	0.0	0.9	0.3	2.3	3.3	1.2	1.8	1.2	2.2	0.4	-1.3	0.0	-1.0	2.7	4.7	1.3	0.8	1.6	2.3	1.1
M227	2.8	1.4	1.1	1.3	3.4	1.6	2.2	1.5	1.0	1.1	-0.3	0.6	0.0	-0.7	3.4	2.5	2.2	0.0	-0.3	1.7
I228	2.6	2.0	1.0	1.8	4.4	1.7	3.1	2.1	4.7	0.1	-1.0	0.0	0.6	5.4	3.2	2.8	1.6	13.1	6.2	0.5
F229	2.5	1.8	-0.4	2.0	2.5	1.7	1.8	1.2	1.7	0.4	0.4	1.2	0.0	0.0	2.3	1.6	2.0	-0.3	0.2	1.2
F230	1.3	0.4	-0.3	1.1	1.6	1.0	0.9	0.1	0.8	1.0	-0.2	-0.4	-0.4	0.0	5.8	1.2	1.7	-0.1	0.0	1.4
C231	1.3	0.7	0.6	-0.3	0.3	0.1	1.0	0.7	-0.5	0.5	-1.2	-0.1	-0.9	-1.5	3.6	0.1	0.0	-1.4	-1.1	1.3
S232	1.1	-0.2	-0.9	-0.4	1.7	-0.5	0.4	-0.7	2.6	-0.5	-2.7	-0.8	-2.3	2.9	7.6	0.0	-0.3	3.1	3.9	-0.5
P233	3.7	2.8	2.5	3.1	3.0	3.3	2.7	2.4	3.9	2.8	1.9	2.6	1.8	2.7	0.0	3.0	3.1	2.9	3.0	3.1
I234	1.8	0.7	0.8	1.5	1.2	1.5	0.7	0.1	1.3	0.0	0.2	0.6	-0.2	0.4	0.2	1.6	1.2	0.5	0.5	0.9
V235	3.7	2.0	8.6	3.6	5.1	2.3	6.8	7.0	44.2	2.8	5.1	7.3	3.2	16.8	5.6	3.1	2.1	18.1	20.3	0.1
S236	0.8	-0.1	0.2	0.7	0.7	0.7	-0.2	-0.4	0.8	0.5	-0.5	0.0	-0.8	-0.6	5.0	0.0	1.4	-0.2	-0.5	1.2
I237	0.9	0.1	0.1	0.6	0.7	0.7	0.2	-0.1	0.8	0.0	0.0	0.1	-0.7	-0.1	1.6	0.0	-0.1	-0.1	0.2	0.6
F238	2.4	0.8	1.2	1.1	2.0	1.1	1.3	0.7	0.7	0.0	-0.4	0.9	-0.1	0.1	1.0	1.6	0.9	0.7	0.3	0.2
T239	2.1	0.6	1.7	4.1	4.7	1.1	2.5	2.1	18.1	0.0	0.1	1.2	-0.5	6.2	5.5	1.3	0.0	4.8	3.8	0.4
D240	0.4	0.0	-0.8	0.3	0.0	0.4	-0.3	-0.3	0.5	0.4	-0.2	-0.4	-0.4	-0.1	4.5	-0.3	0.3	0.0	-0.1	0.6
R241	1.7	1.1	0.0	0.6	1.2	0.9	0.9	0.5	0.3	-0.3	0.2	-0.3	0.3	0.4	5.2	1.3	0.6	1.1	0.5	0.2
L242	1.9	1.2	1.3	1.3	2.0	1.7	1.4	1.2	1.6	0.6	0.0	0.7	0.1	0.5	6.0	2.0	2.4	0.8	0.9	1.3
G243	0.0	3.3	2.9	3.0	0.2	3.5	1.9	3.0	3.7	3.8	3.4	3.2	2.9	2.9	5.8	3.3	3.2	3.1	3.3	4.2
C244	1.3	-0.3	0.3	0.6	-0.5	0.0	-1.5	-0.9	0.3	-1.4	-2.2	-0.5	-2.1	-0.9	-2.1	1.0	0.1	-0.5	-0.8	-1.2
R245	1.0	0.1	0.0	1.0	-0.4	0.3	-0.9	-0.4	0.7	-0.3	0.1	-0.1	-0.7	0.7	-2.0	0.9	0.7	2.0	0.4	0.2
I246	1.2	0.4	0.2	0.3	0.5	1.0	-0.1	-0.1	0.6	0.0	-0.2	-0.1	-0.4	-0.2	0.5	0.9	0.9	-0.4	-0.1	0.6
T247	2.5	0.5	3.7	1.2	2.7	0.4	4.1	4.6	19.5	-1.2	1.1	3.5	0.0	16.6	2.8	1.3	0.1	28.3	25.2	-1.0
A248	1.7	0.0	6.0	2.0	2.6	0.2	3.7	4.0	10.2	1.9	-0.3	3.1	0.1	10.2	8.0	0.7	0.8	21.1	13.0	1.0
T249	1.1	0.1	-0.2	0.4	1.6	0.5	0.1	0.1	0.4	-0.3	-1.2	-0.6	-1.2	-1.0	4.3	0.3	0.0	-1.0	-0.7	0.4
A250	1.2	0.0	-0.5	-0.2	0.3	0.7	-0.2	-0.4	0.0	-0.8	-1.0	-0.5	-1.3	-1.1	3.0	0.2	0.2	-1.6	-1.0	0.1
G251	0.0	5.4	32.4	23.6	24.8	12.3	25.4	25.6	78.0	27.8	29.7	25.7	20.2	41.7	16.8	11.3	18.5	44.6	41.4	20.2
A252	1.8	0.0	7.0	1.5	4.4	0.2	5.0	4.2	3.4	3.9	2.4	5.2	1.7	3.9	1.3	1.0	0.8	16.7	6.0	2.4
A253	1.6	0.0	-0.2	0.8	0.9	0.7	-0.2	0.0	0.1	-0.3	-1.2	-0.7	-1.8	-1.2	5.0	0.5	0.7	-0.6	-1.2	0.6
V254	1.5	0.5	-0.1	0.2	0.9	0.6	0.4	-0.4	0.1	-0.9	-1.4	-0.2	-1.4	-0.6	3.5	0.8	0.2	-1.0	-0.5	0.0
A255	1.9	0.0	6.1	3.9	5.1	-0.1	6.4	4.5	28.4	5.7	4.6	4.6	-1.1	30.4	6.9	0.8	2.3	22.1	45.2	2.6
F256	3.2	1.9	1.8	1.9	3.3	2.4	2.0	2.0	1.8	3.9	0.6	1.5	0.5	0.0	6.1	2.2	2.6	0.2	0.3	2.3
I257	1.9	1.1	0.3	1.1	1.4	1.4	0.6	0.8	0.9	0.0	0.0	0.3	-0.4	0.3	5.3	1.1	0.8	-0.2	0.4	0.8
G258	0.0	2.5	22.1	20.5	17.5	9.9	22.4	21.4	64.7	20.7	20.8	21.6	17.5	38.9	7.9	5.3	12.5	43.3	40.6	15.7
L259	5.3	3.9	7.1	3.5	5.0	2.4	4.2	3.1	3.3	2.4	0.0	4.6	0.2	4.3	5.3	4.3	4.5	10.3	8.8	3.1
H260	1.0	0.1	-0.2	-0.1	0.8	-0.2	-0.3	0.0	0.0	-0.8	-1.0	-0.8	-0.9	-0.6	7.7	0.2	0.9	-0.3	-0.7	-0.3
T261	1.2	1.1	0.4	0.0	0.7	0.8	0.6	0.2	0.6	1.1	-0.1	0.1	-0.2	0.4	5.3	0.6	0.0	0.2	0.4	0.5
S262	1.3	0.7	8.0	1.2	1.7	-1.9	3.0	5.5	16.1	1.7	3.2	6.8	5.8	5.3	7.3	0.0	2.0	9.7	6.2	1.5
S263	-0.6	-1.1	0.6	2.2	3.1	1.1	4.0	1.9	18.6	1.0	4.0	0.1	0.0	11.8	3.6	0.0	1.4	1.3	12.5	1.1
F264	0.6	0.6	-0.3	0.5	0.2	0.2	0.2	0.2	0.7	0.1	-0.3	0.1	0.0	0.0	1.9	0.5	0.8	0.2	0.5	0.7
T265	2.3	0.9	1.8	2.7	2.0	0.4	4.3	3.9	45.6	1.9	2.8	3.0	0.6	11.9	4.9	0.5	0.0	16.9	15.8	1.9
S266	0.0	0.1	-0.3	-0.1	-0.2	0.0	-0.3	0.0	0.0	-0.1	-0.3	-0.3	-0.1	-0.7	-1.0	0.0	0.2	-0.3	-0.6	0.1
S267	1.3	1.7	1.7	1.4	-2.2	1.1	0.4	1.8	1.8	2.2	1.6	1.6	1.1	1.4	2.6	0.0	0.7	1.9	1.5	2.3
L268	3.8	2.7	5.6	2.3	3.4	2.7	3.2	1.8	3.7	0.8	0.0	3.5	-0.6	3.4	1.3	2.8	2.3	4.6	3.8	1.9
S269	0.7	0.0	-0.2	-0.1	-1.6	0.5	-1.3	-0.3	0.5	-0.4	-0.1	-0.6	-0.3	0.2	-0.7	0.0	0.2	0.0	0.2	0.2
L270	1.9	1.1	0.8	1.1	-0.3	1.4	-0.1	0.7	1.1	0.6	0.0	0.3	0.0	0.3	2.8	0.6	0.9	0.7	0.1	1.0
R271	3.6	2.1	0.0	2.0	3.8	2.0	2.6	1.3	1.5	0.5	-1.0	0.8	-1.0	4.1	6.4	2.6	2.7	3.1	3.6	1.4
Y272	2.9	1.5	2.3	2.6	1.9	1.7	1.2	0.6	2.7	2.7	2.3	1.4	1.5	1.3	5.1	2.3	3.3	1.7	0.0	2.7
F273	1.4	1.0	0.3	0.8	1.3	0.9	0.4	-0.2	0.8	0.0	-0.3	0.1	0.1	0.0	3.6	1.1	0.3	0.5	0.1	0.4
T274	1.1	-0.4	-0.8	0.8	1.6	0.0	0.8	-0.8	0.4	1.7	-1.6	-1.0	-2.4	-2.1	2.3	0.4	0.0	-1.2	-0.7	-1.9
Y275	2.6	2.2	3.7	3.4	4.0	3.1	2.9	2.0	2.3	3.4	0.0	2.5	1.1	-0.9	7.9	3.9	4.0	1.9	0.0	3.8
G276	0.0	3.1	18.4	14.8	13.9	7.9	22.5	20.9	69.7	21.1	16.3	23.8	18.2	56.6	13.8	5.8	12.5	76.8	42.9	13.2
I277	1.1	1.5	0.7	0.4	1.1	1.1	0.7	0.2	1.2	0.0	-0.2	0.1	0.3	-0.5	4.4	0.3	0.1	0.1	-0.3	0.2
L278	2.6	1.7	1.2	2.3	2.4	2.0	1.5	1.4	1.9	0.2	0.0	0.7	-0.1	0.7	5.0	2.8	2.1	0.4	0.4	0.8
F279	5.9	4.3	7.1	4.3	5.8	4.5	5.3	3.4	3.1	4.2	1.1	3.8	1.0	0.0	9.9	5.6	4.3	4.3	2.4	3.1
G280	0.0	0.4	22.8	14.2	15.7	4.2	14.3	13.7	61.5	15.3	16.7	18.5	11.0	39.1	3.8	2.7	8.5	50.9	44.3	11.1
C281	0.7	-0.4	-0.7	-0.5	0.5	0.0	-0.8	-0.8	-0.7	-1.8	-1.8	-1.3	-2.5	-1.5	2.0	-0.3	-0.7	-0.6	-0.4	-1.3
G282	0.0	4.0	26.3	18.6	20.1	9.3	23.3	21.8	71.8	20.9	22.6	25.2	17.5	39.5	10.0	7.2	14.8	42.1	42.7	17.5
C283	1.9	-0.3	3.7	-0.2	2.3	0.0	2.1	0.1	4.3	1.3	-1.9	-2.5	-2.9	5.3	1.6	1.2	0.4	9.0	10.6	1.6
S284	1.0	-0.7	10.0	5.9	8.0	1.2	9.4	9.4	61.2	6.0	6.9	7.7	2.1	17.8	3.8	0.1	1.0	23.7	19.2	1.1
F285	3.2	1.7	1.6	2.3	3.4	2.4	2.2	1.7	1.6	2.9	0.1	1.0	0.0	0.0	5.0	2.4	3.0	0.0	-0.8	3.4
A286	1.4	0.0	2.5	0.6	1.7	-0.2	1.4	0.0	7.9	0.5	-2.3	3.6	-2.4	2.5	5.3	0.5	0.1	13.2	3.7	-0.3
F287	3.6	2.1	1.7	3.1	3.6	2.5	2.7	1.8	1.7	1.1	-0.5	2.0	0.0	0.1	10.9	3.6	2.9	-1.8	0.6	2.2
Q288	1.4	0.6	1.1	1.7	1.8	0.8	1.2	0.0	1.1	0.0	-0.8	0.5	-0.9	-0.3	2.6	1.6	1.5	-0.2	0.2	-0.5
P289	3.5	2.3	19.8	5.6	7.8	4.1	6.7	8.2	48.8	4.3	9.3	12.9	3.5	12.6	0.0	2.7	4.2	32.1	16.5	4.3
S290	2.1	0.6	13.8	5.9	7.5	2.0	6.7	5.9	42.0	3.3	2.5	8.2	4.3	16.9	1.4	0.0	1.0	18.6	21.3	2.4
L291	1.8	1.1	0.7	1.4	0.8	1.1	0.0	-0.1	0.8	0.4	0.0	0.4	-0.2	0.7	1.4	1.6	0.8	1.0	0.6	1.1
V292	1.0	0.1	0.6	0.7	0.1	0.5	-0.3	-0.1	0.8	-0.9	-1.0	0.1	-1.0	-0.4	2.1	0.7	0.5	0.0	-0.1	0.0
I293	4.1	2.6	4.1	3.5	3.2	2.5	2.9	2.2	3.3	0.0	0.2	3.5	0.1	0.0	6.0	3.2	2.1	2.3	0.4	0.8
L294	4.0	2.9	2.5	3.6	4.1	2.9	3.4	2.0	5.5	1.2	0.0	2.6	-0.1	6.2	5.0	3.2	2.3	10.8	10.5	2.5
G295	0.0	-1.0	-1.3	-0.8	-0.1	-0.4	-1.3	-1.2	-0.3	-1.2	-1.4	-1.3	-2.0	-1.3	1.1	-0.5	-0.4	-0.9	-1.5	-0.4
H296	1.3	0.1	-0.2	0.1	0.8	0.7	0.1	0.0	0.0	-0.2	-0.6	-0.4	-1.1	-0.4	0.6	0.2	-0.2	-0.8	-0.4	0.7
Y297	5.2	4.0	3.8	3.5	5.0	3.3	4.1	4.1	2.4	1.2	2.6	3.8	1.9	0.5	5.8	4.4	3.0	0.1	0.0	2.8
F298	3.2	2.3	1.4	2.6	2.5	2.0	2.1	1.7	1.3	1.9	0.4	1.5	-0.1	0.0	2.8	2.8	3.0	1.8	0.8	2.1
Q299	0.7	0.4	-0.2	0.7	0.7	0.7	0.6	0.0	0.3	0.4	0.2	0.1	0.3	0.1	-1.3	0.5	0.4	0.3	0.3	0.8
R300	0.3	0.1	0.1	0.3	0.1	0.2	-0.3	-0.1	0.5	-0.2	-0.5	-0.1	-0.7	0.3	0.2	0.3	0.2	0.3	0.3	0.1
R301	0.4	0.1	0.0	-0.5	-1.2	0.2	0.0	0.1	0.2	-0.5	-0.8	0.0	-1.6	-0.3	1.8	0.5	0.5	-0.8	-0.2	0.2
L302	1.5	0.8	1.0	1.6	0.8	1.4	0.6	1.1	1.8	0.2	0.0	0.7	0.3	-0.6	1.9	1.5	1.9	1.3	0.4	1.1
G303	0.0	-0.3	-0.5	-0.6	-1.4	-0.1	-1.2	-0.9	0.1	-0.4	-0.5	-0.5	-0.6	-1.3	-2.0	0.0	0.0	-0.4	-1.3	-0.1
L304	1.7	0.9	0.9	1.3	0.7	1.4	0.3	0.3	1.1	0.5	0.1	0.6	-0.5	0.1	0.0	0.9	1.0	0.0	0.2	1.0
A305	2.2	0.0	3.6	2.8	3.0	0.6	1.6	2.8	22.1	-1.6	0.0	4.0	-1.5	14.2	3.8	1.7	1.7	8.9	18.6	1.0
N306	1.0	0.4	0.1	0.0	0.4	0.7	-0.4	0.1	0.4	-0.7	-1.0	-0.4	-1.6	-1.7	2.7	0.3	0.3	-0.8	-1.2	0.4
G307	0.1	-1.2	-0.3	-0.8	0.0	-0.4	-0.3	-0.6	-0.6	-0.8	-2.1	-1.5	-2.1	-1.3	2.7	0.2	-0.3	1.6	-0.7	-0.6
V308	1.7	0.7	0.3	0.4	0.9	0.7	0.1	-0.1	0.2	-0.7	-0.8	-0.1	-1.1	-0.7	1.5	0.8	0.2	-0.8	-0.5	0.0
V309	3.3	1.7	3.0	3.3	3.1	1.4	3.0	2.6	39.9	1.7	0.4	1.5	-0.2	6.2	3.7	2.4	1.6	15.6	9.7	0.1
S310	0.8	-0.2	-0.6	-0.2	0.6	0.5	0.1	-0.1	0.0	0.3	-1.1	-0.9	-1.1	-0.9	3.3	0.0	-0.3	-1.4	-0.6	0.7
A311	1.3	0.1	-0.1	-0.3	1.6	0.3	0.3	0.1	-0.4	0.9	-1.0	-0.4	-1.3	-1.0	5.3	0.2	1.0	-0.9	-0.8	0.9
G312	0.1	-0.4	-0.3	-0.6	0.6	0.2	0.2	0.1	0.1	1.1	-1.1	-0.7	-0.9	-0.2	4.3	0.5	0.9	-1.6	-0.2	1.8
S313	0.3	-0.9	-0.2	0.7	0.9	-0.7	-1.7	-0.2	21.5	-2.1	-0.3	0.3	-2.0	6.3	0.4	0.0	-0.7	7.4	6.5	-1.6
S314	1.0	-0.5	1.8	1.8	3.1	0.7	3.4	3.1	17.3	0.6	1.3	2.4	2.3	5.9	-1.9	0.0	0.2	9.1	6.6	0.4
I315	0.9	0.3	-0.4	0.7	1.0	1.0	0.5	0.0	0.7	0.0	-0.2	-0.6	-0.3	0.0	0.6	0.1	0.2	-0.5	0.0	0.6
F316	4.5	3.5	3.0	4.2	5.5	3.7	4.4	3.0	2.4	1.2	1.2	2.5	0.9	0.0	4.0	4.1	3.2	4.2	0.5	2.1
S317	0.5	0.2	-2.4	-0.4	1.4	0.6	1.2	0.4	0.9	0.7	-0.7	-1.3	-0.8	-1.0	2.4	0.2	1.9	-0.4	-0.4	1.3
M318	3.0	2.0	0.5	2.9	4.5	1.9	2.7	1.4	5.5	1.6	0.7	0.9	0.0	4.7	6.4	2.1	2.5	5.0	4.0	2.3
S319	0.7	0.4	0.0	-0.3	0.2	0.1	0.1	0.2	-0.2	-0.4	-0.5	-0.1	-1.1	-0.3	3.7	0.0	0.9	-0.2	-0.3	0.8
F320	5.0	4.4	3.6	2.2	3.8	3.9	4.3	3.1	3.3	3.4	1.9	3.0	1.5	0.0	8.2	3.9	3.3	0.7	0.4	3.9
P321	4.4	2.9	10.0	5.1	4.9	3.7	7.2	7.3	10.3	3.5	4.5	4.4	2.8	16.1	0.2	3.6	2.9	14.1	15.0	3.0
F322	1.8	0.7	0.5	1.1	1.2	1.2	0.3	0.2	1.5	0.2	-0.2	0.4	-0.3	0.0	-0.2	1.8	1.3	0.5	1.2	0.8
L323	4.1	2.7	1.5	2.4	3.2	2.8	2.3	1.6	2.6	1.0	0.0	1.6	0.2	0.6	4.1	3.1	2.2	1.2	0.9	1.5
I324	4.9	2.8	9.3	2.9	4.6	2.9	4.8	3.5	7.8	0.2	1.3	3.7	0.3	6.4	6.3	3.5	1.9	17.3	10.4	0.5
R325	2.7	1.3	0.0	1.8	3.7	1.8	3.2	1.6	1.6	0.6	-0.7	-1.1	-0.7	0.2	5.6	2.6	3.1	1.7	0.6	1.6
M326	2.0	1.4	0.8	0.8	2.0	1.2	1.1	1.1	1.1	1.0	0.4	0.8	0.0	0.4	4.2	1.7	1.5	1.1	0.5	1.4
L327	4.6	2.9	2.5	2.5	4.4	3.2	3.3	2.8	2.2	1.4	0.0	2.1	-0.3	0.2	6.6	3.7	2.4	0.4	0.5	2.4
G328	0.0	-1.7	5.2	4.0	3.3	-0.2	6.6	5.3	35.6	0.0	2.5	6.8	2.0	9.4	3.6	-1.4	0.6	24.2	11.8	-1.4
D329	0.9	0.0	-0.2	-0.4	0.0	0.4	-0.4	-0.8	0.0	0.1	-0.3	-0.3	-0.5	0.0	3.6	0.1	0.4	0.0	0.1	0.7
K330	1.7	0.5	-0.2	0.5	1.3	1.2	0.5	0.1	0.4	0.6	0.0	0.0	-0.6	0.0	5.3	0.7	0.5	-0.2	0.1	1.5
I331	1.5	1.6	0.7	1.1	2.0	1.2	1.5	1.1	0.9	0.0	1.1	0.6	0.0	0.6	3.3	1.5	1.8	0.5	0.8	0.9
K332	-0.4	0.7	0.4	-0.9	-2.3	0.0	-0.3	0.4	-0.3	1.3	0.2	0.0	-0.6	1.1	2.9	-0.8	0.5	2.1	1.6	1.3
L333	3.9	3.0	3.4	3.5	2.8	2.8	2.9	2.3	3.4	0.3	0.0	2.7	-0.2	1.5	0.9	3.7	2.7	1.7	1.8	1.7
A334	0.7	0.0	-1.2	0.0	0.4	0.5	-0.5	-0.3	0.3	0.3	0.0	0.1	-0.5	0.1	-1.0	-0.1	0.4	0.0	0.2	1.0
Q335	1.3	0.1	0.0	0.4	0.0	0.1	-0.2	0.0	0.5	-0.3	-1.0	-0.5	-0.8	-0.8	-0.2	0.8	1.0	0.2	-0.7	0.1
T336	2.5	0.6	8.9	1.9	3.0	0.4	2.9	1.8	40.0	0.2	-0.9	4.4	-0.3	8.5	1.5	1.3	0.0	19.6	13.3	-1.8
F337	3.2	1.9	3.2	2.7	2.6	2.2	2.6	2.2	1.8	1.4	0.3	2.8	0.0	0.0	3.3	2.6	2.5	-0.9	0.5	2.4
Q338	0.5	-0.3	-0.3	0.2	0.7	0.0	-0.6	0.0	0.4	-0.2	-0.9	-0.5	-1.4	-0.4	5.1	-0.5	0.4	-0.4	-0.4	0.3
V339	2.4	1.1	0.4	0.7	1.8	1.2	0.5	0.3	0.6	-0.3	-0.3	-0.2	-0.6	-0.2	5.6	1.2	0.4	0.5	0.0	0.0
L340	5.8	4.4	8.8	3.5	5.5	4.2	4.4	3.8	5.1	1.7	0.0	5.3	0.7	3.5	6.7	5.0	4.0	13.3	6.1	3.2
S341	0.9	-0.6	2.4	6.1	6.2	1.7	4.4	3.8	49.7	5.1	4.1	2.3	1.0	10.0	4.7	0.0	1.7	15.7	10.4	4.9
T342	1.3	0.3	0.4	0.8	0.4	0.7	0.1	0.0	0.9	0.2	-0.1	0.1	-0.4	-0.1	0.3	0.2	0.0	-0.3	-0.1	0.8
F343	3.8	2.4	1.9	3.1	3.2	2.2	2.3	1.8	2.1	0.4	0.8	1.4	0.7	0.0	3.2	2.7	1.9	1.2	0.4	0.9
M344	5.1	3.7	5.3	3.9	5.0	3.1	3.5	3.2	3.3	2.1	0.9	3.2	0.1	4.8	4.0	4.0	3.0	7.4	4.2	3.1
F345	3.3	1.9	1.1	1.7	3.1	2.4	1.6	1.0	1.1	2.2	0.1	1.1	0.1	0.0	8.6	2.4	2.1	0.3	0.3	2.6
V346	1.6	0.6	0.0	0.5	1.2	1.0	0.4	-0.3	0.6	-0.5	-1.0	-0.3	-1.0	-1.2	1.9	0.8	0.4	-0.6	-0.9	0.1
L347	4.3	2.6	7.0	2.9	4.9	3.5	4.8	3.7	7.7	1.1	0.1	3.9	0.2	2.7	3.2	4.6	4.3	7.5	2.7	1.9
M348	3.8	2.1	1.2	2.2	3.8	2.3	2.2	1.1	1.9	2.2	0.1	1.2	0.0	1.0	10.2	2.7	2.7	1.5	1.2	1.5
L349	2.5	1.7	0.9	2.0	2.1	1.7	1.2	1.2	1.5	0.6	0.0	0.4	0.2	-0.1	4.2	1.5	0.9	0.1	0.3	1.4
L350	3.3	2.0	1.2	1.7	3.2	2.2	2.1	1.5	1.6	0.9	0.1	0.8	-0.7	0.5	5.7	2.5	2.6	0.3	0.6	2.0
S351	0.8	-0.3	6.1	1.6	4.6	0.2	3.6	2.8	4.9	2.1	0.4	3.2	0.1	6.8	5.6	0.0	0.9	13.0	8.8	2.5
L352	1.0	0.6	-0.6	0.3	1.2	0.7	0.7	0.0	0.1	0.6	0.1	-0.3	-0.2	-0.8	2.5	0.5	0.2	-0.4	-0.4	1.0
T353	0.9	0.2	-0.4	0.0	0.6	0.0	0.3	0.0	0.0	0.2	-1.2	-0.7	-1.2	-1.1	-0.1	-0.2	0.0	-0.7	-1.0	0.6
Y354	4.2	3.5	4.4	3.4	4.3	3.2	4.9	3.5	2.8	3.8	1.2	3.3	0.7	-0.4	2.9	3.9	4.0	5.9	0.0	4.4
R355	1.4	0.7	0.0	0.4	0.5	0.8	0.1	-0.2	0.6	0.2	-0.4	0.1	-0.5	-0.1	2.6	1.1	1.1	-0.3	-0.1	0.6
P356	1.8	1.2	1.7	1.9	1.3	1.6	0.1	1.4	1.6	0.9	0.3	1.4	-0.2	0.7	0.0	1.9	2.1	-0.4	0.9	1.7
L357	2.2	1.5	0.8	1.1	1.3	0.9	1.1	0.8	1.9	0.4	0.0	0.2	-0.2	0.9	-0.1	1.9	1.4	1.4	1.4	1.0
L358	0.9	0.8	0.7	0.8	0.9	0.7	0.5	0.6	0.8	0.3	0.0	0.5	0.1	0.1	0.8	0.9	0.9	0.2	0.2	1.2
P359	2.1	0.6	1.7	2.2	2.5	1.9	1.7	1.7	1.8	0.3	1.0	0.2	-0.7	-0.4	0.0	2.5	2.2	1.3	-0.5	2.0
S360	-0.2	0.0	-0.4	0.0	-0.1	-0.1	-0.3	-0.5	-0.3	-0.2	-0.7	-0.5	1.2	-0.8	2.2	0.0	-0.1	-0.8	-0.8	0.0
S361	0.0	0.0	-0.3	-0.1	-0.2	0.1	-0.1	0.1	0.1	0.1	0.0	-0.1	0.1	-0.3	0.3	0.0	0.1	-0.2	-0.3	0.2
Q362	0.9	0.5	-0.3	0.9	0.9	0.5	0.5	0.0	0.3	0.1	-0.4	-0.1	-0.5	-0.1	3.5	0.6	0.3	0.3	0.2	0.3
D363	0.1	0.2	-0.5	0.1	0.0	0.1	0.0	0.1	0.4	0.2	0.1	0.0	0.3	0.2	1.5	0.4	0.0	0.5	0.2	0.1
T364	1.6	0.4	-0.1	0.0	0.0	0.1	0.0	-0.3	0.0	0.0	0.0	-0.2	-0.3	-0.4	2.4	0.2	0.0	0.0	-0.4	0.1
P365	1.2	0.8	0.7	1.3	0.6	1.1	0.4	0.9	1.4	0.6	0.5	0.7	0.3	0.6	0.0	1.2	1.2	0.9	0.2	1.1
S366	0.0	0.2	0.2	-0.9	-3.0	-0.3	-1.5	0.1	0.2	-0.2	-0.5	-0.1	-0.3	-0.5	-0.7	0.0	0.0	-0.4	-0.5	0.0
K367	0.1	0.2	0.3	-0.1	-1.1	0.6	-0.7	-0.5	0.6	-0.2	-0.7	0.0	-1.0	0.0	-1.1	0.1	-0.1	-0.5	0.1	0.3
R368	0.3	-0.2	0.0	0.2	-0.5	0.5	-1.6	-0.6	0.3	-0.2	-0.3	-0.1	-0.5	0.0	-1.6	0.1	0.2	-0.2	0.1	0.1
G369	0.0	-0.7	-0.4	-0.5	-0.9	-0.1	-1.2	-1.1	-0.3	-0.8	-1.3	-0.8	-1.6	-1.3	-0.2	-0.1	-0.4	-1.5	-1.2	-0.3
V370	1.1	0.1	0.3	0.9	0.2	0.7	-0.3	0.1	1.0	-0.5	-0.5	-0.1	-1.1	0.0	-0.3	0.2	-0.1	0.0	0.1	0.0
R371	0.7	-0.1	0.0	0.0	-0.3	0.5	-0.5	-0.4	0.0	-0.6	-0.9	-0.2	-1.1	-0.6	2.9	0.2	0.2	-0.5	-0.6	0.1
T372	0.6	-0.4	0.0	-0.3	-0.5	0.4	-0.6	-0.7	0.0	-0.7	-0.8	-0.2	-0.9	-0.4	2.4	-0.2	0.0	0.2	-0.3	-0.2
L373	1.4	0.5	0.6	0.5	0.7	1.1	0.1	0.2	0.7	0.1	0.0	0.2	-0.6	0.1	3.7	0.5	1.1	-0.4	0.2	0.7
H374	1.1	0.1	-0.1	0.0	0.4	0.6	-0.2	-0.2	0.0	-0.7	-1.0	-0.6	-1.1	-0.9	3.3	0.2	0.6	-1.0	-0.8	-0.1
Q375	1.2	0.3	0.4	0.4	0.6	1.1	0.2	0.1	0.6	-0.2	-0.2	0.4	-0.7	-0.2	3.2	0.4	0.9	0.0	-0.3	0.5
R376	1.3	0.3	0.0	0.4	0.7	0.8	0.0	0.0	0.5	-0.4	-0.4	-0.3	-0.7	-0.5	3.1	0.5	0.9	-0.6	-0.4	0.4
F377	1.9	0.8	0.5	0.9	1.6	1.5	0.7	0.3	1.2	0.3	0.0	0.3	-0.7	0.1	4.2	1.1	1.5	-0.1	0.2	1.0
L378	1.9	0.9	0.3	1.0	1.7	1.5	1.1	0.8	0.9	0.5	0.0	0.5	-0.1	-0.5	4.6	2.0	1.8	0.0	-0.2	1.4
A379	0.3	0.0	1.0	1.2	1.0	1.2	0.4	0.5	1.3	0.5	0.1	0.5	0.0	0.1	4.1	0.1	1.2	0.1	0.4	0.8
Q380	1.7	0.9	0.5	0.2	0.6	0.1	0.7	0.0	0.5	0.9	-0.3	0.3	0.0	-0.5	2.0	0.4	0.9	0.2	-0.6	1.4
L381	1.5	0.8	0.7	0.2	1.5	0.6	0.8	0.8	1.6	1.1	0.0	0.5	-0.1	1.2	3.1	0.8	0.6	1.3	1.0	1.1
R382	1.2	0.7	0.0	0.6	-0.3	0.8	0.1	0.7	0.5	0.9	0.5	0.6	0.5	0.6	1.6	0.5	1.0	0.7	0.6	1.1
K383	0.4	0.2	-0.2	0.4	0.1	0.5	-0.4	0.1	0.6	0.0	-0.4	0.0	-0.7	-0.7	-1.5	0.4	0.5	-0.5	-0.4	0.5
Y384	-0.2	-0.2	0.2	-0.4	-1.3	0.4	-1.0	-0.6	0.6	-0.4	-0.6	0.2	-0.7	-0.1	-1.4	-0.3	-0.1	0.0	0.0	0.2
F385	3.2	2.3	3.8	3.1	1.7	2.9	2.0	2.4	1.7	3.8	1.3	3.2	0.6	0.0	3.9	3.1	2.6	0.2	0.9	3.8
N386	0.6	-0.2	-0.2	0.0	-1.6	0.5	-0.5	-0.4	0.1	-0.5	-1.2	-0.5	-1.3	-0.9	-1.7	0.1	0.2	-1.8	-0.7	0.2
M387	1.8	0.8	1.6	0.3	0.1	1.3	0.2	0.4	0.7	0.6	-0.1	1.0	0.0	0.7	1.4	1.1	1.3	0.7	0.9	2.3
R388	1.1	-0.2	0.0	-0.1	0.0	0.5	-0.5	-0.3	0.3	-1.1	-0.9	-0.4	-1.4	-0.8	3.3	0.2	0.6	-0.5	-0.7	-0.3
V389	3.6	1.8	4.5	1.4	2.8	2.2	1.1	0.0	3.1	-1.0	-1.3	1.7	-2.0	2.2	5.9	2.2	1.0	4.5	6.5	0.0
F390	1.2	0.2	0.5	0.1	0.8	0.9	0.1	0.4	0.4	0.1	-0.2	0.3	-0.7	0.0	3.6	1.0	1.0	-0.6	0.2	0.6
R391	-0.1	-0.3	0.0	-0.3	0.5	1.0	0.1	0.7	-0.3	1.6	-0.5	0.2	0.1	-0.4	3.1	0.2	1.3	-1.1	-0.2	1.4
Q392	0.9	0.7	1.1	-0.7	-2.7	-0.5	-0.5	0.0	0.2	-1.0	-1.1	0.4	-1.7	-0.4	1.2	0.2	0.2	-1.6	0.5	0.1
R393	1.7	0.9	0.0	0.9	1.3	1.1	0.6	0.7	1.5	0.1	0.0	0.5	-0.2	0.6	-0.9	0.9	1.3	0.6	0.5	0.9
T394	1.4	0.3	-0.5	0.2	0.6	0.2	-0.5	-0.2	0.6	-0.4	-1.3	-0.5	-2.0	-1.5	-0.7	0.3	-0.1	-2.9	-1.2	0.0
Y395	5.6	4.3	4.8	4.5	5.3	4.5	4.6	3.5	3.8	2.4	2.0	3.5	1.4	0.4	5.2	5.3	4.7	2.2	0.0	3.5
R396	1.8	1.1	0.2	0.7	1.3	1.2	0.7	0.4	1.5	0.3	-0.2	0.1	-0.6	0.4	1.9	1.0	0.6	0.2	0.3	1.2
I397	2.8	1.3	2.2	2.7	4.3	1.4	2.3	2.5	3.2	0.1	1.8	-0.2	-1.3	1.6	4.2	2.1	2.7	2.7	3.3	1.2
W398	5.2	4.4	4.0	4.7	5.2	4.3	4.6	3.6	4.0	4.1	1.8	4.1	2.1	0.7	10.7	5.4	3.2	0.0	0.7	3.9
A399	1.8	0.0	-0.1	2.7	3.0	0.4	0.6	0.0	5.2	-0.8	-1.1	-0.2	-1.6	0.0	3.1	0.8	0.5	1.1	1.7	0.1
F400	1.6	0.9	0.6	0.8	1.3	1.4	0.8	0.4	1.2	0.7	0.4	0.4	-0.3	0.0	4.7	1.2	0.7	-0.2	0.1	1.4
G401	0.0	-0.7	13.5	0.3	4.5	-0.2	3.7	1.9	18.7	1.4	1.5	9.2	1.3	9.6	2.7	0.2	-0.1	17.0	13.9	-0.8
I402	5.0	3.3	2.5	2.9	4.6	3.0	3.6	2.4	2.9	0.0	0.0	2.5	0.4	0.4	4.1	3.8	2.9	1.4	0.8	1.3
A403	1.4	0.0	-2.1	0.7	1.4	0.7	0.2	-0.1	0.5	0.1	-1.0	-1.0	-1.2	-0.2	5.3	0.3	0.1	-0.3	-0.1	0.8
A404	1.4	0.0	-0.6	0.5	1.3	0.3	0.3	-1.0	0.2	-1.4	-1.9	-1.0	-1.6	-1.7	2.8	0.4	-0.1	-0.7	-1.4	-1.0
A405	2.2	0.0	8.2	6.3	8.6	1.5	5.3	5.6	10.9	2.6	4.1	5.7	5.0	14.0	4.7	0.8	2.1	24.5	16.9	3.1
A406	1.2	0.0	-0.9	0.9	2.5	0.4	1.2	0.7	0.5	-0.5	-2.8	-0.4	-2.3	-3.1	5.4	0.6	-0.1	0.0	-0.5	2.3
L407	2.5	1.5	0.2	1.5	3.1	1.5	1.6	0.8	1.5	0.3	0.0	0.4	-0.2	0.5	2.6	1.8	1.0	1.2	1.2	0.9
G408	0.0	2.7	18.8	14.2	16.3	7.8	17.2	17.4	35.5	21.0	16.9	19.2	12.1	31.7	10.1	6.9	11.5	41.9	32.3	13.0
Y409	6.4	4.8	4.0	4.5	6.1	4.9	5.1	3.8	3.4	3.6	1.8	3.3	1.6	0.8	9.5	5.8	6.6	1.0	0.0	4.2
F410	3.7	3.1	2.0	3.0	3.4	2.8	3.1	2.9	2.0	2.1	0.9	2.2	1.0	0.3	2.9	3.5	3.9	0.5	0.5	2.1
V411	3.4	1.8	9.8	3.0	4.6	1.9	3.5	4.3	13.8	1.9	1.5	8.4	0.6	9.6	0.1	3.8	2.6	13.5	12.1	0.1
P412	3.4	2.6	1.6	3.1	3.7	2.6	3.1	2.3	5.6	0.9	0.7	2.0	-0.5	2.9	0.1	3.4	2.8	1.5	2.3	1.8
Y413	1.4	0.8	0.4	1.4	1.7	1.1	1.5	0.2	1.2	-0.3	-0.7	-0.1	-1.4	-2.2	0.8	0.7	0.2	-1.6	0.1	0.8
V414	1.2	1.0	0.3	0.4	1.2	0.2	1.7	0.1	2.1	-0.3	-0.9	0.2	-0.8	-0.2	1.2	1.5	0.9	1.4	0.1	0.2
H415	1.6	1.6	3.0	0.1	1.7	1.6	2.4	1.4	0.0	0.5	-1.1	1.2	-1.1	-2.2	4.8	0.7	-0.3	6.4	0.5	1.2
L416	3.7	2.6	1.0	3.0	2.9	2.8	2.3	1.8	2.2	0.4	0.2	2.2	-0.4	-1.3	5.2	3.5	2.9	-1.0	-0.5	1.5
M417	2.6	1.5	2.2	1.7	3.2	1.7	1.5	1.0	3.3	1.7	-0.1	1.0	0.0	2.2	0.5	2.0	1.7	5.5	4.7	0.9
K418	0.5	-0.2	-1.0	0.0	2.2	0.0	1.9	-0.7	-1.1	-1.5	-1.6	0.0	-1.9	-2.0	-1.4	-1.2	-1.8	2.7	-1.3	-1.0
Y419	3.6	2.2	0.1	3.1	1.7	2.2	2.5	1.9	2.6	2.2	0.4	2.2	0.2	-0.3	4.7	2.7	2.5	-1.0	0.0	1.6
V420	2.3	1.7	2.4	2.3	5.1	2.0	5.2	2.4	5.3	0.1	1.5	3.8	-0.1	3.2	2.3	3.1	2.4	7.8	8.3	0.1
E421	0.5	0.1	0.2	0.5	-0.3	0.1	0.1	-0.8	0.6	0.0	-1.0	0.4	-0.8	0.6	-0.1	-1.0	-1.1	1.0	0.6	0.4
E422	1.1	0.1	-0.2	0.6	0.7	0.5	0.0	0.0	0.4	1.1	0.8	-0.5	0.3	-1.0	6.8	0.0	0.9	-0.6	-0.7	0.8
E423	0.6	0.2	-0.6	-1.5	0.4	-0.4	0.0	-0.9	-0.2	-0.8	-1.7	-0.8	-2.1	-0.7	0.0	-0.1	-0.2	-0.5	-0.4	0.5
F424	-0.8	0.3	-0.7	-0.1	0.6	0.2	0.5	-0.1	0.0	2.8	0.4	-0.6	0.3	0.0	5.3	0.2	0.8	0.2	0.0	1.6
S425	0.3	-0.8	1.1	1.1	2.9	-0.1	3.2	0.0	2.7	-1.5	-0.8	0.1	-0.1	2.9	0.9	0.0	0.3	-1.3	3.0	0.3
E426	0.1	0.0	-0.5	-0.1	-0.1	0.2	0.1	-0.2	-0.6	3.7	0.4	-0.3	0.5	-0.1	5.9	-0.5	0.9	-0.5	-0.2	2.0
I427	0.4	0.2	-0.5	-0.1	1.8	0.5	0.5	-0.4	0.2	0.0	-0.2	-0.3	-0.3	0.3	-0.5	-0.3	1.1	0.8	0.5	0.5
K428	0.8	0.7	-0.1	0.6	0.6	1.0	0.5	0.1	-0.1	0.5	0.1	0.0	0.8	-0.3	2.3	1.0	1.4	0.4	0.0	0.9
E429	0.0	-1.6	-0.5	0.1	1.0	0.1	0.1	-0.7	-0.6	-0.2	-1.9	-0.7	-2.4	-3.3	3.9	-0.1	0.7	-2.1	-3.0	0.0
T430	1.5	0.1	5.9	3.1	4.7	0.7	3.3	-0.1	18.1	2.3	4.6	3.5	-0.4	17.3	0.3	0.6	0.0	29.3	23.9	0.8
W431	1.8	1.2	3.7	2.5	2.4	-0.2	1.7	1.4	2.3	1.6	1.7	1.8	1.6	1.2	3.6	0.8	2.7	0.0	0.9	1.3
V432	1.4	0.4	0.4	0.5	0.9	0.6	0.4	0.0	0.4	-0.3	-0.4	0.1	-0.6	-0.3	3.9	0.9	0.2	-0.2	-0.2	0.1
L433	3.9	2.4	2.9	2.0	4.1	2.6	3.6	2.7	3.2	2.2	0.0	2.8	0.3	1.3	4.4	3.0	1.8	5.4	1.6	1.8
L434	2.2	1.1	0.6	2.1	2.2	1.6	1.7	0.8	0.8	-0.1	0.1	0.3	-0.5	-0.3	2.0	1.4	1.1	0.5	0.3	0.8
V435	1.9	0.8	-0.2	1.5	1.7	1.1	0.4	0.2	0.8	-0.7	-0.7	0.0	-0.6	-0.2	4.0	1.2	1.5	0.0	0.1	0.0
C436	1.2	-0.7	-0.7	0.3	1.3	0.1	-0.3	-0.8	-0.2	-0.9	-2.2	-1.2	-2.2	-2.4	2.3	0.9	1.1	-1.2	-2.1	-0.5
I437	2.9	1.9	1.3	1.8	2.9	1.9	2.9	1.3	1.6	0.3	-0.1	0.6	-0.5	0.8	3.7	2.1	1.2	0.1	-0.6	0.9
G438	0.0	0.5	2.8	5.1	6.4	2.2	3.6	2.0	58.9	7.9	3.0	3.4	1.2	10.2	3.1	2.5	4.5	8.4	11.7	6.5
A439	1.2	0.0	-0.2	0.4	0.3	0.6	-0.4	-0.6	-0.1	-0.1	-0.5	-0.5	-1.3	-1.2	5.6	0.1	0.4	-0.8	-1.1	0.3
T440	1.8	0.5	-0.1	0.0	1.5	0.1	0.6	-0.4	-0.1	0.1	-1.2	-0.6	-0.9	-1.2	1.7	0.6	0.0	-0.5	-0.9	0.3
S441	0.9	-0.5	-0.5	2.0	3.9	-0.1	2.1	-0.4	4.9	0.4	-1.4	-1.2	-1.6	9.1	8.3	0.1	-0.5	8.1	11.2	0.4
G442	0.0	-0.2	0.2	0.3	2.7	0.0	1.2	0.2	0.9	0.3	-1.2	-0.1	-1.3	0.6	7.9	0.3	0.5	1.6	1.5	0.5
L443	1.3	0.9	-0.1	0.8	0.9	1.0	0.4	0.2	0.8	0.6	0.0	-0.2	-0.5	0.1	0.5	0.5	0.7	0.4	0.2	1.0
G444	0.0	-1.8	-1.1	1.7	2.3	-0.4	0.7	-0.2	16.5	1.3	-1.3	-0.7	-2.0	9.8	4.2	-1.1	0.8	6.8	9.1	0.5
R445	2.1	0.7	0.0	1.0	2.3	1.2	2.0	0.7	1.7	0.2	-0.3	-0.1	-0.4	-0.6	3.5	1.0	0.6	0.4	0.0	0.8
L446	2.1	1.3	0.0	1.8	1.8	1.1	1.0	0.3	1.9	0.6	0.1	0.5	-0.1	0.6	2.1	1.0	0.8	0.6	1.4	1.2
V447	1.0	0.2	-0.1	0.7	0.7	0.6	0.0	-0.4	0.5	-1.1	-0.5	-0.4	-0.9	-0.4	3.0	0.6	0.2	-0.5	-0.1	0.0
S448	1.3	-0.1	-1.1	-0.1	0.2	-0.3	-0.3	-1.0	-0.5	-0.2	-2.2	-1.3	-1.8	-2.1	1.5	0.0	0.5	-3.4	-2.1	0.3
G449	0.0	0.7	1.9	1.7	2.3	1.8	2.2	1.7	2.0	3.5	1.1	1.9	0.8	1.1	7.2	2.0	3.5	1.7	1.4	3.1
H450	0.0	-0.4	-1.8	-0.2	-0.2	-0.4	-0.6	-0.9	0.0	-0.4	-0.9	-1.0	-0.9	-0.1	-0.6	-0.7	-0.4	-0.1	0.0	-0.1
I451	1.1	0.3	-0.4	0.3	0.6	0.6	0.1	-0.1	0.4	0.0	-0.7	-0.6	-1.6	-1.2	0.7	0.4	0.3	-1.0	-0.8	0.5
S452	1.2	-0.7	5.7	2.3	3.3	0.8	7.5	6.0	10.4	0.5	2.9	2.9	0.8	10.6	3.6	0.0	1.5	17.5	11.8	0.3
D453	0.3	-0.1	-0.2	0.3	0.0	0.2	-0.6	-0.5	0.1	-0.2	-0.7	-0.6	-0.7	-0.9	3.5	-0.3	-0.1	-0.8	-0.7	0.2
S454	0.3	0.7	0.1	0.1	1.3	0.0	0.8	0.5	0.1	1.1	0.2	0.3	0.3	0.1	1.9	0.0	1.0	0.2	0.1	1.1
I455	4.0	2.6	1.9	2.4	3.6	1.9	2.6	2.4	2.8	0.0	0.8	1.6	0.6	1.0	6.6	3.1	1.9	1.3	1.2	0.6
P456	1.2	1.4	1.7	1.0	-1.9	1.7	-1.2	1.5	1.5	1.0	1.8	1.3	0.6	1.3	0.0	1.4	0.9	1.2	1.9	1.4
G457	0.0	0.5	-0.1	0.4	0.6	1.2	-0.3	0.4	0.6	0.5	0.5	0.9	0.5	0.5	-1.6	1.2	1.4	1.4	0.8	0.9
L458	2.0	1.1	1.2	1.7	0.7	1.5	-0.7	0.7	1.4	0.6	0.0	0.7	0.2	0.2	0.4	1.7	1.9	0.3	0.4	1.3
K459	2.1	0.9	0.4	1.1	0.6	0.9	0.1	0.5	0.8	0.0	-0.5	0.0	-0.4	0.2	2.5	1.4	1.5	0.0	0.2	0.5
K460	2.9	1.4	-1.0	1.6	4.4	1.6	3.8	1.6	9.5	-0.4	-0.5	0.0	-0.2	10.7	-0.4	2.1	1.1	6.8	13.2	-0.4
I461	3.1	1.9	2.4	1.8	3.4	2.2	1.8	1.2	2.3	0.1	-0.2	1.8	-0.8	2.1	1.7	2.8	1.7	1.0	2.4	0.9
Y462	2.8	2.0	1.7	2.4	2.6	2.2	1.3	1.6	2.3	1.2	0.7	1.4	-0.1	0.1	2.4	2.0	1.8	-0.7	0.0	2.1
L463	3.5	2.0	1.6	2.3	3.2	2.6	2.1	2.0	2.3	1.4	0.0	1.3	-0.4	0.3	4.6	2.5	2.9	0.8	0.5	2.4
Q464	1.8	0.2	3.9	0.4	1.2	0.1	1.8	0.0	7.0	-1.8	-2.4	2.4	-1.7	6.4	6.2	0.5	1.3	14.2	16.0	-0.6
V465	2.6	1.3	1.2	3.4	3.6	1.2	1.3	1.3	0.3	1.5	1.2	0.7	-0.6	0.2	0.8	1.6	0.8	0.9	-0.1	0.0
L466	2.1	1.2	0.5	1.7	1.3	1.6	0.8	0.7	1.4	0.4	0.0	0.6	0.1	0.3	1.9	1.8	1.6	0.5	0.5	0.9
S467	1.0	-0.7	7.8	7.3	5.7	0.9	10.8	11.7	6.3	5.2	9.3	11.2	9.3	36.9	-0.5	0.0	2.3	56.3	47.2	2.8
F468	5.1	3.6	5.3	4.6	4.5	3.9	4.4	2.7	3.0	2.7	0.7	3.8	0.8	0.0	4.7	4.4	3.1	2.7	1.6	3.2
L469	2.8	1.3	1.0	2.0	2.3	1.9	1.0	1.2	1.6	1.2	0.1	0.7	-0.1	-0.2	8.4	1.7	2.1	-0.1	0.2	1.7
L470	2.7	1.6	1.3	1.3	2.0	2.1	1.4	1.4	1.8	0.4	0.0	0.9	-0.2	0.5	5.0	1.9	2.0	0.2	0.7	1.5
L471	3.1	1.8	3.6	1.7	2.2	1.9	2.0	1.9	0.3	1.5	-0.3	0.8	-1.0	1.5	5.1	2.8	1.8	10.5	5.3	1.2
G472	0.0	1.0	12.2	11.8	11.7	5.4	24.3	24.5	40.4	12.5	13.9	26.7	19.1	20.4	10.3	4.2	9.1	23.5	22.5	9.7
L473	2.5	1.5	0.9	1.1	1.8	1.6	1.1	1.2	1.4	1.6	0.0	0.6	-0.2	0.6	3.8	1.8	2.6	0.3	0.6	2.5
M474	3.5	1.5	1.7	2.6	4.2	3.0	3.4	2.1	1.9	1.0	0.6	1.8	0.0	0.5	6.2	3.1	2.9	2.7	1.2	1.8
S475	1.2	-0.5	4.2	-0.4	2.2	-0.3	0.9	-0.1	34.3	-0.4	-2.9	2.5	-2.2	5.8	2.1	0.1	0.5	11.6	7.1	0.7
M476	3.4	2.1	1.4	2.6	3.1	2.3	2.0	1.4	2.3	0.6	0.4	1.0	0.0	0.7	7.3	2.3	1.9	0.4	0.9	1.7
M477	2.8	2.0	1.3	1.6	2.1	1.5	1.5	1.5	2.1	0.3	0.8	1.3	0.0	1.6	6.7	2.3	1.6	1.3	1.6	1.2
I478	2.6	2.4	0.6	2.3	3.3	2.1	2.9	1.8	1.5	0.0	-0.2	0.0	0.0	-0.6	4.3	2.8	1.9	0.7	-0.2	0.2
P479	4.5	3.4	4.0	4.5	5.5	4.1	4.7	4.8	4.5	6.5	7.4	4.8	3.3	4.8	0.0	4.4	5.6	3.8	4.7	4.0
L480	1.2	0.9	-0.6	0.1	0.9	0.7	1.0	0.6	0.2	1.5	0.0	-0.2	-0.3	-0.2	3.9	0.8	1.5	0.1	-0.2	1.7
C481	0.7	-0.6	1.4	-0.7	0.7	0.0	1.7	0.5	3.5	-1.8	-1.4	0.5	-1.6	-2.7	0.3	0.0	-0.8	0.4	-0.4	-1.0
R482	-0.6	1.1	0.0	0.7	-0.5	0.7	0.8	0.1	0.5	1.1	0.5	0.2	0.0	0.0	5.7	-1.2	0.7	0.2	0.2	1.5
D483	1.1	1.0	0.3	0.8	0.0	0.6	0.1	0.5	0.7	0.7	0.7	0.1	0.6	-0.4	3.8	0.1	0.3	0.6	-0.2	0.8
F484	0.6	0.3	0.6	1.0	1.0	0.5	0.6	0.3	1.3	0.4	0.0	0.6	-0.4	0.0	-0.4	0.4	0.2	0.5	0.3	0.6
G485	0.1	0.2	0.0	-0.9	-0.5	1.1	0.6	-0.1	0.5	0.5	0.2	0.1	-0.4	0.1	0.4	-0.4	-0.6	-0.2	0.3	0.7
G486	0.0	-0.2	0.6	0.9	0.9	0.2	0.4	0.2	1.7	1.9	0.1	0.3	-0.8	0.3	0.6	0.1	0.5	-0.3	0.9	1.9
L487	3.9	2.7	2.1	3.3	3.5	2.9	3.1	2.6	2.5	1.7	0.0	3.4	-0.3	1.2	1.7	3.6	3.0	-0.3	0.7	2.4
I488	1.5	0.6	0.5	1.3	1.4	1.0	0.6	0.4	0.8	0.1	-0.3	0.0	-0.4	-0.5	0.8	0.7	0.6	1.7	-0.6	0.4
V489	0.4	-0.1	-0.3	0.2	-0.2	0.5	-0.5	-0.7	0.0	-0.6	-0.6	-0.7	-1.3	-1.2	1.1	-0.2	-0.4	-2.1	-1.0	0.0
V490	2.7	1.2	1.0	1.5	3.6	1.3	2.4	1.4	4.4	-0.1	-0.3	0.3	-1.9	2.8	2.8	1.8	1.9	3.9	5.5	0.0
C491	1.7	-0.1	4.4	1.5	4.0	0.1	3.9	2.0	6.3	1.7	-0.2	2.9	-2.1	4.3	2.9	0.7	1.2	8.0	9.2	2.2
L492	2.6	1.4	1.1	1.2	2.4	1.7	0.9	1.2	0.9	0.9	0.1	0.7	0.1	0.0	5.0	1.6	1.0	0.8	0.3	1.7
F493	3.2	1.8	1.4	1.7	2.4	2.2	1.7	1.1	1.5	0.5	0.5	1.0	0.0	0.0	4.6	2.1	2.3	0.9	0.3	1.3
L494	4.3	2.8	1.6	2.5	4.3	3.1	3.1	2.7	1.9	2.0	0.2	2.4	0.2	0.8	6.6	3.2	2.3	0.8	1.7	2.8
G495	0.0	3.2	24.6	18.2	20.9	9.7	30.6	28.3	77.7	21.5	30.2	27.8	21.6	50.5	11.5	7.5	13.5	65.5	57.8	15.1
L496	2.5	1.4	0.7	2.0	2.1	1.8	1.0	0.8	1.5	0.4	0.0	0.6	0.0	-0.1	2.9	1.5	1.2	-0.1	0.1	1.4
C497	1.4	0.1	2.9	1.2	2.3	0.0	3.4	0.2	30.2	-1.0	-1.6	5.0	-0.6	-0.8	2.4	1.0	0.4	2.2	0.5	-0.4
D498	1.4	0.7	0.2	0.6	0.2	0.6	-0.1	0.0	0.4	-1.3	-0.8	0.2	-0.9	-1.5	4.3	1.0	0.1	-0.8	-0.5	0.3
G499	0.0	0.8	10.6	11.0	12.2	2.9	17.4	13.8	75.0	12.7	13.0	10.4	6.8	17.5	11.2	2.5	8.1	35.1	19.2	9.7
F500	3.3	2.4	1.7	2.1	3.3	2.4	2.4	1.8	2.0	2.3	0.8	1.7	0.6	0.0	5.9	2.4	1.8	1.6	1.1	2.6
F501	5.1	3.7	3.7	3.7	5.2	3.8	4.7	3.2	3.3	4.6	1.4	3.3	1.1	0.0	9.5	4.6	4.0	2.2	0.8	3.5
I502	1.1	0.8	-0.8	0.8	0.6	0.5	0.4	0.2	0.4	0.0	-0.7	-0.1	-0.7	-1.1	1.4	0.8	-0.1	-1.0	-0.5	0.6
T503	1.4	0.6	2.1	3.4	3.7	0.8	2.2	1.9	21.8	0.5	1.2	2.5	1.3	10.2	1.2	0.7	0.0	16.7	9.4	0.9
I504	3.7	2.5	6.6	2.7	4.0	2.2	4.0	3.8	2.6	0.0	-0.7	3.8	-0.2	6.1	4.3	2.5	1.0	2.0	1.4	0.5
M505	3.4	2.1	1.7	2.8	2.9	2.5	1.8	1.3	2.3	1.8	0.4	1.5	0.1	-0.1	14.5	3.2	3.0	0.3	0.4	2.4
A506	0.8	0.1	-0.8	0.4	-0.1	0.5	-0.5	-0.1	0.4	-0.1	-0.7	-0.9	-1.1	-0.3	2.0	0.8	0.7	-0.7	-0.3	0.5
P507	3.1	2.3	2.3	2.6	3.4	2.6	2.5	2.5	2.8	2.3	1.6	1.9	1.7	1.7	0.0	2.5	1.6	2.3	1.0	1.6
I508	4.8	2.8	4.3	3.9	5.1	2.9	4.0	2.9	4.2	0.0	-0.2	2.5	0.0	2.3	7.8	4.1	3.3	1.9	5.7	0.6
A509	1.0	0.1	0.3	0.1	1.7	0.5	0.8	-0.2	-0.6	0.2	-2.2	0.2	-2.5	-0.6	4.1	-0.3	0.1	-0.3	2.2	0.7
F510	2.0	1.4	0.2	1.4	1.9	1.2	0.7	0.3	0.6	0.4	0.1	0.3	0.2	0.0	1.3	1.5	1.3	0.4	0.4	0.9
E511	0.8	-0.3	0.1	1.1	0.8	0.3	0.0	-0.1	0.4	0.5	-1.9	-0.1	-2.3	-1.0	5.4	0.1	0.9	0.1	1.8	0.3
L512	2.9	2.8	1.3	2.1	3.6	2.0	3.2	2.2	2.5	0.4	0.0	0.7	-0.4	-0.6	4.8	2.6	3.4	0.5	1.1	1.5
V513	2.9	2.1	4.1	0.0	1.9	0.3	1.6	1.7	-0.4	0.3	-1.3	2.2	-0.5	-1.4	3.9	2.2	0.1	4.1	1.0	0.0
G514	0.0	2.4	1.8	2.5	2.6	2.5	2.2	2.3	2.7	3.3	2.2	2.0	2.0	2.3	6.5	2.8	3.6	2.4	2.1	3.8
P515	1.3	0.9	0.1	1.1	1.0	1.1	0.3	0.2	0.2	0.5	0.2	0.2	-0.2	-0.1	0.0	1.2	1.1	0.2	0.2	1.1
M516	0.4	0.2	0.3	0.4	0.1	0.5	0.0	0.2	0.5	0.3	0.2	0.2	0.0	0.0	-0.5	0.4	0.4	0.0	0.1	0.4
Q517	0.0	0.0	0.3	-0.6	-1.1	0.0	-0.1	0.0	0.0	-0.8	-1.9	-0.1	-1.8	-1.1	1.4	-0.5	-0.5	-0.6	-1.0	-0.3
A518	1.6	0.0	7.2	7.2	6.4	2.1	6.4	6.8	42.3	6.2	7.2	6.0	4.1	8.3	5.4	0.9	3.1	5.9	12.4	1.4
S519	0.1	-0.4	-0.1	0.1	-0.3	0.2	-0.5	-0.6	0.1	-0.4	-0.5	-0.2	-0.9	-0.1	-1.1	0.0	0.0	-0.7	0.0	-0.1
Q520	1.2	0.0	0.1	0.5	0.5	0.5	0.0	0.0	1.7	-0.6	-1.4	-0.3	-1.1	0.6	-0.4	0.5	0.2	2.7	1.8	-0.2
A521	1.3	0.0	6.1	2.0	2.1	1.0	1.4	3.0	6.4	0.1	1.7	1.8	-2.6	2.7	2.9	0.4	0.6	7.3	5.3	1.1
I522	1.9	1.0	0.6	1.0	1.1	1.3	0.6	0.2	1.0	0.1	-0.2	0.3	-0.4	0.0	4.5	1.0	1.0	-0.6	0.2	0.8
G523	0.0	-1.4	-1.7	-1.3	-0.4	-0.7	-1.2	-1.3	-0.8	-2.1	-2.5	-1.8	-3.0	-2.3	1.2	-0.9	-0.2	-2.6	-2.3	-1.1
Y524	2.9	1.1	1.1	1.1	2.1	1.4	1.0	1.1	0.6	-0.9	-0.9	0.6	-0.7	-0.3	3.8	2.4	2.2	-0.3	0.0	1.0
L525	4.5	3.0	3.0	3.9	4.7	3.2	2.2	2.2	4.8	1.3	0.0	2.9	-0.5	3.1	9.6	3.4	5.0	2.6	5.6	2.8
L526	2.8	1.5	0.9	1.5	2.6	1.9	1.8	1.7	2.0	3.2	0.1	1.1	0.0	-0.1	4.6	1.7	2.5	-1.6	0.1	3.2
G527	0.1	-0.1	-1.1	0.8	0.5	-0.5	-0.6	-1.3	0.4	-1.4	-1.5	-1.2	-1.8	0.2	0.6	-0.6	-1.2	-0.5	-0.3	-0.7
M528	3.1	1.9	1.6	1.9	2.8	2.4	2.1	1.5	2.0	1.4	1.0	1.2	0.0	1.0	4.3	2.4	2.1	0.7	1.2	2.8
M529	3.8	3.8	3.3	3.9	5.6	3.0	5.0	2.7	8.0	1.9	0.8	1.9	0.0	4.6	6.1	4.3	3.0	4.5	5.1	3.0
A530	1.3	0.0	0.5	2.3	3.7	0.3	2.6	1.8	40.8	0.4	0.6	0.1	-0.9	0.1	1.4	0.6	1.7	0.6	0.5	0.5
L531	0.3	0.4	-0.6	-0.1	-0.4	0.9	0.4	-0.1	0.2	0.1	0.0	-0.1	-0.2	-0.1	0.5	0.3	0.0	-0.3	0.0	0.5
P532	3.4	2.1	1.0	1.8	3.2	2.0	2.2	1.7	1.7	1.7	1.2	1.3	1.3	1.5	0.0	2.6	2.8	0.6	1.5	1.6
M533	3.0	1.7	0.7	1.8	3.4	1.8	2.3	0.9	1.1	0.4	0.2	1.0	0.0	2.3	1.8	1.8	1.0	2.2	2.5	0.8
I534	2.1	1.2	0.9	2.4	3.0	1.4	1.7	0.9	20.5	0.0	0.6	1.0	-0.2	3.6	2.2	1.3	0.5	6.9	3.9	0.4
A535	1.2	0.0	-0.3	-0.6	0.6	0.5	-0.2	-0.1	0.2	-0.2	-1.5	-0.6	-1.4	-1.0	3.2	0.3	0.9	-1.2	-1.0	0.9
G536	0.1	1.7	19.3	9.6	11.9	4.5	10.5	8.9	49.8	14.9	11.8	14.3	7.7	25.8	9.2	3.7	9.5	39.8	26.7	9.7
P537	4.6	3.1	5.4	3.9	5.7	3.3	4.0	2.8	12.1	2.6	2.0	4.8	2.4	10.0	0.2	4.9	4.5	10.0	5.3	3.0
P538	4.4	3.2	2.6	3.6	5.3	3.3	3.1	2.1	4.7	1.4	1.5	2.3	1.7	4.2	0.0	3.7	2.9	3.9	3.5	1.8
I539	2.4	1.1	0.7	0.9	1.4	1.5	0.6	0.2	1.1	0.0	-0.3	0.4	-0.4	-0.1	3.2	1.4	0.8	0.3	0.0	0.7
A540	2.0	0.1	18.8	6.0	6.7	3.1	8.9	13.3	39.4	9.3	6.7	16.3	7.8	31.4	4.5	1.8	3.5	40.6	33.9	5.4
G541	0.0	1.7	12.1	5.2	5.7	3.4	12.3	7.3	33.4	12.3	7.2	10.7	5.1	10.6	6.6	3.6	8.4	31.9	13.8	9.7
L542	2.4	1.0	0.4	0.5	1.4	1.6	0.5	0.2	0.4	1.3	0.0	0.5	0.0	0.0	6.3	1.2	1.3	0.4	0.2	2.2
L543	2.9	1.5	1.2	1.2	2.1	2.1	1.2	1.2	1.0	-0.1	0.0	0.8	-0.2	0.4	3.9	1.9	2.1	0.4	0.5	0.9
R544	0.9	0.1	0.0	-0.3	1.5	-1.8	1.6	0.3	33.1	0.3	-1.8	0.9	-1.6	26.3	4.3	1.2	-0.9	32.8	35.2	-1.5
N545	0.2	-1.1	0.3	0.0	-0.7	-0.6	1.6	1.2	3.3	0.4	-1.1	0.9	-1.1	0.9	2.3	-0.8	1.1	1.5	1.4	0.4
C546	0.4	0.6	0.1	-0.6	1.1	0.0	0.3	-0.3	0.0	-0.7	-0.4	-0.3	-1.4	-0.7	3.0	0.0	0.1	-0.8	-0.7	0.7
F547	1.5	0.7	-0.2	0.2	1.0	0.8	0.3	0.3	-0.1	0.1	-0.6	-0.5	-0.2	0.0	3.2	-0.3	-0.1	0.1	0.1	0.4
G548	0.0	4.0	3.1	4.5	5.2	4.4	4.9	4.6	4.5	5.4	4.7	2.8	4.4	4.8	7.6	4.7	5.6	4.6	4.8	5.5
D549	0.9	0.5	-0.4	0.4	0.0	0.3	0.1	-0.4	0.3	-0.2	0.5	-1.0	-0.4	0.3	3.3	0.2	0.3	0.5	0.3	0.1
Y550	2.7	1.4	1.1	1.9	2.3	1.7	2.3	1.3	1.9	2.9	0.6	1.5	0.0	0.8	0.2	2.4	2.3	4.9	0.0	1.3
H551	0.3	0.0	-0.6	0.9	1.2	0.5	1.0	0.5	0.1	-0.5	-0.1	-0.1	-0.3	-0.4	0.6	-0.8	0.5	1.1	-0.2	0.4
V552	2.0	1.0	1.1	1.0	2.0	1.6	1.1	0.4	1.7	-0.4	-0.5	0.5	-0.7	0.7	1.8	2.5	1.4	0.8	1.0	0.0
A553	1.5	0.1	9.9	4.4	2.7	1.3	2.6	-0.4	23.1	6.7	2.1	8.2	2.8	17.2	2.9	-1.4	0.7	28.3	17.1	3.8
F554	4.0	2.5	1.1	2.7	3.3	3.0	2.6	2.2	1.9	3.1	0.6	0.9	0.5	0.0	2.9	3.0	2.4	0.6	1.5	3.0
Y555	2.9	1.9	1.3	2.3	2.4	2.3	1.7	1.8	2.0	0.5	0.7	0.7	0.4	-0.3	5.2	2.2	2.5	0.7	0.0	1.4
F556	4.1	2.9	2.5	3.5	3.7	3.1	2.8	1.9	3.0	2.3	1.6	1.9	0.3	0.0	6.5	3.3	3.3	1.2	1.1	2.7
A557	1.7	0.1	16.6	6.1	8.0	1.8	8.9	6.6	32.2	6.8	9.7	9.5	4.9	25.7	9.0	0.7	4.4	33.4	30.7	4.7
G558	0.0	1.2	10.1	5.4	8.6	2.3	9.1	6.6	36.5	10.5	15.3	9.5	9.4	9.6	9.5	4.9	6.6	15.1	11.3	5.7
V559	1.1	0.3	-0.1	0.2	0.9	1.0	0.2	-0.1	0.5	-0.6	-0.4	-0.1	-0.3	-0.4	3.0	1.3	0.4	-0.5	-0.3	0.0
P560	3.9	2.6	1.4	2.4	4.6	2.8	3.3	1.9	1.7	4.0	0.9	2.1	1.1	0.6	0.0	3.1	5.0	1.9	0.9	4.7
P561	4.9	3.2	9.2	6.3	5.7	3.3	5.9	4.6	43.6	5.1	4.0	6.4	4.5	26.7	0.1	4.1	2.9	31.5	21.3	2.9
I562	2.9	1.8	1.3	1.5	2.5	1.6	1.7	1.5	2.0	0.0	-0.5	1.1	-0.3	1.0	3.3	1.9	1.7	0.6	1.1	1.0
I563	2.0	1.1	0.3	1.4	1.4	1.5	0.8	0.4	1.2	0.0	0.1	0.3	-0.2	-0.1	3.4	1.3	0.7	-0.1	0.0	0.8
G564	0.1	-0.5	12.5	6.9	8.0	0.0	9.0	8.2	34.7	9.3	6.9	15.0	6.7	17.8	6.9	0.4	4.6	21.4	15.8	5.0
A565	1.3	0.0	1.1	3.0	4.1	1.6	2.8	1.8	28.9	3.2	2.7	1.2	-1.0	0.7	6.0	0.8	2.3	3.0	0.5	2.8
V566	1.0	0.1	-0.2	0.2	0.4	0.7	-0.1	-0.1	0.2	-0.8	-0.5	-0.4	-1.1	-0.7	2.0	0.1	-0.3	-0.8	-0.6	0.0
I567	3.6	2.3	1.9	2.4	3.5	2.4	2.3	1.8	2.4	0.0	0.5	1.6	0.9	1.0	5.3	2.7	2.1	1.5	1.3	0.9
L568	3.9	3.1	3.2	2.5	4.1	2.6	4.1	2.4	3.3	1.5	0.0	2.4	0.1	1.0	6.9	3.7	2.7	-1.2	0.5	2.5
F569	3.5	2.7	1.9	1.6	2.8	2.8	1.8	1.3	0.8	4.4	0.3	1.1	0.9	0.0	8.2	3.2	2.1	0.5	0.3	4.0
F570	2.0	1.4	0.7	1.4	1.2	1.4	0.9	0.9	1.1	0.4	0.2	0.5	0.5	0.0	3.3	1.0	1.1	0.3	0.1	1.0
V571	1.8	0.4	0.2	1.1	1.0	1.2	0.2	-0.1	0.4	-0.8	-1.2	-0.3	-1.0	-0.8	3.1	1.6	0.6	-0.7	-0.7	0.0
P572	3.8	2.9	2.9	3.3	2.6	2.8	2.6	3.1	2.1	0.8	0.6	3.0	0.7	-0.7	-0.1	3.7	3.9	3.3	0.8	2.1
L573	2.7	1.6	1.4	1.6	2.3	1.9	1.3	1.4	1.8	1.0	0.0	1.1	0.2	1.0	12.2	1.9	2.5	0.9	1.2	4.4
M574	2.3	1.2	0.9	1.6	1.7	1.8	1.0	0.8	1.5	0.5	0.6	0.9	0.0	0.6	3.1	1.4	1.3	0.6	0.7	1.2
H575	1.8	0.2	0.7	0.6	1.1	0.4	0.4	-0.2	-0.1	-1.3	-2.4	0.5	-2.0	-0.7	3.0	0.8	0.8	-1.9	-0.5	-0.9
Q576	2.3	0.9	0.2	1.4	1.1	1.4	-0.1	0.0	-0.2	-0.8	-1.0	-0.2	-1.3	0.8	5.1	1.2	1.3	2.8	0.2	0.0
R577	1.5	0.1	0.0	0.9	0.7	0.8	0.1	-0.3	0.5	-0.9	-0.8	-0.4	-1.0	-1.0	3.1	1.0	0.8	-0.8	-0.8	-0.2
M578	2.3	1.4	1.5	1.7	1.9	2.0	1.3	1.5	1.7	0.5	0.3	0.9	0.0	0.3	4.5	1.7	2.3	-0.1	0.4	1.5
F579	2.6	1.7	1.6	1.9	2.2	2.2	1.5	1.4	2.1	0.9	0.5	1.1	-0.2	0.2	5.5	2.0	2.2	0.0	1.2	1.8
K580	0.7	0.0	0.3	0.5	2.2	0.3	0.9	0.0	1.2	0.3	-0.1	0.0	-0.3	-1.0	3.6	-0.1	-0.3	-0.5	-0.6	1.0
K581	0.9	0.1	0.1	0.2	0.7	0.8	0.3	0.2	0.5	0.1	0.0	0.0	-0.4	-0.1	3.0	0.2	0.9	-0.4	0.4	0.7
E582	0.9	0.1	-0.4	0.0	0.4	0.8	0.0	0.0	0.2	-0.2	-0.3	-0.1	-0.5	-0.5	3.8	0.1	0.5	-0.8	-0.4	0.6
Q583	1.0	-0.7	-0.3	0.0	1.7	-0.6	0.6	0.0	-0.4	-0.2	-1.7	-0.6	-2.0	-1.1	3.5	0.2	-0.4	-1.2	-0.9	0.6
R584	0.8	0.2	0.0	0.3	1.6	1.0	0.9	0.0	0.6	0.7	0.3	0.0	0.2	0.4	4.8	0.1	0.6	0.9	0.2	1.0
D585	0.1	-0.8	-0.9	-0.6	0.0	-0.2	-0.6	-0.8	-0.2	-0.5	-0.9	-1.1	-1.2	-1.0	4.2	-0.8	-0.1	-0.9	-0.9	0.0
S586	-0.3	0.2	-0.7	-0.6	0.8	0.7	0.8	0.3	-0.7	1.1	-0.2	-0.4	0.0	-0.4	2.5	0.0	1.2	0.3	-0.3	1.4
S587	-1.0	0.7	-0.5	0.0	0.5	0.5	0.6	0.0	-0.2	2.9	0.4	-0.9	0.5	0.3	5.7	0.0	1.6	0.5	0.3	1.7
K588	1.8	0.9	0.3	0.7	1.8	0.9	1.0	0.9	0.5	0.3	0.5	0.0	0.7	0.8	6.1	1.6	1.1	1.2	0.8	0.5
D589	0.2	0.2	0.3	0.1	0.0	0.5	0.3	0.2	0.3	0.2	0.0	0.1	0.2	0.1	-0.3	0.4	0.3	0.3	0.2	0.4
K590	0.6	0.2	-0.1	0.4	0.1	0.4	0.3	0.3	0.3	0.4	0.3	0.0	-0.2	-1.5	2.8	1.2	1.0	0.3	-1.3	0.6
